ProdTaken,lightgbm_prediction,fold
1,0.3052222191933132,7.0
0,0.1438481318377572,1.0
1,0.11075091036459557,2.0
0,0.06079566361660745,4.0
1,0.32452125955360245,4.0
0,0.6298322947192815,3.0
0,0.29650668259604546,6.0
0,0.2241017361577051,3.0
1,0.4755039189546914,3.0
0,0.10508329351488688,5.0
0,0.04168973291520496,4.0
0,0.05912231088396869,3.0
0,0.08754420660536172,3.0
0,0.05776739179542731,6.0
1,0.40634539023659505,4.0
1,0.3661616422546525,6.0
1,0.6278949539463494,3.0
1,0.046130386826874765,1.0
0,0.32772813017678076,2.0
0,0.4728456630221162,2.0
0,0.056066410828459305,5.0
0,0.1856986867373506,5.0
1,0.15098326628756994,5.0
0,0.11534226853755224,5.0
0,0.1549390133196736,7.0
0,0.03589057477378298,2.0
0,0.09990641873644186,3.0
0,0.03488185945821817,6.0
0,0.04310130382413215,4.0
1,0.6982420776617032,1.0
0,0.12440681534262216,4.0
0,0.1344259756611581,6.0
0,0.2591814054459754,4.0
0,0.13779565100974517,3.0
0,0.23635284822638047,7.0
1,0.74359691670105,2.0
0,0.10333450807630715,7.0
0,0.05004094218867144,1.0
0,0.03665097096006658,1.0
0,0.056626612675334295,3.0
1,0.07882189181765732,4.0
1,0.5332318471363026,5.0
0,0.09759740600783615,3.0
0,0.27172201052118666,6.0
0,0.036694172678183645,1.0
0,0.057045956940335533,5.0
0,0.09675701035278907,7.0
0,0.08751037488855191,6.0
1,0.10851681496656683,3.0
0,0.16900897582759838,3.0
0,0.14707385788035485,2.0
0,0.06518744534283769,1.0
0,0.04788980760616215,1.0
0,0.10526732312122276,3.0
0,0.09520938380884822,7.0
0,0.09520938380884822,7.0
0,0.2524316439665325,7.0
1,0.1088509868583679,2.0
0,0.07477580864076441,1.0
1,0.7527762082424689,6.0
0,0.2551256366315342,3.0
1,0.33682938098469517,7.0
0,0.09382918468774248,4.0
0,0.08774691752335555,2.0
0,0.01973702841407484,6.0
0,0.05042925092464838,6.0
0,0.09275530933607044,4.0
0,0.05471390386548378,1.0
0,0.28483650415603484,7.0
0,0.3507588828282768,2.0
1,0.2354538352983134,1.0
0,0.05287365238457794,5.0
0,0.05273356053174742,1.0
0,0.25836849826918745,7.0
1,0.3093130260120171,2.0
0,0.19661093347208558,5.0
0,0.12270017391350585,6.0
0,0.16024707898017546,3.0
0,0.11111145187234824,7.0
0,0.09675701035278907,7.0
0,0.09675701035278907,7.0
0,0.08489616565257743,3.0
0,0.03654169963367461,2.0
0,0.09675701035278907,7.0
1,0.37524079364400953,7.0
0,0.28628491414254964,5.0
1,0.5426142127354832,4.0
0,0.15211622599522515,7.0
0,0.18411168745512302,1.0
0,0.1828994366044559,3.0
1,0.6267991586095447,5.0
0,0.5656492562784957,2.0
0,0.28085253651064945,2.0
0,0.24315707120685173,4.0
0,0.42298147781496365,4.0
0,0.044251693741089566,1.0
1,0.13413729654131673,7.0
1,0.3479003287159164,2.0
1,0.4865761315438845,1.0
0,0.13575782090775754,7.0
1,0.39210934161983957,2.0
1,0.6686433158216099,6.0
1,0.3052222191933132,7.0
1,0.16657917777751421,2.0
1,0.4785334852097914,1.0
0,0.13583726268389448,1.0
0,0.07940524071619363,3.0
1,0.1628611342234058,7.0
1,0.8084582920669253,2.0
0,0.0268705784802093,1.0
0,0.2916659041622367,2.0
1,0.2985024145014597,2.0
0,0.028264299287766966,1.0
0,0.12194137272363488,3.0
0,0.07109212397055516,2.0
0,0.06585070381984064,4.0
0,0.04444651481410175,1.0
0,0.03715783227108544,2.0
0,0.11109962430853236,1.0
0,0.2672464022164394,4.0
0,0.46343085189080346,3.0
1,0.27343958462214923,1.0
0,0.27294227438364616,7.0
0,0.34399014450465154,3.0
1,0.679882039214726,5.0
0,0.1221236637079345,2.0
0,0.09050589734964219,5.0
0,0.1893817725645825,7.0
1,0.09661737620772405,2.0
0,0.07146509090356082,5.0
0,0.11674350400471198,1.0
0,0.03286310467150968,4.0
1,0.26576317865843485,3.0
0,0.05915123998014462,4.0
0,0.09933349341615129,6.0
0,0.04745235195752731,6.0
0,0.08955147198788826,6.0
0,0.05428300534856199,2.0
0,0.4345453507716479,1.0
0,0.3278642246233103,6.0
0,0.04336766446222571,3.0
0,0.09675701035278907,7.0
0,0.15851315247391548,2.0
0,0.5981600401376073,2.0
1,0.43765619533498296,3.0
1,0.17270725661844705,7.0
0,0.28014242960569985,4.0
0,0.15582706243729472,5.0
0,0.4895788070267415,6.0
0,0.157901964134077,1.0
0,0.07900233100934613,1.0
0,0.08946623699856159,5.0
0,0.05962503300069828,3.0
0,0.035851960393228015,1.0
0,0.5594238453869985,3.0
0,0.06657603399491147,3.0
0,0.04815904618553531,6.0
0,0.26084268531598753,3.0
0,0.364785567109232,1.0
1,0.6113404711049035,5.0
0,0.09675701035278907,7.0
0,0.0380995087158512,6.0
0,0.3722447272141016,2.0
0,0.3723069551420416,6.0
0,0.1602475308591493,3.0
1,0.674438279880186,3.0
0,0.4139462252171355,7.0
0,0.055475464983654355,3.0
1,0.09958551472706477,7.0
1,0.47014809829954735,1.0
0,0.0595431762392868,5.0
0,0.11119671316482942,3.0
1,0.48815830537861804,5.0
0,0.12049098727141967,4.0
0,0.07958826368304656,1.0
0,0.04810541796265936,4.0
0,0.35444200085382854,3.0
1,0.6911383221077371,1.0
0,0.06286285560795594,2.0
0,0.45611870824428663,1.0
1,0.2770374743978052,1.0
0,0.09958551472706477,7.0
1,0.31136994617327846,5.0
1,0.41844927690943295,3.0
1,0.24399899572201234,2.0
1,0.44477939853408555,5.0
1,0.5896614441595626,4.0
0,0.06431579842976198,5.0
1,0.42198896187919227,7.0
0,0.2277571633711492,3.0
1,0.20165366638406873,6.0
1,0.5174465363845958,2.0
0,0.19258333969552383,5.0
0,0.07218231199362561,4.0
0,0.10242514886290664,7.0
0,0.1585239708383155,4.0
0,0.33803930372632796,6.0
0,0.04661628975784768,4.0
0,0.048087266339454975,2.0
0,0.07127528652645429,4.0
0,0.04437783062129044,1.0
0,0.0980296462236458,1.0
0,0.23433446380544834,7.0
0,0.13002699520503042,7.0
0,0.1050989232738268,3.0
0,0.04226542232461288,6.0
0,0.05886112892701397,1.0
0,0.09870551547081957,7.0
1,0.6353769793905538,1.0
0,0.09480168374833642,2.0
0,0.5550139984069995,3.0
0,0.05937653343200516,1.0
0,0.14775355260997589,4.0
0,0.2928690324849385,3.0
0,0.0754247839318769,1.0
0,0.09520938380884822,7.0
0,0.05387351794109568,6.0
0,0.060243261621098235,1.0
0,0.08368466034279955,6.0
1,0.15275196115549658,6.0
0,0.13129930944339996,7.0
0,0.10775472878905111,6.0
0,0.5665774508973312,4.0
1,0.5367780827645868,6.0
1,0.33682938098469517,7.0
0,0.0829462794477323,6.0
0,0.10915495034389336,1.0
0,0.05321344294774954,1.0
0,0.08396613897443073,4.0
0,0.10953953200078326,5.0
0,0.07583298623440221,3.0
0,0.09744596470992707,3.0
0,0.016331421067541763,2.0
0,0.06291930754829353,4.0
0,0.02258727670453342,6.0
0,0.0986709719688596,3.0
0,0.10642623111096414,1.0
0,0.05809002193344534,1.0
0,0.14760509715301987,7.0
0,0.044279346673083315,3.0
0,0.16728163871645754,7.0
0,0.1869655277016237,6.0
0,0.1301132356604389,5.0
0,0.051903586205897044,4.0
0,0.13377454203954928,3.0
0,0.05260329091166382,6.0
0,0.06651868817608297,3.0
0,0.03496731640218655,5.0
0,0.07481512852565136,6.0
0,0.06600744910346318,1.0
0,0.018590576301048323,6.0
0,0.18033497624124198,4.0
1,0.41885335019831754,6.0
0,0.09349759915083754,4.0
0,0.635274599853296,6.0
0,0.020728040761856685,1.0
0,0.09520938380884822,7.0
0,0.06718342028560671,2.0
0,0.061300153817918424,6.0
0,0.1486702856604452,2.0
0,0.07994873035698918,2.0
0,0.04532615375774248,2.0
0,0.12917557810107566,7.0
0,0.13810236311558133,4.0
0,0.08188279812578675,1.0
0,0.020575796056899385,6.0
1,0.24141960952594294,4.0
1,0.6762298612973096,6.0
0,0.0972923784175242,4.0
0,0.018964065983051975,6.0
0,0.029005408569022333,4.0
0,0.10983848093047659,1.0
0,0.5697602003331527,5.0
0,0.09199680779018304,2.0
0,0.02465971006027099,1.0
1,0.2189375973635559,1.0
0,0.03286310467150968,4.0
1,0.3052222191933132,7.0
0,0.20034403047063026,5.0
0,0.06109930789732354,3.0
0,0.04210487866178535,2.0
0,0.35831690827818236,3.0
0,0.03942576939340597,1.0
0,0.05822846240389156,2.0
0,0.21836188100033257,7.0
0,0.07159919165324401,2.0
0,0.03847180054220028,2.0
0,0.07376784199642714,5.0
0,0.03914275230314376,5.0
0,0.07377959199875077,3.0
0,0.0625607303298212,1.0
0,0.07184997779192477,1.0
0,0.029942476023879155,1.0
1,0.07032314869430885,3.0
0,0.06319993193503748,4.0
0,0.11079830231786549,3.0
0,0.04671104770554634,3.0
0,0.12173800725104464,5.0
0,0.07780715958963813,2.0
0,0.09520938380884822,7.0
1,0.13742583570488798,4.0
0,0.10494590088742302,4.0
0,0.09958551472706477,7.0
1,0.3503436404483231,3.0
1,0.29419506420817326,6.0
0,0.4317049864641497,2.0
0,0.14071967601732804,6.0
1,0.4748915184454142,1.0
0,0.42198896187919227,7.0
0,0.05689913573613575,6.0
0,0.13795668372013883,7.0
0,0.044279346673083315,3.0
0,0.3390683385876342,1.0
0,0.045489691631874454,6.0
0,0.021895789667421832,6.0
0,0.028237389954848785,1.0
0,0.07695378956356332,3.0
0,0.28580570563190094,6.0
0,0.07952470435925384,1.0
0,0.17141738963379902,3.0
0,0.3660074420481908,3.0
0,0.35543644557029835,3.0
0,0.050577845594923655,1.0
0,0.22965802534348828,1.0
1,0.17636917891924636,7.0
0,0.034045572101196506,4.0
0,0.019916693271203007,1.0
0,0.03300835821425462,4.0
0,0.09520938380884822,7.0
0,0.0658817941517558,5.0
0,0.029696600614759656,1.0
0,0.06594754070802578,3.0
0,0.04671104770554634,3.0
0,0.03253811249962897,4.0
0,0.07153013957297545,3.0
0,0.3899329120640094,1.0
0,0.24594970858468565,7.0
0,0.4819672849873119,5.0
1,0.5126101195393277,4.0
0,0.10639693715765874,1.0
1,0.18462866817690896,7.0
0,0.09520938380884822,7.0
0,0.05964999426920644,2.0
0,0.2047248168714965,4.0
0,0.019574396031110598,1.0
1,0.5711631672098495,2.0
0,0.0352072119999962,5.0
0,0.08870170373451741,2.0
0,0.20289309918861465,7.0
0,0.09675701035278907,7.0
0,0.06275314691712083,5.0
0,0.34124055266614217,4.0
0,0.01878513326707591,2.0
0,0.24021132444960822,6.0
0,0.0940296287203896,6.0
0,0.16397536246780217,3.0
0,0.23345997022076587,5.0
0,0.07602175913886652,1.0
0,0.026103708042613017,1.0
1,0.5413556695041333,2.0
0,0.055958804016674135,4.0
0,0.06724406955783374,4.0
0,0.08956973802092924,3.0
0,0.09520938380884822,7.0
0,0.0352072119999962,5.0
0,0.14378542924030968,1.0
0,0.09799755483679562,7.0
0,0.10415170043783296,2.0
0,0.06019012760871356,2.0
0,0.043649269816886514,3.0
0,0.26792404818827886,3.0
0,0.08246320683411726,1.0
0,0.09675701035278907,7.0
0,0.057833426303931235,4.0
0,0.04302496933987665,4.0
1,0.45102228967072977,1.0
0,0.23761314650374024,6.0
1,0.42198896187919227,7.0
0,0.1606328281885642,4.0
0,0.08341284994074716,4.0
0,0.11952037707335061,7.0
0,0.12937519946464807,1.0
1,0.5590916176874398,4.0
1,0.5677761594074373,4.0
0,0.13542143712299223,4.0
0,0.05171383818886525,1.0
0,0.03363054200363059,1.0
0,0.03300835821425462,4.0
0,0.09520938380884822,7.0
0,0.1702252703072358,5.0
0,0.01854127511815059,6.0
0,0.062443813550441235,5.0
0,0.17171501706701722,6.0
0,0.3813609420721296,2.0
0,0.03983526936605316,1.0
0,0.3160589006318104,5.0
0,0.019287100381466964,6.0
0,0.025594530644797914,2.0
0,0.07745882054974827,3.0
1,0.33572192654730315,2.0
0,0.14111827904747493,6.0
1,0.34299567237833023,2.0
0,0.03286310467150968,4.0
0,0.23251412696678697,1.0
0,0.41421628735529376,6.0
0,0.04351622487594008,1.0
0,0.03973677699274214,5.0
0,0.12172424617378647,6.0
0,0.023519612774643473,6.0
0,0.02222852461498501,2.0
0,0.05248486611074324,4.0
0,0.20924026267629614,5.0
0,0.13413729654131673,7.0
0,0.09519508104112728,7.0
0,0.02308392902692471,1.0
0,0.1373172569646809,6.0
0,0.07654761972202706,4.0
0,0.09259787305604808,3.0
0,0.1579868088251796,5.0
1,0.22250802779160145,7.0
0,0.06958765458992175,5.0
0,0.019097297642417195,6.0
0,0.0380272054096155,5.0
0,0.03468607661551215,5.0
0,0.0210544411636611,2.0
0,0.07608188315233375,2.0
0,0.07729009359491518,6.0
0,0.02405811008412231,1.0
0,0.035080762077796444,4.0
0,0.09675701035278907,7.0
0,0.07800219524018982,4.0
0,0.250178085309164,6.0
1,0.3614818114909437,5.0
1,0.33682938098469517,7.0
0,0.2584625604712827,4.0
0,0.19562431287213228,4.0
1,0.15339204952328264,2.0
0,0.09693689209508428,3.0
0,0.10873515162195097,1.0
0,0.12192647744264597,1.0
0,0.06004981397738601,3.0
1,0.09520938380884822,7.0
0,0.07742194674797735,1.0
0,0.16298922261112164,6.0
0,0.32443375318659273,6.0
0,0.045837288756433184,4.0
0,0.02648421454845508,2.0
0,0.04708789231980918,2.0
0,0.04789758173541719,6.0
0,0.021594148231377775,2.0
0,0.024060780654847964,1.0
0,0.10955278631746332,5.0
0,0.09520938380884822,7.0
1,0.2962426804475282,5.0
0,0.10959478572115183,5.0
0,0.04522904011656349,2.0
0,0.09053886186693197,1.0
0,0.059211076547811006,6.0
0,0.02354816900259394,1.0
0,0.12380458687916454,2.0
0,0.06181535914460528,5.0
0,0.08423732187616224,4.0
0,0.08609961158758477,3.0
0,0.104556919440302,3.0
0,0.2647760466730792,5.0
0,0.4513698265282601,2.0
0,0.03262320001071085,6.0
1,0.053436516825818764,2.0
0,0.026513089617300648,6.0
1,0.07526453902824357,5.0
1,0.34254843837232307,7.0
0,0.045921707571482166,4.0
0,0.057942172688251706,1.0
0,0.07624673894559292,5.0
0,0.03788073811775729,4.0
0,0.06312921491785453,6.0
0,0.03758004577757598,2.0
0,0.27080338491074774,7.0
1,0.7180866678673682,2.0
1,0.16175822902774561,4.0
0,0.5346509061391549,3.0
0,0.04963532126419705,4.0
0,0.1662045689069464,5.0
0,0.03742046846280723,5.0
0,0.038202318763328406,5.0
1,0.09675701035278907,7.0
0,0.09762029024965029,4.0
0,0.26206771821104763,1.0
0,0.09675701035278907,7.0
0,0.07959437083807015,1.0
0,0.040081903881449395,4.0
0,0.025677783951124855,1.0
0,0.0368306292378001,4.0
0,0.03300835821425462,4.0
0,0.09675701035278907,7.0
0,0.14859279735456593,4.0
1,0.05856695432463577,2.0
0,0.05455940856549857,5.0
0,0.043649269816886514,3.0
0,0.03253811249962897,4.0
0,0.10177284000565114,2.0
0,0.13768290768205996,5.0
0,0.07796223888382701,4.0
0,0.1949226059267878,1.0
0,0.09520938380884822,7.0
0,0.043665228493695606,4.0
0,0.041978142129408376,1.0
0,0.0865526146443538,3.0
0,0.06791971639075002,3.0
0,0.043649269816886514,3.0
0,0.027699799106118066,1.0
0,0.03232156310301821,1.0
1,0.11289005028978197,2.0
0,0.09202255069293713,5.0
0,0.10485038252454751,3.0
0,0.05130295640579536,1.0
0,0.018458083781407498,2.0
0,0.032509791733583544,1.0
0,0.1335593780398838,5.0
0,0.2526260759205549,3.0
0,0.13087215037019392,1.0
0,0.06331563912315837,6.0
0,0.04576970943917317,5.0
0,0.025200466312124917,2.0
0,0.09984682818472818,3.0
0,0.01910732462813688,2.0
0,0.15527051522170204,1.0
0,0.043649269816886514,3.0
0,0.0772248238295256,6.0
0,0.025155985441163257,1.0
0,0.012702998376721428,2.0
0,0.09520938380884822,7.0
0,0.05989459044845515,6.0
0,0.042544961804861225,4.0
0,0.078210729677098,6.0
0,0.08543928399116274,6.0
0,0.10423630292761882,4.0
0,0.07655678185607602,5.0
0,0.07335831080682048,4.0
0,0.06807193937053124,1.0
0,0.06594754070802578,3.0
0,0.05390159027439306,2.0
0,0.09520938380884822,7.0
0,0.09926080871909292,6.0
0,0.08308399431821942,2.0
0,0.10053937399829747,3.0
0,0.09675701035278907,7.0
0,0.11401381446356215,2.0
0,0.03960917963997384,5.0
0,0.09745952408211567,5.0
0,0.1893067918155682,6.0
0,0.28821565819054507,1.0
0,0.6404563633523382,1.0
0,0.028891304973411594,2.0
0,0.0974242646065797,6.0
1,0.1628961705847057,7.0
1,0.4731334107534711,1.0
0,0.222951633345063,1.0
0,0.17447366851205512,5.0
0,0.10831075165735843,4.0
0,0.035010316733557874,5.0
1,0.42446778098584637,4.0
0,0.29287475839148247,3.0
0,0.05848187017748488,6.0
0,0.035369816893543723,5.0
0,0.0571165659918313,2.0
0,0.044279346673083315,3.0
0,0.08902099844583314,5.0
0,0.13409867442394902,1.0
0,0.09520938380884822,7.0
0,0.04713415362484817,1.0
1,0.23212042412075332,6.0
0,0.04566840096124989,4.0
1,0.1986875749244144,1.0
0,0.04121245035524645,4.0
1,0.14964847408961554,5.0
0,0.09799755483679562,7.0
1,0.1114112118144495,5.0
0,0.024470571045383686,1.0
0,0.1692723186916944,3.0
0,0.020906204648470806,2.0
0,0.027163281037713205,1.0
0,0.02656634803680608,1.0
0,0.12376820976921823,3.0
0,0.06673363314470573,5.0
0,0.11426677457002925,3.0
0,0.029005408569022333,4.0
0,0.18989742072526028,1.0
0,0.04606458201569602,4.0
0,0.02690117291136291,1.0
0,0.035369816893543723,5.0
0,0.04616908460353859,5.0
1,0.10980110243641139,1.0
0,0.1236242824905023,5.0
0,0.04998532713590505,6.0
0,0.10945548923511368,7.0
0,0.2461995726435775,2.0
0,0.09271400766997948,4.0
1,0.39339415131189975,4.0
1,0.33005153071021565,4.0
0,0.09520938380884822,7.0
0,0.052556413542048895,6.0
0,0.043649269816886514,3.0
1,0.3673222885869007,7.0
0,0.03442226790009574,1.0
0,0.09870551547081957,7.0
0,0.1342337417055872,2.0
0,0.09798287857672697,7.0
0,0.06936218958504317,2.0
0,0.09520938380884822,7.0
0,0.06812895416020698,1.0
0,0.03468607661551215,5.0
0,0.10422685831653644,3.0
0,0.09520938380884822,7.0
0,0.07200939360435375,6.0
0,0.09520938380884822,7.0
0,0.06081193552839706,1.0
0,0.03484930485422617,5.0
0,0.0463489681497479,2.0
0,0.10593729416465618,3.0
1,0.18670467461427198,4.0
0,0.08597490523804628,6.0
0,0.1628961705847057,7.0
0,0.5307855880902902,2.0
0,0.03432223026530028,4.0
0,0.09675701035278907,7.0
0,0.026176527460585235,6.0
0,0.1928529622052765,4.0
1,0.17662997954984333,7.0
1,0.19731554112291416,6.0
0,0.2352046304193137,6.0
0,0.02732191710107162,1.0
0,0.09520938380884822,7.0
1,0.7684028202116356,6.0
0,0.18230568971284986,1.0
0,0.053525735412175854,2.0
0,0.12546156005887057,2.0
0,0.1257588869806725,2.0
0,0.18475224552693537,1.0
1,0.2520787760097536,1.0
0,0.19008556633509874,3.0
0,0.09870551547081957,7.0
0,0.1929174261534007,5.0
0,0.06397582378810929,2.0
0,0.10706589337173571,2.0
0,0.11033838995286456,1.0
0,0.0559233026707532,1.0
0,0.09077215089475586,3.0
0,0.30386333285939077,2.0
0,0.061960172986131434,6.0
1,0.0693464924042666,4.0
1,0.3886966573149143,3.0
0,0.08554150461777102,6.0
1,0.1636316497866501,7.0
1,0.24109113250398254,3.0
0,0.07316271767279173,6.0
0,0.204456239493468,1.0
0,0.285270212410361,3.0
1,0.422312875269013,1.0
0,0.07818864265695477,1.0
0,0.05769476996973578,6.0
0,0.05318641753631225,2.0
0,0.06993259728440848,2.0
0,0.019887141581870257,2.0
0,0.09520938380884822,7.0
0,0.048002340283983896,3.0
0,0.09675701035278907,7.0
0,0.12708357130040807,2.0
0,0.0910336841561168,4.0
1,0.1194831975397794,6.0
1,0.4552808550756815,4.0
0,0.043649269816886514,3.0
0,0.023777899449181635,2.0
0,0.06915327101248894,2.0
1,0.37261181130565524,4.0
0,0.19827831191210651,2.0
0,0.068218393301908,1.0
0,0.14626215006035234,7.0
0,0.08901425469758152,5.0
0,0.053445581973767316,6.0
0,0.044590697386036555,4.0
0,0.18864073201377862,3.0
0,0.11557094127739374,6.0
0,0.044279346673083315,3.0
0,0.14757618273708914,4.0
0,0.06203885477152331,3.0
0,0.04317280916338566,1.0
0,0.014832684744143624,2.0
0,0.11727993980660571,4.0
0,0.07020989534052426,3.0
1,0.12078012412015475,7.0
0,0.09958551472706477,7.0
0,0.034862021405110466,1.0
0,0.11524210205698844,2.0
0,0.18691296435988505,6.0
0,0.16484664034448168,5.0
0,0.2476447672167742,2.0
0,0.18791240905119488,6.0
0,0.0352072119999962,5.0
0,0.034045572101196506,4.0
0,0.10893054595726354,6.0
0,0.03300835821425462,4.0
0,0.13970055342377233,3.0
0,0.09520938380884822,7.0
0,0.01171364251067696,2.0
0,0.0938621637736667,2.0
0,0.08625409643404716,5.0
0,0.5718065637112422,3.0
1,0.23148559409604139,4.0
0,0.04659594473042353,1.0
0,0.03720906301373387,5.0
1,0.19632054704077148,5.0
0,0.044279346673083315,3.0
1,0.10376910952329221,6.0
0,0.038807943809967334,2.0
0,0.05632770707553701,4.0
0,0.08168447124539557,6.0
0,0.05063036182113413,4.0
0,0.03468607661551215,5.0
0,0.271649176195266,4.0
0,0.03300835821425462,4.0
0,0.043649269816886514,3.0
0,0.020631986880734227,6.0
1,0.01806756163402046,6.0
0,0.0380272054096155,5.0
0,0.016397520507340824,2.0
0,0.03300835821425462,4.0
0,0.26434091513541164,3.0
0,0.10649794380647086,1.0
0,0.1628961705847057,7.0
0,0.05929981867370825,2.0
0,0.3411340134670339,1.0
0,0.059627083026494894,5.0
0,0.09520938380884822,7.0
0,0.04808262155417265,4.0
0,0.11506114570021439,4.0
0,0.1448576033628829,5.0
1,0.0771523388300534,5.0
1,0.6033307522410323,1.0
0,0.09323455291053362,4.0
0,0.13048622970473514,1.0
0,0.12078012412015475,7.0
0,0.23402260940678143,7.0
0,0.0750877871630415,2.0
0,0.0352072119999962,5.0
0,0.11441980941041303,1.0
0,0.05389201849400983,4.0
1,0.13031765156905772,5.0
0,0.07216046914742054,3.0
1,0.14850094454979176,1.0
0,0.020284002365168086,6.0
0,0.035369816893543723,5.0
0,0.1152736645403172,1.0
1,0.1663160275788216,1.0
0,0.31229804835264624,3.0
0,0.15897668834868697,3.0
0,0.14913546381635692,6.0
0,0.04326504266992358,2.0
0,0.14486121363319887,6.0
1,0.4847786248104442,2.0
0,0.04671104770554634,3.0
1,0.6695282047030018,5.0
0,0.36408540329222744,5.0
0,0.1271814343185249,6.0
0,0.15155008045847038,1.0
0,0.056183091637429176,6.0
0,0.09958551472706477,7.0
0,0.03457695466360555,4.0
0,0.05815452892883277,4.0
0,0.0671642416153325,6.0
0,0.022401265701509358,1.0
0,0.12629736117105747,7.0
0,0.09520938380884822,7.0
0,0.0621475314862929,2.0
1,0.13534495671555996,4.0
0,0.03632609749262792,5.0
0,0.033182146502487464,1.0
0,0.15077683516428328,1.0
1,0.2496481876574616,6.0
0,0.04418411830760132,4.0
0,0.03300835821425462,4.0
0,0.03432223026530028,4.0
1,0.23456925909716797,1.0
0,0.2974726133867634,3.0
0,0.09520938380884822,7.0
0,0.2874393519288556,6.0
0,0.05426777408293132,5.0
0,0.015110769067807216,2.0
0,0.2823138381128299,5.0
0,0.09675701035278907,7.0
1,0.07565420134091284,4.0
0,0.023602727378033397,6.0
0,0.03903375513180404,4.0
0,0.0100616168324552,2.0
0,0.05224575351206731,3.0
0,0.03300835821425462,4.0
0,0.09520938380884822,7.0
0,0.020312869609922762,6.0
0,0.5851771528244895,2.0
0,0.05623641747730894,1.0
0,0.3240117767619477,7.0
0,0.10375371344417147,1.0
0,0.043649269816886514,3.0
0,0.12078012412015475,7.0
0,0.07599049950611812,3.0
0,0.09870551547081957,7.0
0,0.046825794770020364,5.0
0,0.033197790561347015,2.0
0,0.1288396411755782,5.0
1,0.5625329295702108,1.0
1,0.11554150127799917,1.0
0,0.05552532996763501,1.0
1,0.32736892257303324,3.0
0,0.09675701035278907,7.0
0,0.11509767125144742,6.0
0,0.05485630062947933,3.0
0,0.11605351328939437,3.0
0,0.25055778049101723,1.0
0,0.035369816893543723,5.0
0,0.05405429878781276,3.0
0,0.19022383237514792,7.0
0,0.09438334025791074,6.0
0,0.03864747674935632,1.0
0,0.06726924360451031,6.0
0,0.015734840674233346,2.0
0,0.15630363305164463,7.0
0,0.0450261075632413,2.0
0,0.045128112648629364,5.0
0,0.05217572672294973,4.0
0,0.03130582484632815,2.0
1,0.17654560590645932,1.0
0,0.035106200398757746,6.0
0,0.09520938380884822,7.0
0,0.031226488444206627,1.0
0,0.06400085972713591,5.0
0,0.18162174266226758,2.0
0,0.01180063608652328,2.0
0,0.047983253590291805,5.0
0,0.02180010142132146,2.0
0,0.013886460908623372,2.0
0,0.03300835821425462,4.0
0,0.09958551472706477,7.0
0,0.34497339885661554,3.0
0,0.5205602573032541,5.0
0,0.09958551472706477,7.0
0,0.043649269816886514,3.0
1,0.24723246199909293,6.0
1,0.20191677200393063,6.0
0,0.09972997024330153,6.0
0,0.11981287666310603,5.0
0,0.028583927695311886,1.0
0,0.1426183603670054,2.0
1,0.42498025590997524,2.0
0,0.09672734637110951,4.0
1,0.11230229476428813,3.0
0,0.017809331299798423,6.0
0,0.17446392759542242,3.0
0,0.2019169017477141,4.0
0,0.09520938380884822,7.0
0,0.1955559018346885,1.0
0,0.3907414676120539,2.0
1,0.09675701035278907,7.0
0,0.02344192639644695,2.0
1,0.2554899103337752,1.0
0,0.22794651051280698,7.0
1,0.6118170703246218,4.0
0,0.09520938380884822,7.0
0,0.22070640387839546,5.0
0,0.06395778416425708,2.0
0,0.0672748350034114,2.0
0,0.04917057722408519,4.0
0,0.5197702233301994,2.0
0,0.0604685906635497,1.0
0,0.0296392634456391,1.0
0,0.09675701035278907,7.0
0,0.044279346673083315,3.0
0,0.1963407074566051,5.0
0,0.12269607416310681,3.0
0,0.03687527228490543,4.0
1,0.2050682962270392,6.0
0,0.09771541901334845,2.0
0,0.11791398453155459,5.0
0,0.1309729782145464,7.0
0,0.04611187583452922,6.0
0,0.28126744593940795,2.0
0,0.4371740833556069,5.0
0,0.20950953249920815,4.0
0,0.09520938380884822,7.0
0,0.01924533451862078,6.0
0,0.03124718140270828,2.0
0,0.2396452950210886,4.0
0,0.6119426214551001,2.0
0,0.43254384764192305,4.0
0,0.1513787876270405,2.0
0,0.2974083983843232,3.0
0,0.044279346673083315,3.0
0,0.047964806631346384,3.0
1,0.0852298309116921,3.0
0,0.028881642970926463,2.0
0,0.09675701035278907,7.0
0,0.3897158981243145,4.0
0,0.05053295830630089,2.0
1,0.2726350430891198,1.0
0,0.08326041005240414,1.0
0,0.04270922441119101,1.0
0,0.03476785576315104,5.0
0,0.07018749284350151,3.0
1,0.4371173019695813,2.0
0,0.06106962669938086,5.0
1,0.5829640480548763,1.0
0,0.04462223599549165,2.0
0,0.1139922578150233,5.0
0,0.046834108702021676,2.0
0,0.09478920466378249,3.0
0,0.09395364510879613,3.0
0,0.09395364510879613,3.0
1,0.5500571906536703,1.0
0,0.043649269816886514,3.0
1,0.38508706449464325,7.0
0,0.019594758825265193,6.0
0,0.5372747822463908,4.0
0,0.15005888461762798,7.0
0,0.09119806539933782,4.0
1,0.41253629592789914,6.0
0,0.03468607661551215,5.0
0,0.06349826734530264,2.0
0,0.09713007408728004,7.0
0,0.09958551472706477,7.0
0,0.10297450076652256,3.0
0,0.09870551547081957,7.0
0,0.1477942908856112,6.0
0,0.10809729805445005,6.0
0,0.09870551547081957,7.0
0,0.08508174491392419,6.0
1,0.32988659193636544,1.0
0,0.09870551547081957,7.0
0,0.42374630156194265,5.0
1,0.21596121126759857,6.0
0,0.047964806631346384,3.0
0,0.16203776019734295,7.0
0,0.11121121637893672,5.0
0,0.2644078627278821,2.0
0,0.05805747059991959,1.0
0,0.03899779559779002,4.0
1,0.5252362102207822,6.0
1,0.24543598708260514,1.0
0,0.0352072119999962,5.0
0,0.030084533035519462,1.0
1,0.6323612676390582,2.0
1,0.4088108330492806,5.0
0,0.10445071082764776,6.0
1,0.44380901956635105,4.0
0,0.1041880392420397,4.0
0,0.09870551547081957,7.0
0,0.09870551547081957,7.0
0,0.04756159448353497,5.0
0,0.021534729690913735,2.0
1,0.8103093590535458,1.0
1,0.09654262590120632,5.0
0,0.03772633444086436,2.0
0,0.07647992741516414,5.0
0,0.03253811249962897,4.0
0,0.019460482869471524,2.0
0,0.043649269816886514,3.0
0,0.06946785868097996,3.0
0,0.043649269816886514,3.0
0,0.09675701035278907,7.0
1,0.099858554348262,3.0
0,0.3524943473143128,5.0
0,0.0983867882286816,5.0
0,0.12255647560385605,3.0
0,0.07125024991858404,4.0
0,0.18094217481775138,5.0
1,0.21066319227095076,1.0
0,0.13143533518576508,3.0
0,0.09520938380884822,7.0
0,0.09520938380884822,7.0
0,0.03776967968289164,1.0
0,0.043649269816886514,3.0
0,0.03253811249962897,4.0
0,0.09765167005791754,3.0
0,0.02375554498996993,1.0
0,0.016838910687496742,2.0
0,0.028783014819808685,1.0
0,0.03253811249962897,4.0
0,0.061703307836164865,6.0
0,0.043649269816886514,3.0
0,0.16433548211810725,3.0
0,0.03431281116007834,1.0
0,0.25175337095683203,2.0
0,0.24235155092272279,2.0
0,0.043649269816886514,3.0
0,0.043649269816886514,3.0
0,0.043649269816886514,3.0
0,0.03253811249962897,4.0
0,0.05154065470423286,2.0
0,0.3137688217312806,2.0
0,0.10488596948103772,3.0
1,0.31588032540716127,1.0
0,0.03521463299268265,5.0
0,0.02379706622640101,1.0
0,0.03253811249962897,4.0
0,0.01762763386571333,2.0
0,0.06651868817608297,3.0
0,0.05892477233651794,4.0
0,0.05529135426266885,5.0
0,0.05961577317098861,1.0
1,0.09520938380884822,7.0
0,0.024057703831779194,1.0
0,0.05988806622100749,5.0
0,0.08413213769874581,6.0
0,0.051122187288958745,6.0
0,0.332281521782444,3.0
0,0.09675701035278907,7.0
0,0.011193020396482688,2.0
0,0.044279346673083315,3.0
0,0.399562484055247,6.0
0,0.25377858941077613,6.0
0,0.1709330344825292,1.0
0,0.08784942297913284,2.0
1,0.4378293641329341,2.0
0,0.22107573594149474,6.0
0,0.11494916971144925,4.0
0,0.07614877950244237,4.0
0,0.09675701035278907,7.0
1,0.560307586140241,1.0
0,0.04545031526806859,6.0
0,0.06485628753663507,5.0
0,0.07652099536583762,3.0
0,0.04941863836161033,1.0
0,0.17424604872183877,7.0
0,0.25030920191075184,1.0
0,0.05715846777978168,2.0
0,0.09111768976572703,4.0
0,0.016660440507215275,2.0
0,0.06525158101350825,1.0
0,0.16619544400299816,1.0
0,0.08296975258350833,2.0
1,0.19231849943154916,3.0
0,0.019553110602908465,6.0
0,0.038202318763328406,5.0
0,0.05111015606317543,4.0
0,0.03122742477853912,1.0
0,0.044279346673083315,3.0
0,0.02349771698665421,2.0
0,0.029099633521292415,1.0
0,0.017557307022335995,2.0
0,0.174184229275985,1.0
0,0.052886732505875195,4.0
0,0.10041139642496436,7.0
0,0.09675701035278907,7.0
0,0.026547446294792575,1.0
0,0.026558990789930386,1.0
0,0.03457695466360555,4.0
1,0.17550322426922432,7.0
0,0.08948204147379973,6.0
0,0.6242060939828484,4.0
0,0.08171334458327059,3.0
0,0.09958551472706477,7.0
0,0.06853595585578913,4.0
1,0.032231257990714746,2.0
0,0.03809124654657577,2.0
0,0.021784064310827134,2.0
0,0.09958551472706477,7.0
0,0.03468607661551215,5.0
1,0.3478383973768128,2.0
0,0.06894357407370795,2.0
0,0.09252021286452816,5.0
0,0.07668545468224229,4.0
1,0.44898673012495216,3.0
0,0.09288068588951244,1.0
0,0.16054721342680875,7.0
0,0.08484466307991512,3.0
0,0.03253811249962897,4.0
0,0.02051967018573104,6.0
0,0.16408204718207747,7.0
1,0.6288812200953591,3.0
0,0.07245368654612971,3.0
0,0.03539921828334799,4.0
0,0.009623207437634238,2.0
0,0.0732966486734894,4.0
0,0.06961168779786038,1.0
0,0.09189728188972188,1.0
0,0.06692997171598317,5.0
0,0.019729736568846138,6.0
0,0.03542425685875677,4.0
0,0.12409634034984085,7.0
1,0.2738559052151028,3.0
0,0.0692554229180239,1.0
0,0.3981021309427733,6.0
0,0.5397994777444969,5.0
0,0.5872205100280478,1.0
1,0.6009915449877289,6.0
1,0.5019200739669007,6.0
0,0.15211622599522515,7.0
0,0.052980861761275554,1.0
0,0.15648147566968998,4.0
0,0.04143073614199162,6.0
0,0.16021056216416657,5.0
0,0.23443441793101752,5.0
0,0.08535420352664505,2.0
1,0.6875271084237684,5.0
0,0.14633512206600494,5.0
0,0.11265873600167034,2.0
1,0.43987240549838724,3.0
0,0.051001008928767834,1.0
0,0.7374616228191748,2.0
0,0.09799755483679562,7.0
1,0.27929181673760856,3.0
0,0.02240871217185979,2.0
0,0.044054501649681395,1.0
0,0.054242432355792,1.0
0,0.23255434286330223,4.0
0,0.054513631709846896,3.0
0,0.042718683345925164,6.0
0,0.10196670561344545,2.0
0,0.2838855764360082,1.0
0,0.03613614033021989,5.0
1,0.2632890317402589,7.0
0,0.08617368186957294,3.0
0,0.1443898637702366,3.0
0,0.4506879633379128,2.0
0,0.08274308946255135,3.0
0,0.09245263758074818,2.0
0,0.09799755483679562,7.0
0,0.078137396201743,4.0
1,0.09177908398372284,2.0
0,0.0685476153772676,3.0
0,0.030307630368615418,2.0
0,0.04354255969559678,6.0
0,0.09870551547081957,7.0
1,0.09870551547081957,7.0
0,0.13439706750720984,6.0
1,0.5684572172853893,1.0
0,0.048738198920710435,6.0
1,0.6745414424393252,3.0
0,0.09870551547081957,7.0
0,0.09675701035278907,7.0
1,0.426279849116252,3.0
0,0.07161645090817471,5.0
0,0.03620873063686978,6.0
0,0.18730742574142356,3.0
1,0.22921938926128568,6.0
0,0.09871385982083757,2.0
0,0.41917301539200935,3.0
0,0.14382766747800782,7.0
0,0.05229172620838216,6.0
1,0.1724726686926816,5.0
0,0.05682429505360754,3.0
0,0.029946709966599042,2.0
0,0.1594704131872643,3.0
0,0.29059513954063754,3.0
1,0.23109114733956196,5.0
1,0.7077013459445467,2.0
0,0.1574616443063842,3.0
0,0.15498826727468534,7.0
0,0.11458929710208164,3.0
0,0.13413729654131673,7.0
0,0.11324035716466566,2.0
0,0.09520938380884822,7.0
0,0.0812737055783379,6.0
0,0.03286310467150968,4.0
1,0.432213281645847,7.0
0,0.027205894864064908,1.0
0,0.10762018696113775,2.0
0,0.22635546720624541,4.0
1,0.6624256133413913,3.0
0,0.1282049160363166,5.0
0,0.043649269816886514,3.0
0,0.1990386342119502,6.0
1,0.55134629863129,2.0
1,0.6044271268171627,3.0
0,0.14647770216248762,2.0
1,0.6556113073940306,6.0
1,0.14974672935771866,6.0
0,0.09870551547081957,7.0
0,0.16942600200962732,4.0
0,0.42198896187919227,7.0
0,0.3425119595372334,6.0
0,0.06683967700034868,3.0
0,0.09820351547895122,5.0
0,0.5565342164398401,2.0
0,0.2026366663047921,2.0
0,0.2792808581580889,5.0
1,0.1996463689132151,2.0
0,0.6494796602141252,4.0
1,0.15498826727468534,7.0
0,0.6817335854190275,5.0
0,0.09214971042363256,6.0
0,0.12082386121105752,6.0
0,0.09119530544921291,6.0
1,0.2162290265517191,3.0
0,0.12745228365434552,3.0
1,0.4460416095848016,5.0
0,0.41394627272052303,5.0
0,0.09520938380884822,7.0
1,0.14761470521003667,3.0
0,0.08158284067349322,5.0
0,0.04078532768868834,1.0
0,0.05337873872337935,4.0
0,0.5363910271428804,2.0
0,0.15104652346000358,2.0
0,0.03613614033021989,5.0
0,0.09520938380884822,7.0
1,0.5053094901327959,4.0
0,0.13413729654131673,7.0
0,0.07929380878382185,4.0
0,0.01895187342568238,6.0
0,0.14780803882052182,1.0
0,0.38656226948660766,3.0
0,0.09520938380884822,7.0
0,0.0380272054096155,5.0
0,0.09675701035278907,7.0
0,0.09870551547081957,7.0
0,0.09958551472706477,7.0
0,0.09520938380884822,7.0
0,0.020221881076571333,2.0
0,0.09675701035278907,7.0
0,0.0352072119999962,5.0
1,0.7487059993647417,2.0
1,0.46576042988779826,5.0
1,0.5248798824392142,3.0
0,0.20918934030076977,3.0
1,0.5549400736731009,4.0
0,0.3224221871895913,1.0
0,0.05877701006412146,2.0
1,0.8051778821267496,2.0
0,0.11885640521497899,5.0
1,0.26310937107325394,4.0
0,0.6511329623277475,4.0
1,0.20779472211676078,5.0
0,0.09675701035278907,7.0
0,0.0715774339292338,4.0
0,0.07483180318048616,1.0
0,0.05814697294761072,2.0
0,0.12064697148465067,3.0
0,0.06594754070802578,3.0
0,0.03676425136484017,2.0
0,0.10367027037362078,4.0
0,0.04469749425645729,1.0
0,0.10670215905081636,4.0
0,0.03737936134216183,5.0
1,0.1900031600392303,4.0
0,0.060957027608500365,1.0
0,0.09103827485930419,3.0
1,0.5777275835124939,5.0
0,0.09520938380884822,7.0
0,0.15211622599522515,7.0
0,0.09506207931310473,4.0
0,0.3216697322513307,2.0
0,0.34275371574381325,6.0
0,0.08311582281999126,2.0
0,0.23957165597802876,7.0
0,0.5163820321577521,2.0
0,0.035010316733557874,5.0
0,0.19595216511235283,2.0
0,0.23348869441902642,1.0
0,0.13019472701774804,3.0
0,0.034878372336635356,1.0
0,0.035489648092341036,6.0
0,0.06004379107074767,5.0
0,0.19600765345041257,7.0
0,0.038130577948325674,1.0
0,0.044279346673083315,3.0
0,0.0402538312754546,4.0
0,0.017988856439896356,2.0
0,0.09967592708475492,4.0
0,0.044279346673083315,3.0
0,0.19833057920408875,5.0
0,0.13223643333923513,3.0
0,0.04371880177956351,4.0
0,0.10491264891872734,5.0
0,0.1687040578728363,3.0
0,0.09675701035278907,7.0
0,0.05407774371981113,5.0
1,0.7546611903083063,6.0
0,0.2114855455971528,5.0
0,0.09741981727610793,3.0
1,0.6681159623647608,5.0
1,0.6082230161315828,4.0
0,0.15698187441552025,1.0
0,0.1864240273304013,6.0
1,0.08681564685779594,4.0
0,0.03253811249962897,4.0
0,0.018431233596433595,2.0
0,0.5992772632668717,5.0
1,0.7094659114259009,6.0
0,0.06465012323271861,6.0
0,0.055507166904557585,6.0
0,0.11224773833148378,1.0
0,0.03468607661551215,5.0
0,0.09120221896805175,4.0
1,0.33682938098469517,7.0
0,0.3756449528392672,5.0
0,0.09958551472706477,7.0
1,0.5526394293710258,1.0
1,0.2109439036869092,3.0
0,0.05555510879531319,4.0
0,0.18995024218183135,7.0
0,0.06496092937305654,1.0
0,0.0352072119999962,5.0
0,0.09520938380884822,7.0
0,0.019574396031110598,1.0
0,0.09799755483679562,7.0
0,0.13367751106508416,4.0
0,0.11547681413916913,3.0
0,0.08075541945912815,5.0
0,0.09520938380884822,7.0
0,0.4173108685444411,4.0
1,0.43129739158165253,2.0
0,0.044279346673083315,3.0
0,0.32226150697226486,7.0
1,0.17731870101625993,6.0
0,0.6453810188558852,6.0
0,0.02191990261395877,6.0
0,0.12878106307703913,6.0
0,0.018325355643047207,6.0
0,0.14200241086959503,4.0
0,0.021611701952361832,2.0
0,0.09520938380884822,7.0
1,0.6433842536095216,4.0
1,0.2167225125922041,5.0
0,0.09520938380884822,7.0
0,0.09520938380884822,7.0
0,0.1351923521256505,3.0
1,0.06089629446460921,5.0
0,0.013390006036007011,2.0
0,0.12622168993405508,5.0
1,0.10863092608007145,1.0
0,0.043649269816886514,3.0
0,0.09675701035278907,7.0
0,0.05938138175657626,5.0
0,0.09520938380884822,7.0
0,0.03756480746819716,4.0
0,0.062091662647778975,1.0
0,0.058366073256546525,3.0
0,0.12143047654780949,1.0
0,0.08609961158758477,3.0
0,0.0565579103812355,4.0
0,0.1537856711276917,4.0
0,0.018154771321225265,2.0
0,0.02372685285964582,1.0
0,0.09520938380884822,7.0
0,0.0352072119999962,5.0
0,0.07241470084344136,2.0
0,0.0812895876787507,2.0
0,0.055958804016674135,4.0
0,0.08337720549335903,3.0
0,0.09520938380884822,7.0
0,0.032500464081038766,1.0
0,0.06736088358092229,2.0
0,0.11050769951619707,6.0
0,0.05067974813279057,2.0
0,0.021600449715825205,6.0
0,0.08045850866775339,5.0
1,0.5697135419320802,2.0
1,0.15498826727468534,7.0
0,0.10329087627830937,1.0
0,0.10806300602636819,4.0
1,0.29085724346301245,7.0
0,0.07588684073820805,3.0
0,0.023248057046941377,2.0
0,0.08527506235637138,1.0
1,0.12180140531489464,1.0
0,0.054988345991514684,2.0
0,0.024782792061301087,2.0
1,0.10076849883604236,6.0
0,0.2718313646109818,7.0
0,0.10643822913421297,1.0
1,0.1504610588271553,6.0
0,0.044279346673083315,3.0
1,0.0866014165070405,6.0
0,0.09520938380884822,7.0
0,0.09520938380884822,7.0
0,0.09520938380884822,7.0
0,0.09116987847080037,4.0
0,0.32226150697226486,7.0
0,0.11951004495009201,7.0
0,0.06338593564926627,3.0
0,0.027002144766653136,2.0
0,0.09520938380884822,7.0
1,0.30165923413509876,3.0
0,0.06273940924356977,6.0
1,0.45536672186630534,3.0
0,0.14716621107470187,1.0
0,0.032757072334864835,2.0
0,0.04514191125460242,4.0
0,0.06560093104944961,6.0
0,0.07032314869430885,3.0
0,0.5534770081895151,3.0
0,0.03468607661551215,5.0
0,0.08243255793028338,2.0
1,0.091537846297298,3.0
0,0.07205824563494422,5.0
0,0.03300835821425462,4.0
0,0.4210381454841932,1.0
0,0.08077307184620608,4.0
0,0.035010316733557874,5.0
0,0.09520938380884822,7.0
0,0.09520938380884822,7.0
0,0.08092675334174228,5.0
0,0.3219344733845637,2.0
1,0.025984095016413845,6.0
1,0.3848164963406562,3.0
0,0.01996737893359059,2.0
1,0.15211622599522515,7.0
0,0.20100958464191915,5.0
0,0.0677910590651144,6.0
0,0.08618970489725411,6.0
0,0.20771569401037165,3.0
0,0.01947740643681616,6.0
1,0.14367652737763054,1.0
0,0.20245112345317764,7.0
0,0.08020102766416518,5.0
0,0.0352072119999962,5.0
0,0.08591636009920861,6.0
0,0.06170801144722155,4.0
0,0.199291184935251,3.0
0,0.10600539161305955,6.0
0,0.09675701035278907,7.0
0,0.13700687266912687,7.0
1,0.35899780254842745,6.0
0,0.12078012412015475,7.0
0,0.09987203109621405,1.0
0,0.13893692860187307,5.0
0,0.06067139375013742,6.0
0,0.11322920578588927,3.0
0,0.04925756079067318,6.0
0,0.12409634034984085,7.0
0,0.03381325524392015,1.0
0,0.1394040945804708,7.0
0,0.4923545822342713,1.0
0,0.03728028627772851,4.0
0,0.05928520448049827,5.0
0,0.043649269816886514,3.0
1,0.10403924166859428,2.0
0,0.03623158611944166,5.0
0,0.08216947359054738,5.0
0,0.370712474432222,4.0
0,0.039927747394277145,4.0
1,0.3915352059793109,2.0
1,0.43426684137181054,1.0
0,0.04821459849788612,5.0
0,0.09071167749343474,5.0
0,0.062272760922937966,6.0
1,0.21724679306948333,7.0
0,0.06320716155349523,3.0
0,0.09799755483679562,7.0
0,0.06574762371214578,3.0
0,0.035509436381883704,2.0
0,0.033290572623219813,2.0
0,0.13790045953647623,1.0
0,0.035128853676991756,5.0
0,0.048693029970422304,4.0
1,0.17082847787195238,3.0
0,0.12889156568881058,6.0
0,0.05684065154966947,1.0
1,0.410735034049186,7.0
0,0.1159159257459901,3.0
0,0.28081690538205245,4.0
0,0.09749709237885854,4.0
0,0.04988768924562434,4.0
1,0.2396832415720911,6.0
0,0.01958163251153237,1.0
0,0.05962503300069828,3.0
0,0.04969773284839495,6.0
0,0.1829812856186611,2.0
1,0.12369634712746458,6.0
0,0.09520938380884822,7.0
0,0.08354667512501014,6.0
0,0.019097018963919785,6.0
0,0.2895999357647835,3.0
0,0.02702283639075739,1.0
0,0.12078012412015475,7.0
0,0.06135261734253498,2.0
0,0.04194474831579985,4.0
0,0.04590084292666536,2.0
0,0.0690692702383026,4.0
1,0.11097492085287342,3.0
1,0.30641286952273483,5.0
0,0.08988865003330122,5.0
0,0.09520938380884822,7.0
0,0.07752060224813913,2.0
0,0.043649269816886514,3.0
0,0.13387261596038083,6.0
0,0.12708198758672426,6.0
0,0.11613970980255078,7.0
0,0.03300835821425462,4.0
0,0.10714502907347834,7.0
0,0.05025521967758233,4.0
0,0.09675701035278907,7.0
0,0.01870879276917004,6.0
0,0.13023363447523972,6.0
1,0.15211622599522515,7.0
1,0.13149844350331,4.0
0,0.09713007408728004,7.0
0,0.18290551238140573,4.0
0,0.11964527625448686,3.0
1,0.11790367769244378,3.0
0,0.014116656351556428,2.0
0,0.07972161199352486,1.0
0,0.09520938380884822,7.0
0,0.036279669015814864,5.0
0,0.043649269816886514,3.0
0,0.07585537024579944,2.0
0,0.046839921262922524,6.0
0,0.06649466573084153,3.0
0,0.14603559984882802,6.0
1,0.019671195049006596,2.0
0,0.2595136451465265,2.0
0,0.04083087959462289,4.0
0,0.007455255597584415,2.0
0,0.02169691970440646,2.0
0,0.03576914004895182,5.0
0,0.43867931003101035,4.0
0,0.03576914004895182,5.0
0,0.08330891048651808,4.0
0,0.017438411927418056,2.0
0,0.20224657832154033,5.0
0,0.26559874388189425,5.0
0,0.20889327506674657,1.0
1,0.2813384326986799,3.0
1,0.11600936067658484,3.0
1,0.15360321521708523,6.0
0,0.06623460274058782,3.0
0,0.22359593601566988,2.0
0,0.4067234403738825,5.0
0,0.055958804016674135,4.0
0,0.05765921964514472,5.0
1,0.6182193438038243,6.0
0,0.11111145187234824,7.0
0,0.11082155613769065,6.0
0,0.26565980054746124,1.0
0,0.059177123676708805,4.0
0,0.10571711913286812,4.0
0,0.09958551472706477,7.0
1,0.30051017320062295,3.0
0,0.4362284677420127,3.0
0,0.15498826727468534,7.0
0,0.033191473386159215,6.0
0,0.08963084581810772,5.0
0,0.16731273820134135,5.0
0,0.029005408569022333,4.0
0,0.023601427826161894,6.0
0,0.030601949498820367,4.0
0,0.6493615002380542,2.0
0,0.15842751522419846,2.0
0,0.09818136268268707,4.0
0,0.0966751215859323,1.0
0,0.2971787057597544,3.0
0,0.029044231491825393,2.0
0,0.19277325489451017,1.0
0,0.45738431200817714,4.0
1,0.5124679459396464,5.0
1,0.06409222837714629,5.0
0,0.030354336462281604,4.0
0,0.0448394566068759,5.0
0,0.044279346673083315,3.0
0,0.06178485081284031,2.0
0,0.029005408569022333,4.0
0,0.024104121467725413,6.0
0,0.02797554819040464,2.0
0,0.033337885373238785,4.0
1,0.11572589601302095,2.0
0,0.6243478207005743,4.0
0,0.10475627830524675,1.0
0,0.14091158553548733,5.0
0,0.019485869616387316,6.0
0,0.057641966041796625,3.0
0,0.0522196513610085,5.0
0,0.034045572101196506,4.0
0,0.03253811249962897,4.0
0,0.024573589375444512,1.0
0,0.01725303646784937,2.0
0,0.03850667433167933,5.0
1,0.7833184858051728,6.0
0,0.03624746732246659,6.0
0,0.01862634485294847,2.0
0,0.07250402926144128,2.0
0,0.043649269816886514,3.0
0,0.07046105921595261,2.0
0,0.04575978567882351,5.0
0,0.0672247038449924,2.0
0,0.044279346673083315,3.0
0,0.035908404726858266,5.0
0,0.062495662160676244,1.0
0,0.04152376841935176,6.0
0,0.029005408569022333,4.0
0,0.01843017301343166,2.0
0,0.04035605574009479,2.0
0,0.038202318763328406,5.0
0,0.11053241792717201,3.0
0,0.1452876534982961,4.0
0,0.06658512228111982,2.0
0,0.03300835821425462,4.0
0,0.011451689398071473,2.0
1,0.42459913573965596,2.0
1,0.3369017117968585,3.0
0,0.09870551547081957,7.0
0,0.08305760367298223,6.0
1,0.3683098350089164,4.0
0,0.0660587296873721,6.0
1,0.04249358994444156,4.0
0,0.05677227740010836,5.0
0,0.055645996656211665,3.0
1,0.15596629204714316,2.0
0,0.06651868817608297,3.0
0,0.09229429360873244,3.0
1,0.09675701035278907,7.0
0,0.20644181811139492,5.0
1,0.8788114233224316,2.0
0,0.014586927881862563,2.0
0,0.06871010737483126,6.0
0,0.019574396031110598,1.0
0,0.12361642121644262,4.0
1,0.5623931862727778,3.0
0,0.043649269816886514,3.0
0,0.04440116087988544,4.0
0,0.043649269816886514,3.0
0,0.06144614243905187,2.0
0,0.06594011102971015,4.0
0,0.1782325954107491,5.0
0,0.09675701035278907,7.0
0,0.035010316733557874,5.0
0,0.03613614033021989,5.0
0,0.01924533451862078,6.0
0,0.03613614033021989,5.0
0,0.1628611342234058,7.0
0,0.03457695466360555,4.0
0,0.09520938380884822,7.0
1,0.0890847707666705,3.0
0,0.03457695466360555,4.0
0,0.33046512202104167,6.0
0,0.0352072119999962,5.0
0,0.3143470144023734,4.0
0,0.09520938380884822,7.0
0,0.051819198464134575,6.0
0,0.05724246414149381,3.0
0,0.06358858490474084,4.0
0,0.03757269515685834,1.0
0,0.01935191317365239,6.0
0,0.022025346030836928,1.0
0,0.06259760370034165,4.0
0,0.043649269816886514,3.0
0,0.06764137883993963,5.0
0,0.07929169583555494,3.0
0,0.09538444899814706,6.0
0,0.23431844189994847,4.0
0,0.040844924087264894,4.0
0,0.02107593789445144,6.0
0,0.03300835821425462,4.0
0,0.21423930684948153,4.0
0,0.02436573714954246,1.0
0,0.01806756163402046,6.0
0,0.07452621671067652,5.0
0,0.059363293150042275,2.0
0,0.26170350602553477,5.0
0,0.03432223026530028,4.0
0,0.060654884467423086,2.0
0,0.0819186316395191,5.0
0,0.09520938380884822,7.0
0,0.1796198670235063,4.0
0,0.043649269816886514,3.0
0,0.10796623773855762,6.0
0,0.09520938380884822,7.0
0,0.09870551547081957,7.0
0,0.0721681404055224,6.0
1,0.09114026148331413,4.0
0,0.10356125383534662,5.0
0,0.36805210089419055,4.0
0,0.010207887108700096,2.0
0,0.015333551091754489,2.0
0,0.028264299287766966,1.0
0,0.02502899056253449,2.0
0,0.15095856587377401,1.0
0,0.13716201808281323,6.0
0,0.03515955929551025,2.0
0,0.020741595321985346,6.0
0,0.1061412893274479,5.0
0,0.057972761274208216,3.0
0,0.0329147749639303,4.0
0,0.07914445286869023,5.0
0,0.07756005720817241,4.0
1,0.3282883401345988,5.0
0,0.021835481121865247,2.0
0,0.1561427397550658,1.0
0,0.12078012412015475,7.0
0,0.029005408569022333,4.0
0,0.2840710622754439,4.0
0,0.06596493260882753,6.0
0,0.10937517643108821,6.0
0,0.00948290154869562,2.0
0,0.056896172989860806,5.0
0,0.18871942390428006,1.0
0,0.02436349344594999,6.0
1,0.23758844691551487,5.0
0,0.09520938380884822,7.0
0,0.008010572375303048,2.0
0,0.054891290829575876,4.0
0,0.13222044585814852,5.0
0,0.04560662865373449,5.0
0,0.0775531854755873,1.0
0,0.12423135103255539,7.0
0,0.01873094830766582,6.0
1,0.3670525168191658,5.0
0,0.01220069786219939,2.0
0,0.07189188736493896,3.0
0,0.12376538445866542,3.0
0,0.07400351701047486,6.0
0,0.0496344227530642,5.0
0,0.058901965918052517,6.0
0,0.056471140649572614,5.0
0,0.4130579593500018,1.0
0,0.09870551547081957,7.0
0,0.14799332902793647,3.0
0,0.044279346673083315,3.0
0,0.0711633366975534,2.0
0,0.23300352859586457,6.0
0,0.17999887712431198,7.0
0,0.11094387687093175,5.0
0,0.055281535695165536,5.0
0,0.28483650415603484,7.0
0,0.02638275967198514,1.0
0,0.05902093719865147,6.0
0,0.05735471423369211,4.0
0,0.09520938380884822,7.0
0,0.15270974965030423,2.0
0,0.17538408933500388,6.0
0,0.043649269816886514,3.0
0,0.13938585633706974,5.0
0,0.05895140222259647,6.0
0,0.0580261930572002,3.0
1,0.6241739267804933,5.0
0,0.09693689209508428,3.0
0,0.07598621459641984,6.0
0,0.03952043687210917,6.0
0,0.028783435435814946,2.0
0,0.02172334512284033,6.0
0,0.045789599569487,4.0
1,0.30966232462193677,6.0
0,0.38232220684080465,7.0
0,0.42198896187919227,7.0
0,0.08404738919068495,4.0
0,0.20990544146670892,3.0
0,0.16945146517412296,5.0
0,0.08332178650604118,1.0
1,0.05106682034583803,5.0
0,0.015161078295443194,2.0
0,0.12913565502738866,3.0
0,0.06453016097285924,4.0
0,0.0625795503569402,5.0
0,0.029005486851353807,6.0
0,0.199360534481961,6.0
0,0.432213281645847,7.0
0,0.11185802295945918,6.0
0,0.04231504098236576,2.0
1,0.45967907889659376,2.0
0,0.23525783557844715,5.0
0,0.01328540576038218,2.0
1,0.1610264807578295,5.0
1,0.6724106631499195,4.0
0,0.1741379401233035,6.0
0,0.05696196320057427,6.0
0,0.09675701035278907,7.0
1,0.6620584933239995,6.0
0,0.0352072119999962,5.0
1,0.604718965674294,4.0
0,0.043649269816886514,3.0
0,0.09520938380884822,7.0
0,0.04591689399270055,1.0
0,0.06128470064318977,3.0
0,0.03253811249962897,4.0
0,0.0841262519399365,6.0
0,0.4283516745961966,4.0
0,0.06899293683556422,4.0
0,0.09675701035278907,7.0
0,0.038202318763328406,5.0
0,0.05688714939853079,5.0
0,0.04271137194337444,1.0
0,0.0683771132457503,3.0
0,0.05703612588176116,6.0
1,0.8583688900366276,2.0
0,0.018615197545745928,2.0
0,0.035369816893543723,5.0
0,0.15211622599522515,7.0
0,0.06473125465111523,1.0
0,0.23177000166952316,4.0
0,0.03685557064780882,4.0
0,0.055645996656211665,3.0
1,0.18398093379632394,6.0
0,0.055645996656211665,3.0
0,0.02025744610560754,6.0
0,0.1693769997421033,3.0
0,0.043649269816886514,3.0
0,0.03934646720328566,1.0
0,0.01861692935091763,6.0
0,0.0689306657374144,4.0
0,0.0753667117371362,5.0
0,0.047971798523185095,2.0
0,0.06728734977208857,3.0
0,0.10743669093168809,1.0
0,0.03899779559779002,4.0
0,0.11111145187234824,7.0
0,0.047808576574469026,6.0
1,0.09870551547081957,7.0
0,0.08353813579971674,3.0
0,0.0534614157735839,6.0
0,0.05065691588400929,4.0
0,0.04080486636808356,1.0
1,0.5306027419601779,6.0
0,0.09367747256794033,1.0
0,0.0411227312832708,1.0
0,0.040869562234454024,4.0
0,0.07430102086104974,4.0
0,0.08850125970785563,6.0
0,0.09870551547081957,7.0
0,0.47030191090142925,1.0
0,0.03107183892370707,2.0
0,0.05707818636101905,3.0
0,0.07073190198719537,5.0
0,0.05397656844145005,6.0
0,0.0647009265017379,3.0
0,0.09958551472706477,7.0
0,0.21122319913976353,7.0
0,0.09520938380884822,7.0
0,0.06574841832274034,4.0
1,0.4107049332071661,6.0
0,0.043649269816886514,3.0
0,0.06458802976643566,5.0
0,0.09520938380884822,7.0
1,0.573568500574999,5.0
0,0.19527315190615158,1.0
0,0.03622796651709282,2.0
0,0.12313507164954088,4.0
0,0.043649269816886514,3.0
0,0.03479246535057454,2.0
0,0.09520938380884822,7.0
0,0.01924533451862078,6.0
0,0.09520938380884822,7.0
0,0.06800122440070061,5.0
0,0.12078012412015475,7.0
0,0.12031012426153259,6.0
0,0.10664203980004233,3.0
0,0.025763287817064703,1.0
0,0.20677954318665798,3.0
0,0.03433327866766095,5.0
0,0.34925908201740624,1.0
1,0.31852974041352505,5.0
0,0.12409490508313116,5.0
0,0.04028120853848052,4.0
1,0.22671138911563993,7.0
0,0.09520938380884822,7.0
1,0.25584721125866877,6.0
0,0.1919509184440371,3.0
0,0.029426151998218266,4.0
0,0.12121596606411866,4.0
0,0.15488170727097642,5.0
0,0.04591899972284458,2.0
0,0.21273049498712923,7.0
0,0.02842625380294395,1.0
0,0.02296761696277706,6.0
0,0.09713608618302039,1.0
1,0.09958551472706477,7.0
0,0.13971188839908794,6.0
1,0.7454079643559136,2.0
0,0.19818881107140837,3.0
0,0.1451535041119234,6.0
0,0.06250176011038669,3.0
0,0.09520938380884822,7.0
0,0.20371495616893112,4.0
0,0.056315249763284676,5.0
0,0.03634130123947731,2.0
0,0.09534202083309286,6.0
1,0.08715482691622409,3.0
0,0.38516797197968056,2.0
0,0.07020989534052426,3.0
1,0.42198896187919227,7.0
0,0.2038048694772484,4.0
0,0.0625795503569402,5.0
0,0.2830799747044113,6.0
0,0.12078012412015475,7.0
1,0.1927120109301727,5.0
0,0.12552102990057146,5.0
0,0.027846596492389502,2.0
1,0.35714196314221364,5.0
1,0.29085724346301245,7.0
1,0.09435607952223476,6.0
0,0.03437328400182849,6.0
0,0.03302252410776481,1.0
0,0.01871973440095857,2.0
0,0.08407888187242607,3.0
0,0.09414859949212649,6.0
0,0.02610401183172601,1.0
0,0.3247986311321323,4.0
1,0.5357269217799909,4.0
1,0.08091277169498917,5.0
0,0.09713007408728004,7.0
0,0.03990572751388261,1.0
0,0.03468607661551215,5.0
1,0.1303287862587683,3.0
1,0.12995793171071218,2.0
0,0.11278613251820405,4.0
0,0.14337930832504472,4.0
0,0.06452492706182611,6.0
0,0.14036243871464626,6.0
1,0.09915804107147692,3.0
0,0.1451955775696801,5.0
0,0.04437485788279977,1.0
1,0.282552576963195,4.0
0,0.09713007408728004,7.0
0,0.043649269816886514,3.0
1,0.6465027241002153,4.0
0,0.09675701035278907,7.0
0,0.08574518275508707,2.0
0,0.3201923801611095,6.0
0,0.08057935676438906,5.0
0,0.06124171391763211,1.0
0,0.04829585600919678,2.0
0,0.019176254035196096,6.0
0,0.06435650928500602,5.0
1,0.0730640857025834,2.0
0,0.06531850626197042,4.0
0,0.035977719610995655,5.0
0,0.13311058404941123,5.0
0,0.18783478796152947,3.0
0,0.40802651339019813,2.0
0,0.2914390036037679,5.0
0,0.28979719626692085,1.0
0,0.01858026155398906,6.0
0,0.7810613504402769,6.0
1,0.5192008735901564,2.0
0,0.09520938380884822,7.0
0,0.40109382173381375,3.0
0,0.03437992940640214,4.0
0,0.09039723728407584,6.0
0,0.019491360871313458,6.0
0,0.038933274693961274,2.0
0,0.07640528972529112,1.0
0,0.08164691760389865,4.0
0,0.16082943362539426,6.0
0,0.10555932390727239,3.0
0,0.17261828360128534,3.0
0,0.03565244259302192,5.0
0,0.37621303385268257,4.0
0,0.7325201568741162,2.0
0,0.11738637162611922,3.0
0,0.16790227241391406,6.0
0,0.03989937023324388,2.0
0,0.044279346673083315,3.0
0,0.09910827583000532,1.0
0,0.15969517436859493,6.0
0,0.12853568154384,4.0
0,0.18299616810225228,5.0
0,0.17119163379129526,3.0
0,0.2281657839627019,4.0
0,0.019460729229390815,6.0
0,0.20992277188296637,7.0
0,0.04491623605575303,4.0
0,0.2823138381128299,5.0
0,0.09520938380884822,7.0
1,0.16600657746114159,5.0
0,0.044279346673083315,3.0
0,0.09675701035278907,7.0
0,0.06988210196903674,5.0
0,0.012144237863020092,2.0
0,0.04749597691560115,6.0
0,0.1015010267236771,5.0
0,0.057004738765068445,1.0
0,0.09799755483679562,7.0
1,0.16957754587139703,4.0
0,0.09164365525496343,6.0
1,0.18346977529839187,6.0
1,0.07041942284412375,5.0
0,0.43811252345586554,5.0
1,0.21416057496770785,2.0
0,0.06035711444210453,6.0
0,0.04641499858035463,2.0
0,0.09958551472706477,7.0
0,0.019438884383295857,6.0
0,0.038187415399767596,1.0
0,0.3005754309139089,1.0
0,0.11951004495009201,7.0
0,0.027026504268903823,1.0
0,0.06437805796923142,3.0
0,0.03031173708966915,6.0
1,0.44770621937075633,5.0
0,0.09752534549072112,3.0
0,0.03621929444677935,5.0
0,0.0926864409380165,3.0
0,0.18298158515702978,7.0
0,0.01607898690887624,2.0
0,0.1288470477927371,1.0
0,0.08449134156601672,2.0
0,0.10700574636897559,3.0
0,0.031199418401579162,4.0
0,0.044279346673083315,3.0
0,0.13530536735589185,6.0
0,0.11521163588564494,1.0
0,0.06969560585214894,4.0
0,0.03170182150018694,2.0
0,0.07313993956520257,6.0
1,0.46680442401751804,6.0
1,0.7195326230420092,2.0
1,0.5404128036579073,6.0
0,0.14570460834385515,5.0
0,0.13413729654131673,7.0
0,0.07584086728934732,1.0
0,0.17731454566196547,1.0
0,0.6122418601882249,2.0
0,0.024496095060013927,1.0
0,0.09520938380884822,7.0
0,0.09958551472706477,7.0
0,0.020535309793056414,6.0
0,0.016362698961801488,2.0
1,0.14312149770263702,5.0
0,0.06574841832274034,4.0
0,0.2553100467232601,5.0
0,0.20962765739660372,5.0
0,0.09776244925030471,3.0
0,0.09858669186018137,5.0
0,0.157196464773653,5.0
0,0.18009955667127714,3.0
0,0.06363653897694169,5.0
0,0.0290628742748651,1.0
0,0.09520938380884822,7.0
0,0.041418067259135605,5.0
1,0.5579649930675419,2.0
0,0.09675701035278907,7.0
0,0.044279346673083315,3.0
0,0.14760382113772214,1.0
0,0.060966670230305234,3.0
0,0.0653207060872149,2.0
0,0.1940744697717411,3.0
0,0.059282001245377,2.0
0,0.10894764959757443,7.0
0,0.07427866208289147,1.0
0,0.1521055417334922,5.0
0,0.42444579558663964,4.0
0,0.26627891955665617,4.0
0,0.11111145187234824,7.0
0,0.6325049110375012,6.0
0,0.09178151517308306,5.0
0,0.17405036617935002,6.0
1,0.12341434929831198,6.0
1,0.0652569605659044,1.0
1,0.1335607110465618,7.0
1,0.09804555798006158,1.0
0,0.29004594942715545,5.0
0,0.15716560731871293,1.0
1,0.08447809953067693,4.0
1,0.07608508178107118,2.0
0,0.040145252839226014,6.0
0,0.21930592670256432,7.0
0,0.05303133121742666,5.0
0,0.04752759970277538,5.0
0,0.026317896254683112,6.0
1,0.22303799221734785,4.0
0,0.09026244906207907,5.0
0,0.10988946399007628,6.0
0,0.05589830449889702,5.0
1,0.5235771423790946,3.0
0,0.03899779559779002,4.0
0,0.09422541538817625,2.0
0,0.04246035373140332,4.0
0,0.2347299718679113,1.0
0,0.049034074838940546,4.0
0,0.07731966627091195,3.0
0,0.03519597452833505,2.0
1,0.09545928008276171,6.0
0,0.3993154876305617,1.0
0,0.20370014533960573,2.0
0,0.1562929178311853,1.0
0,0.09795050544220855,4.0
1,0.15022782554134226,3.0
0,0.09468288707738702,1.0
1,0.5759174033208929,1.0
0,0.3197915352958378,5.0
0,0.07879177301582004,1.0
0,0.03611303787268278,5.0
0,0.20937699573330307,1.0
0,0.03629785364763214,1.0
0,0.25482727689021256,5.0
0,0.09520938380884822,7.0
0,0.043649269816886514,3.0
0,0.06887620669707994,3.0
0,0.6525852726242934,6.0
0,0.12278220583341601,3.0
0,0.020128983879287042,6.0
0,0.27884645288125876,4.0
1,0.28141499643305623,1.0
1,0.7745146358184778,1.0
1,0.21274954250869427,3.0
0,0.060957303752573154,1.0
1,0.5705645867899461,3.0
0,0.17125868915112483,5.0
0,0.18325081124011466,5.0
0,0.33089492434848267,6.0
0,0.04897690938972703,1.0
0,0.11871600231527535,1.0
0,0.09958551472706477,7.0
0,0.09675701035278907,7.0
0,0.19172673926710734,2.0
0,0.25491112771668883,6.0
0,0.05820562050610614,5.0
0,0.09693689209508428,3.0
0,0.07734395240688925,6.0
0,0.04902223148700865,2.0
0,0.09520938380884822,7.0
0,0.03685557064780882,4.0
1,0.14236542000012817,6.0
0,0.09675701035278907,7.0
1,0.4182292965726586,5.0
0,0.09693689209508428,3.0
0,0.01754655818283411,6.0
0,0.2025803703190667,5.0
0,0.03903375513180404,4.0
0,0.018297463800733944,6.0
1,0.03300835821425462,4.0
0,0.048872580465589475,5.0
0,0.11354075530752278,1.0
0,0.014113199636112142,2.0
0,0.09520938380884822,7.0
0,0.04656099335646919,4.0
0,0.05051390309865055,6.0
0,0.011392861953940046,2.0
0,0.09520938380884822,7.0
0,0.12432267054993987,5.0
0,0.05990680410961058,5.0
0,0.029426151998218266,4.0
0,0.1956627534569626,7.0
0,0.02540171695665374,2.0
0,0.08193455022547283,4.0
0,0.03484930485422617,5.0
0,0.02341451388230553,1.0
0,0.16846528929248142,4.0
0,0.06946461786626276,1.0
0,0.27076056195225584,1.0
0,0.0216544290122762,2.0
0,0.035369816893543723,5.0
0,0.10163972944015966,3.0
0,0.026863838649929427,1.0
0,0.04360157214839609,2.0
0,0.064454493764084,4.0
0,0.3076557736970183,6.0
0,0.025089686730037412,6.0
1,0.728839406705258,2.0
0,0.14350007136305937,2.0
0,0.017863912602100147,6.0
0,0.09958551472706477,7.0
0,0.48099188833434803,3.0
0,0.043649269816886514,3.0
0,0.26143778461510053,6.0
0,0.03753077527111108,5.0
0,0.03433327866766095,5.0
1,0.16127466354181502,1.0
0,0.043649269816886514,3.0
0,0.03505324363943711,6.0
0,0.019237586899985643,6.0
1,0.1616757845143501,4.0
0,0.043299822963260355,1.0
0,0.024633316150163672,2.0
0,0.043649269816886514,3.0
0,0.2034748067329839,2.0
0,0.09520938380884822,7.0
0,0.14214928840819724,5.0
0,0.2741403794670716,3.0
0,0.3504401674108192,1.0
0,0.19158963663273457,4.0
0,0.16593191200741542,7.0
0,0.043649269816886514,3.0
0,0.1399184731568767,5.0
0,0.09369357325340798,1.0
0,0.2118214970891763,1.0
0,0.04083087959462289,4.0
0,0.10642386560301911,4.0
0,0.15718606316899572,3.0
0,0.2720663415488922,2.0
0,0.018733570527724647,2.0
0,0.3154854171218247,6.0
0,0.4326229962061934,4.0
0,0.12078012412015475,7.0
0,0.3529133486833659,6.0
0,0.00937385820791726,2.0
0,0.09195615344859846,3.0
0,0.14430467857013562,5.0
1,0.5015853956170072,6.0
0,0.12078012412015475,7.0
0,0.07193837760279323,1.0
0,0.034815144576820986,2.0
0,0.09520938380884822,7.0
0,0.18454871117390265,5.0
0,0.2923028513391123,5.0
0,0.018392650860439754,2.0
0,0.05762899588995548,2.0
0,0.11951004495009201,7.0
0,0.14647403191758981,3.0
0,0.2080352863991847,3.0
0,0.059216987710691345,4.0
1,0.3856629361593439,6.0
0,0.04645225837407638,6.0
0,0.09896854753392477,5.0
0,0.09675701035278907,7.0
0,0.03432223026530028,4.0
0,0.06137597434041013,4.0
1,0.6152884820948075,3.0
1,0.4904491475269276,1.0
0,0.1345359328038029,4.0
0,0.09520938380884822,7.0
1,0.20765198066412097,7.0
0,0.06552767611023273,5.0
0,0.0522888056349882,1.0
0,0.1227967868777428,7.0
0,0.09958551472706477,7.0
0,0.05987825249789767,1.0
0,0.3477682528863999,5.0
1,0.6483770478957658,3.0
0,0.06131606204956194,4.0
0,0.07923367560343882,5.0
0,0.10513897328679801,5.0
0,0.21676326752031408,4.0
0,0.05037058544596273,6.0
0,0.06181077991074977,5.0
0,0.07807023141671232,4.0
0,0.08002461489096611,4.0
0,0.043649269816886514,3.0
0,0.06407406427397139,6.0
0,0.08429067333164798,3.0
1,0.11498459729630356,4.0
0,0.03487583378247973,4.0
0,0.05224575351206731,3.0
0,0.2915070604185128,6.0
0,0.10555095910528042,3.0
0,0.07245368654612971,3.0
0,0.057697277195601374,1.0
0,0.09520938380884822,7.0
0,0.08179458400448285,3.0
0,0.03785808755725262,4.0
0,0.1528061931423836,6.0
0,0.03286310467150968,4.0
0,0.09520938380884822,7.0
0,0.09519508104112728,7.0
0,0.17270725661844705,7.0
0,0.2363300092621573,6.0
1,0.5153410502016073,4.0
0,0.04495113199637841,2.0
0,0.0905229971176693,4.0
0,0.15496251682752765,4.0
0,0.045559048089099566,6.0
0,0.01376672827769729,2.0
0,0.1223402720381463,2.0
1,0.2978002445278572,6.0
0,0.22940428532401208,6.0
0,0.12652128399126303,1.0
0,0.10928834020683818,3.0
0,0.1604121441041417,6.0
0,0.10848752378126617,3.0
0,0.055645996656211665,3.0
0,0.12337763736476276,5.0
0,0.2430697310700042,7.0
0,0.1823778168725156,2.0
0,0.03970214771387744,1.0
0,0.06594754070802578,3.0
0,0.01754655818283411,6.0
0,0.09695606658169345,6.0
0,0.12078012412015475,7.0
0,0.21806882708469313,2.0
0,0.0738045331256529,6.0
0,0.019525821243691545,2.0
0,0.037659382942836855,2.0
0,0.031199418401579162,4.0
0,0.4361044450254666,1.0
0,0.07986689933187635,1.0
0,0.34942757921146883,3.0
0,0.09799755483679562,7.0
1,0.23307519678116712,1.0
0,0.027888858605186164,1.0
0,0.03962189483168179,6.0
0,0.043649269816886514,3.0
0,0.060278207569262464,6.0
0,0.09327285385537423,3.0
0,0.14382766747800782,7.0
0,0.14766764822879277,6.0
0,0.12893168479300765,1.0
0,0.1302100889390937,6.0
0,0.23883269291342643,6.0
0,0.0685066914206745,3.0
1,0.04883883451821287,4.0
1,0.14259444640648128,7.0
0,0.3124946907482172,2.0
0,0.1227967868777428,7.0
0,0.18406397486066808,3.0
1,0.22448136533378452,2.0
0,0.17918101805765688,3.0
0,0.03567117151667706,1.0
0,0.09768929144610934,3.0
0,0.09713007408728004,7.0
0,0.06306989262829268,3.0
0,0.12078012412015475,7.0
0,0.09989188651748929,2.0
0,0.12251951724685357,4.0
0,0.09520938380884822,7.0
1,0.2656525232727579,4.0
0,0.09720570480526255,3.0
0,0.07126337896467862,6.0
0,0.13227916981947155,5.0
1,0.3100815792698922,6.0
0,0.05042936150883694,2.0
0,0.3399751527398958,4.0
1,0.5095674791100048,4.0
0,0.041953632376113735,1.0
1,0.06574762371214578,3.0
1,0.060023501635499056,2.0
0,0.03566975478926302,2.0
0,0.13761260015753096,4.0
0,0.3452888590389517,3.0
0,0.0833985646091946,2.0
0,0.05989995905239927,6.0
0,0.18788308497670494,2.0
0,0.014957385586131432,2.0
0,0.10346286780630196,6.0
0,0.04671104770554634,3.0
0,0.20010704931077064,6.0
1,0.3283193128564798,5.0
0,0.09520938380884822,7.0
0,0.04564914736113432,1.0
0,0.09798287857672697,7.0
0,0.09798287857672697,7.0
0,0.25716095316745957,5.0
0,0.058284939500751795,3.0
0,0.09675701035278907,7.0
0,0.06430798156947977,3.0
0,0.06974432678369855,1.0
0,0.05686325455558716,4.0
0,0.056576724252092786,2.0
0,0.10821723065915924,5.0
0,0.06791971639075002,3.0
0,0.09870551547081957,7.0
0,0.08154594114160185,6.0
0,0.03648343312485914,5.0
0,0.14292648588945792,7.0
0,0.16923334834270504,4.0
0,0.09870551547081957,7.0
0,0.05710059425133927,5.0
0,0.11111145187234824,7.0
0,0.06021331435124417,4.0
0,0.06828436921698462,1.0
0,0.29903270942531346,2.0
0,0.09918158390251416,3.0
0,0.09958551472706477,7.0
0,0.20765198066412097,7.0
0,0.03648343312485914,5.0
0,0.3368100083654516,5.0
0,0.057585598368105465,1.0
0,0.07194842438771315,1.0
0,0.1791915931140315,2.0
0,0.03776632448504387,1.0
0,0.31959633667183757,4.0
0,0.06668534366464039,1.0
0,0.04487880876130532,6.0
0,0.21309948094572892,3.0
0,0.06077146597686799,5.0
0,0.04584336030253785,4.0
0,0.039935910264239566,2.0
0,0.18198348067119036,6.0
0,0.028295734526149877,6.0
0,0.031199418401579162,4.0
0,0.05603018410397663,2.0
0,0.09508190773040463,5.0
0,0.0839768186004286,2.0
0,0.09252726740416922,1.0
0,0.024573589375444512,1.0
0,0.022326349907708595,6.0
0,0.09675701035278907,7.0
0,0.09424052912171138,3.0
1,0.05418005677178633,4.0
0,0.0680826846204645,6.0
0,0.03942098247952776,4.0
1,0.42148804709659005,1.0
0,0.06178502463485739,6.0
0,0.016998682961773932,6.0
0,0.09870551547081957,7.0
0,0.10737205808467638,5.0
0,0.02003243625863314,6.0
0,0.058916491312792724,5.0
0,0.06589426615438904,5.0
0,0.09912285603845399,4.0
0,0.19747526650481337,4.0
1,0.5031729037634364,1.0
0,0.18822746860211928,2.0
0,0.09520938380884822,7.0
0,0.022694943320283847,1.0
0,0.09675701035278907,7.0
1,0.0809950439073439,1.0
0,0.11755031147908167,7.0
0,0.09520938380884822,7.0
0,0.12458441030287548,7.0
0,0.07398546780659002,3.0
0,0.07108356712219925,6.0
0,0.0893197759698772,5.0
0,0.03668595343528532,5.0
1,0.2604322824958456,4.0
0,0.022773054388261323,2.0
0,0.07425390616652061,3.0
0,0.0352072119999962,5.0
0,0.15206448521619115,4.0
0,0.09520938380884822,7.0
0,0.35964854023592296,2.0
0,0.10423066280294502,3.0
1,0.28972580915654206,5.0
0,0.1145483378260772,6.0
0,0.0647094968622009,3.0
0,0.060359029284904844,5.0
0,0.14992747065411421,3.0
0,0.07544336738781293,6.0
0,0.028382916728829824,1.0
0,0.11948033395101891,3.0
1,0.5637005326788568,3.0
0,0.3865337468485044,3.0
0,0.3354511232652262,6.0
0,0.2173321066343561,4.0
0,0.04194474831579985,4.0
0,0.025278577048859996,1.0
0,0.04813557451575391,4.0
0,0.10681991123909648,6.0
0,0.06165874737032884,1.0
0,0.05311262269544192,4.0
0,0.03648343312485914,5.0
0,0.0632838632422608,3.0
0,0.08823673366357562,6.0
0,0.06661141141704335,6.0
0,0.05349699145441167,4.0
0,0.17429134514520747,4.0
0,0.06748879011955763,4.0
0,0.041927630839518656,5.0
0,0.22029384570348268,2.0
0,0.03468607661551215,5.0
1,0.1309729782145464,7.0
0,0.044279346673083315,3.0
0,0.018190307003798832,2.0
0,0.13683954037072307,1.0
0,0.08089515747226118,1.0
0,0.6478911220225503,2.0
0,0.13475469390304393,5.0
0,0.11895723057408492,4.0
0,0.03594411096200239,5.0
0,0.08658941010200978,5.0
0,0.09906545576778966,3.0
0,0.5727775801402717,4.0
1,0.44986175620105434,1.0
0,0.07629036469701282,6.0
0,0.05712411691571707,1.0
0,0.07760754309361474,5.0
0,0.0380272054096155,5.0
0,0.12026768051268062,6.0
1,0.1490377428411924,6.0
1,0.6084766105962015,4.0
0,0.27517106788687573,2.0
1,0.49429351238236924,4.0
1,0.5985575159312343,5.0
0,0.08369744835120457,1.0
1,0.6891425696089255,3.0
0,0.08880703289837151,4.0
0,0.09713007408728004,7.0
0,0.04045103646144197,6.0
0,0.08790891859871322,4.0
1,0.7691640693286474,6.0
0,0.07177499321311125,4.0
0,0.06305059453482005,2.0
0,0.18537810522282577,5.0
0,0.17429851606121924,3.0
0,0.40612800350795786,6.0
0,0.05443670786226955,4.0
0,0.0402538312754546,4.0
1,0.4211189703310992,2.0
0,0.06864443474662717,2.0
0,0.10126204056689458,6.0
0,0.09520938380884822,7.0
0,0.05305176726884551,6.0
0,0.05772861579176038,5.0
0,0.07032314869430885,3.0
0,0.036468314478247665,1.0
0,0.05287365238457794,5.0
0,0.0550785798710556,2.0
0,0.014181034945635091,2.0
0,0.05260245040748163,1.0
0,0.09026196877809023,5.0
0,0.1229106496284847,1.0
0,0.0352072119999962,5.0
1,0.05453722634315137,1.0
0,0.09520938380884822,7.0
0,0.09463608793637653,3.0
0,0.355360627882178,5.0
0,0.13002699520503042,7.0
0,0.06158200374220866,1.0
0,0.09315965660668789,6.0
0,0.056734616005098604,1.0
0,0.275286464983385,7.0
0,0.19217470484688565,5.0
0,0.0400758146370108,1.0
0,0.02582613645179335,2.0
0,0.01602654302247569,2.0
0,0.09082453960255256,1.0
0,0.07870541030588117,1.0
0,0.0374888283333563,2.0
0,0.09948115273651387,5.0
0,0.18293130948608755,3.0
0,0.05450785247446611,6.0
1,0.09007553596491277,2.0
1,0.08292244216712315,2.0
0,0.05435562289822687,2.0
0,0.04179555251360951,5.0
0,0.12078012412015475,7.0
0,0.3767441310636006,4.0
0,0.038136456787715246,5.0
0,0.09870551547081957,7.0
0,0.10421471920387933,1.0
0,0.04906049930213612,2.0
1,0.09958551472706477,7.0
0,0.3621384232452608,2.0
0,0.04687676123145522,1.0
0,0.048002340283983896,3.0
1,0.09366416056026061,1.0
0,0.07749307809433016,4.0
0,0.0828561914060072,2.0
0,0.04343926811820276,1.0
0,0.09086163995725169,3.0
0,0.09520938380884822,7.0
0,0.10894764959757443,7.0
0,0.033363492721048514,1.0
0,0.07850543216034761,1.0
0,0.048002340283983896,3.0
0,0.03362049958759588,6.0
0,0.11207769690364792,3.0
0,0.06976215433933497,3.0
0,0.2977161381116582,7.0
0,0.054808275009099815,2.0
0,0.03814596161121658,4.0
0,0.20536826852997378,1.0
0,0.06574762371214578,3.0
1,0.06656463183849663,5.0
0,0.2253056524377368,6.0
0,0.09288738484060145,6.0
0,0.055865098095890624,2.0
1,0.31050401085214235,7.0
0,0.02373822337065661,2.0
0,0.15966704298818063,4.0
0,0.10551771196073319,1.0
0,0.0893501031501912,2.0
0,0.25627886069722544,1.0
1,0.19139976673563716,1.0
1,0.20018003044518587,5.0
0,0.09975299922276071,1.0
1,0.12284899457332978,1.0
0,0.16593191200741542,7.0
1,0.17119163379129526,3.0
1,0.15057242862711387,1.0
1,0.5975557662499317,6.0
0,0.03858303391159415,5.0
1,0.09799755483679562,7.0
0,0.05816849445681625,1.0
0,0.03119709317326272,2.0
1,0.41172039482838363,6.0
0,0.05962503300069828,3.0
1,0.32298669451608525,4.0
1,0.41417306349756244,4.0
0,0.09870551547081957,7.0
0,0.06609003571400536,1.0
0,0.0701552380538342,4.0
0,0.04101989170363685,2.0
0,0.10333450807630715,7.0
0,0.05682429505360754,3.0
0,0.06581636816560822,3.0
1,0.27625661762040826,7.0
0,0.05792815210829375,6.0
0,0.044232339159113614,4.0
0,0.2257197076902879,5.0
0,0.0744789271493759,5.0
0,0.023122393572181002,1.0
0,0.5875215154360447,1.0
0,0.10588234522736066,4.0
0,0.09675701035278907,7.0
0,0.04355901557860227,4.0
0,0.10041139642496436,7.0
0,0.07097192182866037,6.0
0,0.04712569981373534,6.0
0,0.5616764539829497,1.0
0,0.07999567098681616,6.0
0,0.026248989310918652,1.0
0,0.10794689994998428,1.0
0,0.05893790574959421,6.0
0,0.0654561604999474,1.0
0,0.09870551547081957,7.0
0,0.11038913436299161,6.0
0,0.2906768837465568,6.0
0,0.09870551547081957,7.0
0,0.05176630608986836,6.0
0,0.09870551547081957,7.0
1,0.1705399887647967,7.0
0,0.16593191200741542,7.0
0,0.03286310467150968,4.0
0,0.14857390937074186,3.0
1,0.12967650011462495,5.0
0,0.2840192352795809,5.0
0,0.036393055734134115,4.0
0,0.16580950268195818,1.0
0,0.49079555618778015,2.0
1,0.30349388836287666,4.0
0,0.5392267901919472,6.0
0,0.09520938380884822,7.0
0,0.20111891402604884,5.0
0,0.09675701035278907,7.0
1,0.11240918419349119,3.0
0,0.1302141651705555,5.0
0,0.06751348388044837,6.0
0,0.21385789777634312,6.0
0,0.07634360974794599,1.0
0,0.049659721754609726,2.0
0,0.020339497017913266,6.0
0,0.04738646134593414,1.0
1,0.054751750535658235,3.0
0,0.1494716816326424,4.0
0,0.09520938380884822,7.0
0,0.033956124165577375,1.0
0,0.34282893813702026,6.0
0,0.048887476775639344,5.0
0,0.052465141335921846,6.0
0,0.07350972335356963,1.0
0,0.17969746815655394,1.0
0,0.07630280272419586,6.0
1,0.6765365879664182,5.0
1,0.09870551547081957,7.0
0,0.06672448295138107,6.0
0,0.0607869614756914,2.0
0,0.09164792681424729,4.0
0,0.05742661418147053,5.0
0,0.05729045751828764,6.0
0,0.07264471845195056,4.0
0,0.26218202220038067,2.0
0,0.09967592708475492,4.0
0,0.11956061032204142,2.0
0,0.1270528942066885,5.0
1,0.35235134854121314,4.0
0,0.1403183768420869,6.0
0,0.33232712349170673,2.0
0,0.07842746933801174,1.0
0,0.21642178278261268,2.0
0,0.16668198528150943,6.0
0,0.0352072119999962,5.0
0,0.05206619270465879,6.0
0,0.03457695466360555,4.0
0,0.1099346032765094,2.0
0,0.03300835821425462,4.0
0,0.03432223026530028,4.0
0,0.09520938380884822,7.0
0,0.09675701035278907,7.0
0,0.2169463440515877,4.0
0,0.053363054719788666,5.0
0,0.01885634106353589,6.0
0,0.018256088393945245,6.0
0,0.026396901186325022,6.0
0,0.12918607245331373,7.0
0,0.018724190287516575,2.0
0,0.06991308866448905,5.0
0,0.14855211508404276,4.0
0,0.49048030798205766,5.0
0,0.048730893335829126,4.0
0,0.06454109346995594,1.0
0,0.026791739942966297,2.0
0,0.09536839711761885,2.0
0,0.08758471527360859,1.0
1,0.11590761541923916,7.0
0,0.04299694904741397,5.0
0,0.01578229033978638,2.0
0,0.029426151998218266,4.0
0,0.11576264826785793,4.0
0,0.10413190970507727,6.0
0,0.09870551547081957,7.0
1,0.3052222191933132,7.0
0,0.043649269816886514,3.0
1,0.16035425765941339,5.0
0,0.06437805796923142,3.0
0,0.06626665141626499,5.0
0,0.2608167129171751,3.0
0,0.09520938380884822,7.0
0,0.03251314175192125,2.0
0,0.21930592670256432,7.0
1,0.09948474274666469,5.0
0,0.12409634034984085,7.0
0,0.13004280726272188,7.0
0,0.0937660345904321,2.0
0,0.029426151998218266,4.0
0,0.17599567116175133,2.0
0,0.03611303787268278,5.0
0,0.049269398527985175,6.0
0,0.05246297695519007,2.0
0,0.019916693271203007,1.0
1,0.18761632176435836,4.0
0,0.06089464747158722,4.0
0,0.09520938380884822,7.0
1,0.5662799253501464,3.0
0,0.39178800959729376,3.0
0,0.10539857265161875,1.0
0,0.07381048472291894,6.0
0,0.11245829520787695,2.0
0,0.12356759086279004,1.0
0,0.07271945028815485,5.0
0,0.03484930485422617,5.0
0,0.09899185320251246,3.0
0,0.015803511921437998,2.0
0,0.08518638589829237,3.0
0,0.050692849594482926,1.0
0,0.16494163689953092,1.0
0,0.04491685636668601,4.0
0,0.17767370533276558,2.0
1,0.11944950817977566,3.0
0,0.10513196520879407,4.0
0,0.2055918948835365,3.0
0,0.09520938380884822,7.0
0,0.12750302211780454,4.0
0,0.09578244168714774,1.0
0,0.13823159265722784,5.0
0,0.13138195238064454,5.0
0,0.14363306768245507,5.0
0,0.10289173345435496,5.0
0,0.02973681560225201,1.0
0,0.022538075039516436,2.0
0,0.06828629770673895,3.0
0,0.10714502907347834,7.0
1,0.1719751838794814,1.0
0,0.09520938380884822,7.0
0,0.03468607661551215,5.0
0,0.06411228652210942,6.0
0,0.09675701035278907,7.0
0,0.03432223026530028,4.0
0,0.0190793732864921,2.0
0,0.0643751098331682,2.0
0,0.1582582713816773,1.0
0,0.055155805185588595,5.0
0,0.06334378194715505,2.0
0,0.0772002094206925,6.0
0,0.040075885187858616,4.0
0,0.04873647530009857,6.0
0,0.1305165718350776,3.0
0,0.09682320720038323,3.0
0,0.10504941127285972,6.0
0,0.04738707017009046,4.0
0,0.03231827213768707,2.0
0,0.07414360414512784,5.0
0,0.04702166858211916,1.0
1,0.4334249009437052,4.0
0,0.12915363560531923,4.0
0,0.08425872350049242,2.0
0,0.1326239552412387,6.0
0,0.03799879870485614,5.0
0,0.07518031971265503,2.0
0,0.06430798156947977,3.0
0,0.020083316032512084,6.0
0,0.09697199403415895,3.0
0,0.06661706970018663,5.0
0,0.05247079958608631,6.0
0,0.05679456425712258,1.0
0,0.4128645749388554,4.0
1,0.47244502872588295,6.0
1,0.10593729416465618,3.0
0,0.19217500813368774,5.0
0,0.10441689665142168,3.0
0,0.07092207982903005,1.0
0,0.23557251105530225,1.0
0,0.17889906756237292,7.0
0,0.05218467850103448,3.0
0,0.042146277991743884,2.0
0,0.07161326054989656,3.0
0,0.09675701035278907,7.0
0,0.03959828330211086,6.0
0,0.1322531960276269,2.0
0,0.06752398127847307,3.0
0,0.12078012412015475,7.0
0,0.14550834199990595,7.0
0,0.10849878233464137,7.0
0,0.11265350350643627,3.0
0,0.07511124504771072,5.0
0,0.04194156676160238,2.0
0,0.12808692637675612,3.0
0,0.03844455858323878,5.0
0,0.05359819693828024,1.0
0,0.016328508025664133,2.0
0,0.06374336840457054,6.0
0,0.04313152261239052,6.0
0,0.1440139022990506,7.0
0,0.05707818636101905,3.0
0,0.0633170666666964,3.0
0,0.16024682155387449,3.0
0,0.3972129617482993,7.0
0,0.046354830877846594,2.0
0,0.048145033460703604,1.0
0,0.09870551547081957,7.0
1,0.13733812509039406,5.0
0,0.17270725661844705,7.0
0,0.15498826727468534,7.0
0,0.05823427394893804,6.0
0,0.0744185165722217,6.0
0,0.058284939500751795,3.0
0,0.04146370393903068,1.0
0,0.03474726879004455,6.0
0,0.05071043958550364,1.0
0,0.0402538312754546,4.0
0,0.07391304183326314,5.0
0,0.11458929710208164,3.0
0,0.016410098881636862,2.0
0,0.043434767874705404,5.0
0,0.09870551547081957,7.0
0,0.029426151998218266,4.0
0,0.017714680620893104,6.0
0,0.06390490522045436,5.0
0,0.03300835821425462,4.0
0,0.09520938380884822,7.0
0,0.07318021772574317,3.0
0,0.03714234376090275,5.0
0,0.18336531752957624,7.0
0,0.028868980018132342,1.0
0,0.029165054525668085,6.0
0,0.11500788731094223,4.0
1,0.21553349748164607,4.0
0,0.023501721321636034,1.0
0,0.015970172895513793,2.0
1,0.09046407805729062,2.0
0,0.22542216069445153,4.0
0,0.044279346673083315,3.0
0,0.0493386126763886,6.0
0,0.08091108586466121,6.0
0,0.019332840938616626,1.0
1,0.624641777568202,1.0
0,0.05668560014089983,6.0
0,0.09313064067090872,1.0
0,0.05993035761766941,6.0
0,0.22368939353861175,5.0
0,0.03562706395632402,2.0
0,0.01861954995675217,6.0
0,0.03354979456309791,1.0
0,0.34108539837238233,7.0
0,0.035010316733557874,5.0
0,0.035010316733557874,5.0
0,0.00933361380071656,2.0
0,0.035128853676991756,5.0
0,0.039965044753764285,1.0
0,0.15409929586578724,1.0
0,0.08402323033167561,6.0
0,0.09870551547081957,7.0
0,0.4924908675307962,5.0
0,0.03508164889515798,6.0
0,0.07725635674467958,5.0
0,0.09870551547081957,7.0
0,0.09870551547081957,7.0
0,0.31116017931584244,5.0
0,0.07280204517603672,6.0
0,0.04823142703652933,5.0
0,0.13385972693361142,4.0
0,0.19154378467376237,2.0
0,0.1264091637478157,5.0
0,0.061216131543182034,6.0
0,0.09629336972380503,3.0
1,0.45005769482294805,6.0
1,0.3505992777332657,1.0
0,0.18942785209515467,6.0
0,0.08210093616770815,3.0
0,0.14994882147163674,3.0
1,0.20455198092211324,7.0
0,0.0535368788053332,6.0
0,0.041977250469039155,1.0
0,0.17768797465841132,3.0
0,0.15339126374205345,7.0
0,0.40014520192893366,2.0
0,0.0947788837276694,5.0
0,0.12279625948803467,7.0
0,0.19571006085456938,4.0
0,0.13413729654131673,7.0
0,0.029426151998218266,4.0
0,0.047964806631346384,3.0
0,0.06596239966181133,6.0
0,0.06607518603555619,4.0
0,0.027554402406178194,1.0
0,0.06400917984624094,5.0
0,0.05940942992087569,6.0
1,0.09870551547081957,7.0
0,0.08376170933450904,2.0
0,0.05864101510581073,5.0
0,0.05725472975215132,2.0
0,0.08095132345627457,3.0
0,0.09870551547081957,7.0
1,0.09666296745382388,1.0
0,0.08594466192241329,3.0
0,0.0512818885039977,6.0
0,0.07732811671062612,2.0
0,0.09189501268749252,3.0
0,0.17417980827604082,5.0
0,0.45391832797099724,6.0
0,0.17515143901805677,2.0
0,0.19753245610351786,4.0
0,0.05779566584659482,5.0
0,0.04263600323530804,6.0
0,0.07613234040051055,6.0
0,0.11049234074693667,5.0
0,0.09870551547081957,7.0
0,0.28865012793897415,5.0
0,0.03970992802787414,2.0
0,0.06401969861308464,1.0
0,0.02840613356964742,1.0
0,0.05868345888598122,5.0
0,0.04613038805908237,2.0
0,0.05248643742907584,4.0
0,0.0634117453236248,5.0
0,0.043997129359601206,6.0
0,0.09870551547081957,7.0
0,0.09675701035278907,7.0
0,0.059348443134701966,4.0
1,0.19982080279117595,6.0
0,0.1971196210499869,5.0
0,0.039986589138294615,4.0
0,0.04243117182400726,4.0
0,0.09713007408728004,7.0
1,0.18615526427093224,2.0
1,0.4963804268731435,3.0
0,0.05047009549829041,1.0
0,0.09980569979961103,5.0
0,0.12274582196137593,1.0
0,0.42198896187919227,7.0
0,0.18462866817690896,7.0
0,0.18310671785780455,6.0
0,0.3629031774193774,4.0
0,0.2615751470327674,3.0
0,0.21386639235719979,5.0
0,0.05764789934864735,5.0
0,0.09958551472706477,7.0
0,0.03981315093205186,6.0
0,0.12231212226018841,7.0
0,0.08521248685253117,4.0
0,0.3387000503329686,1.0
0,0.07985310365636698,4.0
0,0.09870551547081957,7.0
0,0.428501765809054,5.0
0,0.2803871649516745,6.0
1,0.039217005147070966,1.0
1,0.05548427730978379,4.0
0,0.07431324575050406,4.0
0,0.050693516410880476,5.0
0,0.06523122979999299,1.0
0,0.09870551547081957,7.0
0,0.03870735317657792,5.0
1,0.26212497078577246,6.0
0,0.10979142783016464,2.0
0,0.06651868817608297,3.0
1,0.16379887822284694,2.0
0,0.0722489393567023,6.0
0,0.5636705371911949,5.0
0,0.4942597951244874,1.0
1,0.45743282376950195,5.0
0,0.05476033291907683,5.0
0,0.1604829520216186,5.0
0,0.041830952857346164,4.0
0,0.054392394006074055,1.0
0,0.0249284767802432,2.0
0,0.05436964819218276,5.0
0,0.09870551547081957,7.0
1,0.13672462341469818,7.0
0,0.25977228212457154,2.0
1,0.15110740714137003,1.0
0,0.24269669396878935,6.0
1,0.19374694956059932,5.0
0,0.02513194455093824,1.0
0,0.05865733450525475,2.0
0,0.04617231704229422,1.0
0,0.03885910317199928,2.0
0,0.09713007408728004,7.0
0,0.27310647762905715,3.0
1,0.03631073731681312,4.0
0,0.043073640810081915,4.0
0,0.059582993049667715,6.0
0,0.09870551547081957,7.0
0,0.09870551547081957,7.0
0,0.054062330096531844,4.0
0,0.06028977431170475,4.0
0,0.04698352472881145,2.0
0,0.0344294377437338,1.0
1,0.2969968490552361,4.0
0,0.07264419127697377,4.0
0,0.12406537712180055,3.0
0,0.08327425179898501,5.0
0,0.11005124223071965,6.0
0,0.07731219793166327,4.0
0,0.09314516481666625,1.0
0,0.0699239360117163,2.0
0,0.05434544213307497,5.0
0,0.03475700442970297,1.0
0,0.05763016291918351,1.0
0,0.06166591193832839,5.0
0,0.028165536686471496,2.0
0,0.07206562397260177,1.0
0,0.06594754070802578,3.0
0,0.06397934621197883,3.0
0,0.05443493098385168,1.0
0,0.08884915369485402,3.0
0,0.07928340982059669,1.0
0,0.09870551547081957,7.0
0,0.06651868817608297,3.0
1,0.4265635688188705,1.0
0,0.433834604219252,7.0
0,0.17270725661844705,7.0
1,0.25704032882249095,5.0
0,0.19939271001691838,6.0
0,0.0402538312754546,4.0
0,0.0345167990369692,4.0
0,0.06116727109212349,5.0
0,0.1788155888851928,6.0
0,0.09870551547081957,7.0
0,0.05140090213161969,4.0
0,0.05994502540892139,5.0
0,0.09520938380884822,7.0
1,0.02293772107164171,2.0
1,0.24130115770182747,6.0
0,0.046625605515223406,6.0
0,0.04625209411090444,5.0
0,0.12828730157505974,5.0
0,0.08647279425833168,4.0
0,0.03524709192126853,4.0
0,0.03584113432233168,6.0
0,0.019265431703594696,2.0
0,0.09799755483679562,7.0
0,0.09830080286130623,4.0
1,0.7118481502978455,4.0
0,0.08037906930466002,1.0
0,0.8428695013550769,6.0
0,0.09958551472706477,7.0
0,0.06565694444289383,3.0
0,0.09870551547081957,7.0
0,0.09114524689536278,1.0
0,0.043558042541143926,1.0
0,0.06028135225367783,4.0
0,0.07081082710583571,5.0
0,0.03938974101116827,6.0
0,0.5758643387725543,2.0
0,0.06440241228759692,1.0
0,0.07377998604593869,5.0
0,0.0676210589211277,3.0
0,0.09870551547081957,7.0
0,0.06335218965591086,5.0
0,0.09713007408728004,7.0
0,0.3242006460193928,7.0
1,0.3701709065658477,3.0
0,0.0843314926452624,5.0
0,0.1438721085398354,2.0
1,0.08323352669201277,5.0
0,0.04070584788441776,4.0
0,0.04668814366626407,3.0
0,0.32012212937831214,7.0
1,0.22053473983729252,7.0
0,0.09520938380884822,7.0
0,0.03870735317657792,5.0
1,0.023850472016746397,2.0
0,0.036886299366442575,6.0
0,0.07032314869430885,3.0
0,0.06743110256373,4.0
1,0.16370613086460356,5.0
0,0.06659273883283982,3.0
0,0.10873838930449123,3.0
0,0.048002340283983896,3.0
0,0.07692442421973768,4.0
0,0.09520938380884822,7.0
0,0.057791831410535024,1.0
1,0.11208829991905128,7.0
0,0.07013464036506796,5.0
0,0.09947536168339774,1.0
0,0.03892406343932129,2.0
0,0.10895764745251381,2.0
0,0.012557101539026679,2.0
0,0.07098656871096581,1.0
0,0.020606137404363793,2.0
0,0.0443815992420516,1.0
0,0.09030913564779519,5.0
0,0.0467247273291271,3.0
0,0.04682320038803817,5.0
0,0.044529122273001744,2.0
0,0.05377054570399597,5.0
0,0.08781498608479686,3.0
0,0.048002340283983896,3.0
0,0.1414502508888077,1.0
0,0.02442659733140449,1.0
1,0.5026722263359329,5.0
0,0.11268230494557015,1.0
1,0.04121245035524645,4.0
1,0.13175305695517928,1.0
0,0.06130948878123529,6.0
0,0.1481156527117515,3.0
0,0.07719115401278859,6.0
0,0.0732726327100317,6.0
1,0.14127636428740128,6.0
0,0.06651868817608297,3.0
0,0.09713007408728004,7.0
0,0.1487228020663348,6.0
0,0.4747968606931466,5.0
0,0.07565861331077288,5.0
0,0.2878361861140833,3.0
1,0.17434585596996055,1.0
0,0.0918193910031387,5.0
0,0.09870551547081957,7.0
0,0.11995908634704379,6.0
0,0.03616961970376718,2.0
0,0.042687778143574655,6.0
0,0.04168622184340026,4.0
0,0.09870551547081957,7.0
0,0.12737817496680706,2.0
0,0.04763435858878797,2.0
1,0.22752032041961287,7.0
0,0.0628245193392662,4.0
0,0.09870551547081957,7.0
1,0.08096067137854292,3.0
0,0.0576160662785812,1.0
1,0.13346494896855254,7.0
0,0.41552459170437467,5.0
0,0.05483165358477311,2.0
0,0.5117848400495495,1.0
1,0.34646921208976633,3.0
0,0.7505934975967606,2.0
0,0.042597718570275556,5.0
0,0.08000267296385616,1.0
0,0.08905095172604748,5.0
0,0.08085907235149595,1.0
0,0.08235327047250207,3.0
0,0.03870735317657792,5.0
0,0.062456473718645954,5.0
0,0.09870551547081957,7.0
0,0.7956345146755124,2.0
1,0.15498826727468534,7.0
0,0.29524968320471484,6.0
0,0.06281374546571947,5.0
0,0.0537641290876249,1.0
0,0.21820268069909626,6.0
0,0.06349941417078768,1.0
1,0.44511210588790245,3.0
0,0.03425723388038165,4.0
0,0.05268223102678627,5.0
0,0.09675701035278907,7.0
0,0.063107039206061,1.0
0,0.08776951330664161,5.0
0,0.09870551547081957,7.0
0,0.05213518416098162,6.0
0,0.03126877929486335,1.0
0,0.06042137963953967,2.0
0,0.49979397624891586,6.0
1,0.09112147698635281,3.0
0,0.036235168183756744,5.0
0,0.056730881139711246,2.0
0,0.029976011685890522,2.0
0,0.07758206950681129,3.0
0,0.2357146935215374,7.0
0,0.0589319100554068,1.0
0,0.06905214953457561,1.0
1,0.07272616964653916,1.0
0,0.09270201511770176,4.0
0,0.038136456787715246,5.0
0,0.06436683420179677,2.0
0,0.030854844484551176,6.0
0,0.040075885187858616,4.0
0,0.16306626420151846,6.0
0,0.03569034371695963,4.0
0,0.049001378139363866,2.0
0,0.17036710711711986,6.0
0,0.02789875071132441,2.0
0,0.061408436258698545,5.0
0,0.07007006468833546,2.0
0,0.09870551547081957,7.0
0,0.019153048314131726,2.0
0,0.04328616139798314,6.0
0,0.03594411096200239,5.0
1,0.1604254318868474,1.0
0,0.0689087494005484,2.0
0,0.188275930885908,1.0
0,0.17829837568915927,1.0
1,0.1564682325212892,5.0
1,0.0593766791182015,4.0
0,0.07109854470944586,3.0
0,0.2866484677703913,5.0
0,0.0633734033554342,1.0
0,0.050398590176987806,2.0
0,0.03823550485331339,6.0
0,0.012416828665247698,2.0
0,0.06757789863100891,2.0
0,0.07170465855716769,1.0
0,0.12220900641806694,6.0
0,0.4543148592568483,4.0
0,0.5555646305626669,6.0
1,0.126838166469929,4.0
0,0.13165165732664472,5.0
0,0.6074047485780275,5.0
1,0.045669913565794716,1.0
0,0.10541751450274672,2.0
0,0.22416780457936344,3.0
0,0.03397123950385009,2.0
0,0.04787915693470902,4.0
0,0.07565529440542576,2.0
0,0.15346163068727423,7.0
0,0.03104403169300926,1.0
0,0.06615306663509396,5.0
0,0.05742661418147053,5.0
0,0.09870551547081957,7.0
1,0.14591724857063168,5.0
0,0.15477122177305686,3.0
0,0.05851100244309601,1.0
1,0.13002699520503042,7.0
0,0.09870551547081957,7.0
0,0.09520938380884822,7.0
1,0.5547454768260511,3.0
0,0.10656703299451596,4.0
0,0.03648343312485914,5.0
0,0.03959403491509986,4.0
0,0.03649111294562099,5.0
0,0.06837995598694628,2.0
0,0.024774929887177725,2.0
0,0.061586657632889216,1.0
0,0.14872144202494683,1.0
0,0.09675701035278907,7.0
0,0.17623252161597255,6.0
0,0.03524709192126853,4.0
0,0.10028586817454482,4.0
0,0.019806750879389642,2.0
0,0.06542396575527853,3.0
0,0.0995589147977766,1.0
0,0.029106924444676496,2.0
0,0.05325089265243576,5.0
0,0.14598992383333262,7.0
0,0.055645996656211665,3.0
0,0.15479545708826553,1.0
0,0.22897442659817802,6.0
0,0.044539371967145164,1.0
1,0.07926425640465308,4.0
0,0.043925472771818436,5.0
0,0.09870551547081957,7.0
0,0.06887620669707994,3.0
1,0.42198896187919227,7.0
1,0.09309817646630747,3.0
0,0.06651868817608297,3.0
0,0.043990135323285745,2.0
0,0.16629223789259068,1.0
0,0.11211292206295867,6.0
0,0.1503046676054524,5.0
1,0.2060248468718521,6.0
0,0.07624788839993235,5.0
0,0.022639971531746104,2.0
0,0.04532268212398864,1.0
0,0.08939209187447522,4.0
0,0.08701014253424443,1.0
1,0.6400974828916752,5.0
0,0.08135296124537944,4.0
0,0.08423386318660735,3.0
0,0.09958551472706477,7.0
1,0.08580905001626694,6.0
1,0.04820140426937365,5.0
0,0.018478510450783858,6.0
0,0.06887373780181152,5.0
0,0.09870551547081957,7.0
0,0.055569746524240154,3.0
0,0.07095253076304671,6.0
0,0.05453641782911985,5.0
0,0.3255494954425133,2.0
0,0.06831963882824958,1.0
0,0.08135502987218726,3.0
0,0.30205637683900466,7.0
0,0.02382407769253741,2.0
1,0.05493744975062026,4.0
0,0.1328304577285972,7.0
0,0.09713007408728004,7.0
0,0.12575337102889642,7.0
0,0.09011141658619998,4.0
0,0.055645996656211665,3.0
0,0.10791331837770715,3.0
0,0.14821614441004372,1.0
0,0.2878684469401944,2.0
0,0.031226467999753118,1.0
0,0.21645835785441941,3.0
0,0.09870551547081957,7.0
1,0.03648343312485914,5.0
0,0.04052440772333527,4.0
0,0.12685190562694446,3.0
0,0.2605876345159143,2.0
0,0.09870551547081957,7.0
0,0.1929311962734194,4.0
0,0.16853106721705113,3.0
0,0.09314046099264507,4.0
1,0.3123031642527289,3.0
0,0.04668814366626407,3.0
0,0.17835221424759456,5.0
0,0.14300068498033558,4.0
0,0.050535867054785036,4.0
0,0.07200512182574544,3.0
0,0.1536130174705409,4.0
0,0.19303194907912136,3.0
0,0.24176572970347296,7.0
0,0.20552640371898653,1.0
0,0.41552717396736755,1.0
0,0.062164224586100075,3.0
0,0.07029933372126905,2.0
0,0.058478373897638734,5.0
0,0.054472267614313195,6.0
0,0.09713007408728004,7.0
0,0.050558465969433426,2.0
0,0.0669611932444841,5.0
0,0.04681840702918057,1.0
0,0.1519012990763256,3.0
0,0.05988823105663579,3.0
0,0.04668814366626407,3.0
0,0.010644628305279142,2.0
0,0.12574575606709668,4.0
0,0.3781045440152907,3.0
0,0.031195095326142896,2.0
0,0.1497405512240875,1.0
0,0.08076481141674266,6.0
0,0.1460115947852381,5.0
1,0.31979735841301454,2.0
0,0.22604381965924358,6.0
0,0.059496858479873876,5.0
0,0.06402589929059839,4.0
0,0.048002340283983896,3.0
1,0.36705325405369055,3.0
1,0.2823704719828794,6.0
1,0.43738190025491036,2.0
0,0.024465550980485643,2.0
0,0.06936135077333351,2.0
0,0.03609527655312714,6.0
0,0.04681454973590173,4.0
0,0.07014409028069034,3.0
0,0.16991272586150166,3.0
0,0.2721756083046103,7.0
0,0.08120220571743922,2.0
1,0.05592661682929247,6.0
0,0.03738723890486051,1.0
0,0.04913359274743002,1.0
0,0.14072216408797153,5.0
0,0.09092272241750413,2.0
0,0.0794127732104441,1.0
0,0.05429313005464782,6.0
0,0.22891645717256498,3.0
0,0.09870551547081957,7.0
0,0.0557849530344041,5.0
0,0.06118973541700658,5.0
1,0.1816489790484928,2.0
1,0.3972129617482993,7.0
0,0.4314647393924417,3.0
0,0.08017330654618973,4.0
0,0.0530363771538439,1.0
0,0.06460533246027865,2.0
0,0.06510062898488028,4.0
0,0.079595825089175,2.0
0,0.09958551472706477,7.0
0,0.06538990011121726,5.0
1,0.11499349541942447,5.0
0,0.07423940853129177,4.0
0,0.23000199276322825,4.0
1,0.0794094527150445,4.0
0,0.05938631782538782,6.0
0,0.056277754615518025,4.0
0,0.058128457625785245,5.0
1,0.14938815101864217,7.0
0,0.045194127360677364,4.0
0,0.048453241630586424,3.0
0,0.09675701035278907,7.0
0,0.09870551547081957,7.0
0,0.0345167990369692,4.0
0,0.1911302461907282,6.0
0,0.09870551547081957,7.0
0,0.055232643905359875,4.0
0,0.12075192365598866,3.0
0,0.1231627557618294,4.0
0,0.06869350669773039,6.0
0,0.05707818636101905,3.0
0,0.09870551547081957,7.0
0,0.03600183249682943,2.0
0,0.12078012412015475,7.0
0,0.12270757864733178,1.0
0,0.04581709345868716,2.0
1,0.7368771715346676,2.0
0,0.048002340283983896,3.0
0,0.08160224282051397,3.0
0,0.05727478705741866,2.0
0,0.05798640537865035,6.0
0,0.05912231088396869,3.0
1,0.2677487370394121,7.0
0,0.055645996656211665,3.0
1,0.3807525038689289,1.0
0,0.05612992194862955,6.0
0,0.09878541061847178,3.0
0,0.09870551547081957,7.0
0,0.27620194597904285,3.0
0,0.029426151998218266,4.0
0,0.09675701035278907,7.0
0,0.08352914990509946,3.0
1,0.6638097271065563,3.0
0,0.0758384994508993,1.0
1,0.05734760282448027,2.0
0,0.06419702256988412,4.0
1,0.6239761281723307,2.0
0,0.19750952912568465,2.0
0,0.09713007408728004,7.0
0,0.039423887816999875,2.0
0,0.13804703758820439,5.0
0,0.04822250558603858,6.0
0,0.03665097096006658,1.0
0,0.6825319561800689,1.0
0,0.051726495964581086,6.0
0,0.17993977707727818,1.0
0,0.08179990324341349,4.0
0,0.12486298778488969,6.0
0,0.02810757603764627,2.0
0,0.2536782058910961,1.0
0,0.05686325455558716,4.0
0,0.09520938380884822,7.0
0,0.056151451867862905,5.0
0,0.03398421926074952,2.0
0,0.07877067138559862,5.0
0,0.030573229649544793,4.0
0,0.184354526518827,5.0
0,0.05224575351206731,3.0
0,0.09799755483679562,7.0
0,0.04749068606547169,6.0
0,0.04034499053575487,6.0
0,0.06584766513931904,4.0
0,0.11567727601596724,1.0
0,0.127942272034034,7.0
0,0.09799755483679562,7.0
0,0.03599151948859885,6.0
0,0.0638335181303369,3.0
0,0.5330258120602335,3.0
0,0.28887155358858124,4.0
0,0.1411107616816571,3.0
0,0.09958551472706477,7.0
0,0.03051475807726473,6.0
0,0.08063675263994523,6.0
0,0.03705823266285447,5.0
0,0.05762569380995204,2.0
0,0.09870551547081957,7.0
0,0.07580889017215443,2.0
0,0.030263773333752006,1.0
0,0.049676058463570476,4.0
0,0.08149655649871862,4.0
0,0.02903992004652458,2.0
0,0.0349859608455424,2.0
0,0.2561124317612227,1.0
0,0.14597528241876304,1.0
0,0.42016658402211765,4.0
0,0.1426980560297645,7.0
0,0.2500561880553683,2.0
0,0.09684131669008726,1.0
0,0.12078012412015475,7.0
0,0.1489440336720905,7.0
0,0.03665170834210327,5.0
0,0.022790401436306906,2.0
1,0.08896166858453204,4.0
0,0.03458942357851716,6.0
0,0.09304508671367603,4.0
0,0.06130950208136944,1.0
0,0.07860691520195212,6.0
0,0.04503963658465251,1.0
0,0.043649269816886514,3.0
0,0.1056466068775315,3.0
0,0.045596684261518756,4.0
0,0.1293934027619817,4.0
0,0.12470627425314493,4.0
0,0.09870551547081957,7.0
0,0.1414905683288207,3.0
0,0.03425723388038165,4.0
0,0.03170435624456698,6.0
0,0.09870551547081957,7.0
0,0.052036390428028156,5.0
0,0.17384220469298173,4.0
0,0.23561269630287884,2.0
0,0.06582482642429638,6.0
0,0.1279539586882415,3.0
0,0.04329295675560662,2.0
0,0.03582280749328118,6.0
0,0.03665170834210327,5.0
0,0.027505743580131144,1.0
0,0.09675701035278907,7.0
0,0.015751657445866242,2.0
1,0.654520076032143,5.0
0,0.09306893055882483,4.0
0,0.14042841826043165,3.0
1,0.13002699520503042,7.0
0,0.11755031147908167,7.0
0,0.05821576357683931,4.0
1,0.40858126767186337,2.0
0,0.1147340114048896,6.0
