ProdTaken,xgboost_prediction,fold
1,0.8640279173851013,4.0
0,0.021075336262583733,3.0
1,0.11706912517547607,7.0
0,0.058082111179828644,1.0
1,0.4930785894393921,3.0
0,0.8821902871131897,3.0
0,0.10585090517997742,1.0
0,0.3046765923500061,2.0
1,0.5475284457206726,5.0
0,0.12991060316562653,6.0
0,0.011574514210224152,3.0
0,0.012431468814611435,3.0
0,0.013868485577404499,3.0
0,0.04466398060321808,7.0
1,0.20280703902244568,3.0
1,0.2359946370124817,5.0
1,0.9110546708106995,3.0
1,0.008316627703607082,3.0
0,0.43372735381126404,3.0
0,0.29249635338783264,2.0
0,0.013490145094692707,3.0
0,0.14181427657604218,1.0
1,0.1618642657995224,6.0
0,0.05993672087788582,5.0
0,0.28364643454551697,1.0
0,0.007830193266272545,3.0
0,0.08729476481676102,7.0
0,0.003415434854105115,4.0
0,0.009827544912695885,4.0
1,0.9521279335021973,5.0
0,0.07208205759525299,5.0
0,0.03728177025914192,3.0
0,0.3475481867790222,6.0
0,0.05764367803931236,5.0
0,0.7228826284408569,3.0
1,0.8021823167800903,5.0
0,0.08106424659490585,7.0
0,0.03138275444507599,2.0
0,0.0020415792241692543,4.0
0,0.0056524151004850864,7.0
1,0.04732585698366165,7.0
1,0.32464665174484253,3.0
0,0.02061772532761097,4.0
0,0.5638377070426941,3.0
0,0.014970011077821255,7.0
0,0.03623763844370842,5.0
0,0.18931154906749725,2.0
0,0.03760981559753418,3.0
1,0.17159220576286316,7.0
0,0.07337081432342529,7.0
0,0.12707237899303436,2.0
0,0.024476414546370506,6.0
0,0.007004034239798784,5.0
0,0.051699500530958176,1.0
0,0.0015238653868436813,2.0
0,0.22770008444786072,3.0
0,0.33078232407569885,7.0
1,0.055424612015485764,3.0
0,0.01074901595711708,6.0
1,0.8600760102272034,7.0
0,0.3705121576786041,1.0
1,0.8491700887680054,1.0
0,0.03948794677853584,4.0
0,0.3504723012447357,1.0
0,0.008734660223126411,5.0
0,0.0034895821008831263,6.0
0,0.05239256098866463,6.0
0,0.013122506439685822,2.0
0,0.7161217927932739,3.0
0,0.1905297040939331,3.0
1,0.3303614556789398,1.0
0,0.0035529243759810925,4.0
0,0.02438214235007763,2.0
0,0.1578405499458313,7.0
1,0.43765607476234436,7.0
0,0.22164957225322723,2.0
0,0.04092123731970787,6.0
0,0.03446865454316139,3.0
0,0.17812223732471466,4.0
0,0.004351712763309479,1.0
0,0.0437547005712986,3.0
0,0.1607770025730133,5.0
0,0.01920687034726143,2.0
0,0.006458314135670662,7.0
1,0.7650775909423828,6.0
0,0.2318015843629837,4.0
1,0.7605526447296143,3.0
0,0.008150155656039715,6.0
0,0.15338025987148285,6.0
0,0.15177255868911743,6.0
1,0.49385085701942444,5.0
0,0.5121311545372009,3.0
0,0.3397388160228729,7.0
0,0.0708325207233429,2.0
0,0.09793779253959656,4.0
0,0.018189644441008568,1.0
1,0.06408894807100296,7.0
1,0.3103010356426239,7.0
1,0.21044766902923584,6.0
0,0.05011465400457382,7.0
1,0.6075321435928345,2.0
1,0.8204465508460999,4.0
1,0.8976839780807495,5.0
1,0.25181832909584045,3.0
1,0.6656851768493652,5.0
0,0.06466798484325409,1.0
0,0.0804237574338913,6.0
1,0.44527363777160645,4.0
1,0.9373515248298645,6.0
0,0.0033470974303781986,6.0
0,0.35009756684303284,5.0
1,0.20799854397773743,5.0
0,0.0034047893714159727,1.0
0,0.05788731202483177,7.0
0,0.03995594009757042,7.0
0,0.011229646392166615,5.0
0,0.008405816741287708,6.0
0,0.08007103949785233,7.0
0,0.7255731225013733,6.0
0,0.21786251664161682,6.0
0,0.2062848061323166,5.0
1,0.2721017003059387,2.0
0,0.07772000133991241,5.0
0,0.28557756543159485,4.0
1,0.8974387645721436,2.0
0,0.06884213536977768,6.0
0,0.02118758112192154,4.0
0,0.05839194357395172,3.0
1,0.29906442761421204,3.0
0,0.016908887773752213,3.0
0,0.04520469158887863,7.0
0,0.004290350247174501,4.0
1,0.31920114159584045,3.0
0,0.031022973358631134,3.0
0,0.0355142280459404,1.0
0,0.06238371878862381,2.0
0,0.0893118679523468,7.0
0,0.07848338782787323,2.0
0,0.576801061630249,5.0
0,0.25970640778541565,3.0
0,0.009737676940858364,2.0
0,0.011042756959795952,3.0
0,0.25166529417037964,2.0
0,0.6564647555351257,4.0
1,0.30539390444755554,2.0
1,0.1174953505396843,4.0
0,0.2657797932624817,1.0
0,0.21468287706375122,6.0
0,0.7053418159484863,2.0
0,0.05668885260820389,7.0
0,0.02638198621571064,1.0
0,0.04367746412754059,2.0
0,0.006778349168598652,1.0
0,0.008191156201064587,1.0
0,0.6581286787986755,1.0
0,0.10142236202955246,4.0
0,0.011247397400438786,7.0
0,0.44570255279541016,1.0
0,0.26335132122039795,3.0
1,0.9224040508270264,4.0
0,0.012296372093260288,7.0
0,0.017660148441791534,3.0
0,0.19769206643104553,3.0
0,0.41666457056999207,1.0
0,0.04362030699849129,5.0
1,0.9106904864311218,2.0
0,0.6765498518943787,2.0
0,0.004581110551953316,5.0
1,0.08629535138607025,5.0
1,0.4700315594673157,2.0
0,0.010722227394580841,6.0
0,0.3690200746059418,7.0
1,0.6292544007301331,4.0
0,0.11266322433948517,5.0
0,0.10459647327661514,3.0
0,0.012372574768960476,2.0
0,0.27030685544013977,7.0
1,0.7809911370277405,1.0
0,0.05199795588850975,6.0
0,0.1985425502061844,2.0
1,0.36179226636886597,2.0
0,0.05794382467865944,7.0
1,0.19974137842655182,4.0
1,0.632632851600647,1.0
1,0.24125058948993683,2.0
1,0.3476067781448364,7.0
1,0.765155017375946,7.0
0,0.037439875304698944,3.0
1,0.7876207232475281,7.0
0,0.1801282912492752,6.0
1,0.1311134248971939,4.0
1,0.6073702573776245,3.0
0,0.09192881733179092,5.0
0,0.016860470175743103,3.0
0,0.01656523533165455,7.0
0,0.28590747714042664,7.0
0,0.2743074595928192,2.0
0,0.0060282256454229355,5.0
0,0.05045599490404129,6.0
0,0.04325547441840172,4.0
0,0.0478641502559185,7.0
0,0.04239339381456375,7.0
0,0.35951295495033264,1.0
0,0.09433292597532272,1.0
0,0.24173341691493988,1.0
0,0.0033976647537201643,3.0
0,0.08294697850942612,2.0
0,0.00746910460293293,7.0
1,0.7617496252059937,4.0
0,0.06419570744037628,3.0
0,0.9619919061660767,1.0
0,0.02224574238061905,7.0
0,0.03327622637152672,1.0
0,0.42459946870803833,2.0
0,0.021880807355046272,5.0
0,0.014311043545603752,5.0
0,0.022504642605781555,4.0
0,0.015736622735857964,7.0
0,0.025097358971834183,6.0
1,0.04364701360464096,2.0
0,0.12155599147081375,6.0
0,0.10811447352170944,1.0
0,0.5163902640342712,6.0
1,0.28564608097076416,3.0
1,0.45101091265678406,1.0
0,0.060040466487407684,4.0
0,0.06575223803520203,7.0
0,0.015704166144132614,4.0
0,0.07343245297670364,2.0
0,0.0867355689406395,2.0
0,0.03915993496775627,6.0
0,0.07802971452474594,1.0
0,0.03499103710055351,7.0
0,0.10254502296447754,2.0
0,0.0056413812562823296,5.0
0,0.018947148695588112,1.0
0,0.10667109489440918,5.0
0,0.013316361233592033,1.0
0,0.05832355096936226,7.0
0,0.002355399075895548,4.0
0,0.2857971787452698,6.0
0,0.054445330053567886,4.0
0,0.07658126205205917,4.0
0,0.02551354467868805,7.0
0,0.14267931878566742,4.0
0,0.009153247810900211,2.0
0,0.00966687873005867,2.0
0,0.010460390709340572,4.0
0,0.010789171792566776,6.0
0,0.05583135783672333,3.0
0,0.00225857668556273,2.0
0,0.02245195023715496,3.0
1,0.616254448890686,3.0
0,0.031145749613642693,3.0
0,0.647794246673584,3.0
0,0.01095315907150507,4.0
0,0.007650919258594513,3.0
0,0.015622861683368683,3.0
0,0.012173977680504322,2.0
0,0.06328928470611572,4.0
0,0.028935253620147705,4.0
0,0.006520840805023909,1.0
0,0.1123625859618187,6.0
0,0.07094720005989075,6.0
0,0.044585466384887695,4.0
0,0.009155869483947754,1.0
1,0.07059714198112488,2.0
1,0.5553164482116699,2.0
0,0.07728534191846848,1.0
0,0.007687338627874851,3.0
0,0.00568767823278904,1.0
0,0.0410144105553627,4.0
0,0.5037965178489685,6.0
0,0.10083886235952377,7.0
0,0.0028119455091655254,6.0
1,0.16190823912620544,2.0
0,0.003983429633080959,6.0
1,0.8280813097953796,5.0
0,0.3036627769470215,3.0
0,0.005758179351687431,3.0
0,0.024833805859088898,2.0
0,0.6060017347335815,5.0
0,0.018128132447600365,4.0
0,0.028285842388868332,7.0
0,0.5395135283470154,7.0
0,0.042929574847221375,7.0
0,0.022540239617228508,3.0
0,0.08865609019994736,4.0
0,0.01388901099562645,3.0
0,0.044606443494558334,1.0
0,0.04362711310386658,1.0
0,0.04962413012981415,3.0
0,0.00678365770727396,3.0
1,0.014653165824711323,5.0
0,0.011757619678974152,1.0
0,0.058267395943403244,3.0
0,0.025185992941260338,5.0
0,0.055206336081027985,4.0
0,0.12883518636226654,6.0
0,0.003343062475323677,2.0
1,0.19076652824878693,3.0
0,0.13017849624156952,7.0
0,0.06451856344938278,3.0
1,0.19457586109638214,6.0
1,0.27944737672805786,7.0
0,0.5405505895614624,5.0
0,0.08470819145441055,1.0
1,0.7590827345848083,5.0
0,0.6614552140235901,7.0
0,0.046894922852516174,3.0
0,0.06667014956474304,3.0
0,0.006032210309058428,7.0
0,0.17810502648353577,4.0
0,0.019587913528084755,7.0
0,0.028804969042539597,2.0
0,0.010506595484912395,5.0
0,0.02742881141602993,2.0
0,0.36494600772857666,6.0
0,0.026878587901592255,6.0
0,0.05096075311303139,1.0
0,0.5126030445098877,2.0
0,0.16548782587051392,7.0
0,0.01686755381524563,4.0
0,0.24364455044269562,1.0
1,0.22902780771255493,4.0
0,0.019251640886068344,6.0
0,0.006616035010665655,7.0
0,0.008582819253206253,5.0
0,0.003159044776111841,6.0
0,0.06179274991154671,5.0
0,0.025705333799123764,7.0
0,0.011151373386383057,1.0
0,0.018958618864417076,5.0
0,0.0060987467877566814,3.0
0,0.06485702097415924,1.0
0,0.2831481397151947,3.0
0,0.5163237452507019,3.0
0,0.8191561102867126,1.0
1,0.18810497224330902,5.0
0,0.04200022667646408,4.0
1,0.49281445145606995,7.0
0,0.009825434535741806,2.0
0,0.06284091621637344,5.0
0,0.03967003524303436,4.0
0,0.006003965623676777,7.0
1,0.6148850321769714,4.0
0,0.02339876815676689,5.0
0,0.03514416143298149,6.0
0,0.47679364681243896,3.0
0,0.025407375767827034,7.0
0,0.15088263154029846,7.0
0,0.5060137510299683,7.0
0,0.03610975667834282,4.0
0,0.03590543568134308,5.0
0,0.05725657567381859,1.0
0,0.030794821679592133,1.0
0,0.10403771698474884,1.0
0,0.10026875138282776,7.0
0,0.0072614336386322975,1.0
1,0.39634326100349426,1.0
0,0.009078836999833584,7.0
0,0.008502257987856865,5.0
0,0.028818778693675995,2.0
0,0.014058675616979599,4.0
0,0.011154895648360252,3.0
0,0.060365330427885056,2.0
0,0.010598618537187576,6.0
0,0.13457678258419037,3.0
0,0.09468226134777069,2.0
0,0.015001854859292507,1.0
0,0.3876722455024719,5.0
0,0.024188796058297157,3.0
0,0.012132268399000168,7.0
0,0.016690079122781754,4.0
0,0.0028405666816979647,5.0
1,0.30998992919921875,3.0
0,0.06750708818435669,1.0
1,0.895765483379364,1.0
0,0.06885470449924469,4.0
0,0.019060058519244194,6.0
0,0.030968431383371353,1.0
0,0.12354357540607452,3.0
1,0.5432628989219666,6.0
1,0.8028572797775269,5.0
0,0.1753687709569931,5.0
0,0.008466060273349285,4.0
0,0.009303097613155842,3.0
0,0.0046509914100170135,1.0
0,0.05471554398536682,4.0
0,0.03130583465099335,4.0
0,0.00237167626619339,1.0
0,0.026786889880895615,5.0
0,0.026620881631970406,1.0
0,0.671454906463623,7.0
0,0.015542604960501194,5.0
0,0.16637438535690308,7.0
0,0.002371785696595907,6.0
0,0.008700026199221611,3.0
0,0.018301529809832573,5.0
1,0.26601001620292664,5.0
0,0.06839138269424438,4.0
1,0.14522603154182434,4.0
0,0.008491097949445248,3.0
0,0.13089406490325928,3.0
0,0.5914905071258545,3.0
0,0.13767528533935547,1.0
0,0.010404414497315884,2.0
0,0.08840733021497726,5.0
0,0.006783085875213146,2.0
0,0.004358208738267422,2.0
0,0.024268513545393944,1.0
0,0.03729742765426636,2.0
0,0.007412610575556755,3.0
0,0.014592709951102734,2.0
0,0.003514656564220786,4.0
0,0.2201058715581894,6.0
0,0.1474376916885376,6.0
0,0.11715137213468552,6.0
0,0.38992252945899963,2.0
1,0.3278542459011078,5.0
0,0.05814047530293465,5.0
0,0.01067651342600584,6.0
0,0.003203112166374922,1.0
0,0.002924104453995824,3.0
0,0.01703745871782303,7.0
0,0.2375582903623581,3.0
0,0.05809284746646881,4.0
0,0.003077702596783638,7.0
0,0.01712857186794281,6.0
0,0.05330101400613785,7.0
0,0.044160038232803345,1.0
0,0.4971329867839813,1.0
1,0.43081751465797424,3.0
1,0.8679260015487671,7.0
0,0.3232419788837433,4.0
0,0.257088303565979,4.0
1,0.13912592828273773,2.0
0,0.014376360923051834,2.0
0,0.1521175056695938,7.0
0,0.13969764113426208,4.0
0,0.009630727581679821,2.0
1,0.009718792513012886,4.0
0,0.07882416993379593,3.0
0,0.32085704803466797,1.0
0,0.6407491564750671,2.0
0,0.033497318625450134,7.0
0,0.0048652770929038525,1.0
0,0.09330346435308456,5.0
0,0.007885017432272434,5.0
0,0.009818251244723797,5.0
0,0.008596801199018955,2.0
0,0.04825221747159958,5.0
0,0.007299540098756552,5.0
1,0.7181825637817383,5.0
0,0.05422597751021385,1.0
0,0.019066104665398598,7.0
0,0.014234811998903751,5.0
0,0.005126347299665213,5.0
0,0.0027553823310881853,5.0
0,0.10483025014400482,2.0
0,0.042371127754449844,6.0
0,0.025158368051052094,2.0
0,0.011570184491574764,5.0
0,0.07120735198259354,7.0
0,0.33305129408836365,1.0
0,0.5009974241256714,5.0
0,0.00993408728390932,3.0
1,0.06759686022996902,1.0
0,0.013650355860590935,3.0
1,0.01598428748548031,5.0
1,0.08073380589485168,1.0
0,0.033045899122953415,4.0
0,0.026722989976406097,4.0
0,0.14980332553386688,4.0
0,0.0038782746996730566,7.0
0,0.03231959789991379,7.0
0,0.05777980014681816,7.0
0,0.7088261842727661,1.0
1,0.8244602084159851,1.0
1,0.12897326052188873,2.0
0,0.6163939833641052,2.0
0,0.015383590012788773,7.0
0,0.2905523478984833,2.0
0,0.008898493833839893,3.0
0,0.0011325576342642307,5.0
1,0.05573668330907822,5.0
0,0.04352442920207977,3.0
0,0.2886628806591034,1.0
0,0.02082153409719467,6.0
0,0.062372542917728424,6.0
0,0.017719609662890434,3.0
0,0.011043163016438484,4.0
0,0.0313262902200222,6.0
0,0.004348602145910263,4.0
0,0.01173500157892704,6.0
0,0.021831391379237175,5.0
1,0.07168301939964294,6.0
0,0.018214451149106026,6.0
0,0.016663601621985435,1.0
0,0.009420298039913177,1.0
0,0.053799886256456375,5.0
0,0.10472520440816879,6.0
0,0.04604024440050125,7.0
0,0.22461116313934326,7.0
0,0.003954049199819565,5.0
0,0.006219096481800079,7.0
0,0.020078908652067184,5.0
0,0.04615939036011696,5.0
0,0.01568814180791378,3.0
0,0.006737144663929939,5.0
0,0.010784638114273548,2.0
0,0.006963901221752167,2.0
1,0.030434828251600266,3.0
0,0.03472660854458809,7.0
0,0.05290255323052406,2.0
0,0.028777774423360825,7.0
0,0.005159515421837568,4.0
0,0.012962537817656994,7.0
0,0.0932968258857727,6.0
0,0.09509705752134323,7.0
0,0.04058755189180374,5.0
0,0.022816436365246773,2.0
0,0.10708726197481155,4.0
0,0.01375561486929655,5.0
0,0.14253655076026917,6.0
0,0.010467865504324436,6.0
0,0.05954322591423988,3.0
0,0.03005344420671463,5.0
0,0.02564326487481594,6.0
0,0.007135751657187939,6.0
0,0.0029374826699495316,7.0
0,0.004429162014275789,3.0
0,0.014742002822458744,4.0
0,0.005040552467107773,7.0
0,0.01966400444507599,1.0
0,0.03553397208452225,4.0
0,0.09428944438695908,2.0
0,0.019638994708657265,5.0
0,0.12357920408248901,3.0
0,0.05994782969355583,7.0
0,0.018791871145367622,3.0
0,0.08556453883647919,2.0
0,0.05874377489089966,1.0
0,0.018068134784698486,5.0
0,0.06645458191633224,7.0
0,0.06318415701389313,3.0
0,0.008013115264475346,2.0
0,0.07038462907075882,5.0
0,0.006988999899476767,7.0
0,0.049180809408426285,3.0
0,0.09354463219642639,2.0
0,0.48044851422309875,5.0
0,0.8248211741447449,3.0
0,0.05029607191681862,7.0
0,0.026032622903585434,7.0
1,0.03765988349914551,4.0
1,0.37262338399887085,6.0
0,0.16503845155239105,1.0
0,0.271859347820282,1.0
0,0.08765123039484024,7.0
0,0.012776864692568779,4.0
1,0.4723246097564697,1.0
0,0.6558946967124939,6.0
0,0.026218917220830917,5.0
0,0.01593519188463688,3.0
0,0.04280731454491615,6.0
0,0.0008620400330983102,1.0
0,0.04162250831723213,5.0
0,0.10622183978557587,1.0
0,0.0044909268617630005,7.0
0,0.030870739370584488,1.0
1,0.24808596074581146,4.0
0,0.05727328360080719,2.0
1,0.3105367124080658,1.0
0,0.014308890327811241,2.0
1,0.24453331530094147,2.0
0,0.003646091092377901,3.0
1,0.16236399114131927,3.0
0,0.005592448636889458,1.0
0,0.17200717329978943,4.0
0,0.012236935086548328,7.0
0,0.0027141401078552008,5.0
0,0.015204270370304585,1.0
0,0.09338996559381485,1.0
0,0.048923276364803314,2.0
0,0.022205203771591187,3.0
0,0.003983406815677881,7.0
0,0.09616655856370926,1.0
0,0.034063369035720825,2.0
0,0.0019018276361748576,5.0
0,0.0022294640075415373,6.0
0,0.007398331072181463,2.0
1,0.016527611762285233,4.0
0,0.07691755890846252,2.0
0,0.0072082593105733395,3.0
0,0.0757397785782814,4.0
0,0.09814121574163437,5.0
0,0.02840687334537506,3.0
1,0.02818327210843563,2.0
1,0.19583609700202942,7.0
0,0.006035109981894493,5.0
0,0.007583572994917631,4.0
0,0.004782781470566988,2.0
1,0.6743133068084717,4.0
0,0.010184082202613354,3.0
0,0.04189425706863403,6.0
0,0.04705676808953285,1.0
0,0.04893961921334267,7.0
0,0.05409375578165054,2.0
0,0.02033449150621891,3.0
0,0.11442512273788452,3.0
0,0.015370211564004421,7.0
0,0.02149389497935772,2.0
0,0.003949717152863741,3.0
0,0.0582243837416172,3.0
0,0.012155893258750439,5.0
0,0.009245666675269604,3.0
0,0.0029826373793184757,1.0
0,0.03849395364522934,2.0
0,0.16748829185962677,4.0
1,0.17020496726036072,5.0
0,0.28957945108413696,2.0
0,0.14448334276676178,7.0
0,0.6336752772331238,1.0
0,0.05701572820544243,1.0
0,0.04130275547504425,6.0
0,0.008015632629394531,5.0
0,0.3715735077857971,3.0
1,0.10979390144348145,4.0
1,0.15449373424053192,4.0
0,0.35936251282691956,4.0
0,0.008587101474404335,2.0
0,0.015167267061769962,1.0
1,0.9275213479995728,6.0
0,0.3286791741847992,4.0
0,0.026708390563726425,4.0
0,0.03103208914399147,1.0
0,0.26623162627220154,6.0
0,0.18735502660274506,1.0
1,0.07881539314985275,7.0
0,0.16401882469654083,4.0
0,0.026298459619283676,1.0
0,0.08240225911140442,3.0
0,0.056795135140419006,6.0
0,0.023637449368834496,5.0
0,0.08475879579782486,3.0
0,0.024975040927529335,2.0
0,0.07877342402935028,4.0
0,0.5290903449058533,2.0
0,0.03170052915811539,1.0
1,0.016604317352175713,1.0
1,0.642617404460907,2.0
0,0.041251350194215775,3.0
1,0.4009663164615631,5.0
1,0.039791326969861984,4.0
0,0.08140980452299118,4.0
0,0.3568744957447052,5.0
0,0.09056379646062851,5.0
1,0.5544865131378174,6.0
0,0.01787647046148777,1.0
0,0.016769977286458015,7.0
0,0.10198129713535309,6.0
0,0.01771286316215992,4.0
0,0.005273816641420126,7.0
0,0.02204693667590618,2.0
0,0.04443803429603577,1.0
0,0.014219485223293304,5.0
0,0.05936182290315628,6.0
0,0.013563941232860088,6.0
1,0.17346268892288208,7.0
1,0.6374436616897583,3.0
0,0.007482199463993311,2.0
0,0.007347346283495426,7.0
0,0.059039272367954254,6.0
1,0.5020394325256348,1.0
0,0.12196647375822067,5.0
0,0.0789387971162796,2.0
0,0.022417033091187477,3.0
0,0.1667783260345459,5.0
0,0.009592417627573013,3.0
0,0.0068581439554691315,2.0
0,0.3551155924797058,7.0
0,0.02948448248207569,1.0
0,0.0020210412330925465,1.0
0,0.1720093935728073,6.0
0,0.03471102938055992,4.0
0,0.03127024695277214,2.0
0,0.020609330385923386,5.0
0,0.019960306584835052,3.0
0,0.007413972169160843,3.0
1,0.04715489223599434,3.0
0,0.020633501932024956,1.0
0,0.021703073754906654,7.0
0,0.09739680588245392,5.0
0,0.2741309702396393,4.0
0,0.11642935127019882,4.0
0,0.1731778234243393,2.0
0,0.27159541845321655,2.0
0,0.017158299684524536,4.0
0,0.005129378288984299,1.0
0,0.04762250930070877,3.0
0,0.08258527517318726,6.0
0,0.05028180405497551,3.0
0,0.028691591694951057,2.0
0,0.011877724900841713,4.0
0,0.03759636729955673,2.0
0,0.07428980618715286,3.0
0,0.6258859038352966,1.0
1,0.33542054891586304,4.0
0,0.008815891109406948,5.0
0,0.01519051194190979,1.0
1,0.15065772831439972,7.0
0,0.005021774210035801,4.0
1,0.02142425999045372,6.0
0,0.011447085067629814,1.0
0,0.05087720975279808,1.0
0,0.03452805429697037,2.0
0,0.00608815997838974,5.0
0,0.005014360416680574,7.0
0,0.16410967707633972,4.0
0,0.0014273524284362793,1.0
0,0.010044267401099205,2.0
0,0.008401104249060154,7.0
1,0.004211294464766979,3.0
0,0.005001764744520187,1.0
0,0.0026178404223173857,1.0
0,0.0076007782481610775,2.0
0,0.026562118902802467,5.0
0,0.05276690423488617,3.0
0,0.08003536611795425,4.0
0,0.034620072692632675,5.0
0,0.17597630620002747,4.0
0,0.020821209996938705,3.0
0,0.004372712224721909,6.0
0,0.016416648402810097,5.0
0,0.02533060498535633,4.0
0,0.024981627240777016,5.0
1,0.04024987667798996,2.0
1,0.6385221481323242,4.0
0,0.03685643896460533,6.0
0,0.15531711280345917,2.0
0,0.030505675822496414,2.0
0,0.09825297445058823,6.0
0,0.03773757815361023,2.0
0,0.0036743292585015297,6.0
0,0.2065199613571167,6.0
0,0.01591622456908226,2.0
1,0.01697525754570961,6.0
0,0.016420135274529457,3.0
1,0.06400541216135025,4.0
0,0.013245295733213425,6.0
0,0.0019305943278595805,4.0
0,0.06678622215986252,2.0
1,0.03361998870968819,3.0
0,0.33671891689300537,1.0
0,0.1323694884777069,6.0
0,0.2349366843700409,6.0
0,0.038082364946603775,3.0
0,0.09264037013053894,6.0
1,0.5331258177757263,6.0
0,0.010216211900115013,5.0
1,0.8344159722328186,7.0
0,0.20150643587112427,5.0
0,0.060580696910619736,5.0
0,0.08018439263105392,2.0
0,0.017157986760139465,1.0
0,0.007550796028226614,5.0
0,0.004151910077780485,1.0
0,0.02090030536055565,2.0
0,0.04100712761282921,3.0
0,0.003251611953601241,1.0
0,0.10096728056669235,4.0
0,0.0083063505589962,7.0
0,0.07203210890293121,6.0
1,0.035766541957855225,1.0
0,0.007260330021381378,6.0
0,0.01685244031250477,6.0
0,0.05891401320695877,4.0
1,0.24106337130069733,4.0
0,0.028145285323262215,1.0
0,0.008646862581372261,5.0
0,0.007083437405526638,2.0
1,0.22589504718780518,4.0
0,0.2176067978143692,6.0
0,0.0047591147013008595,1.0
0,0.2048533409833908,3.0
0,0.015365984290838242,3.0
0,0.0012320803944021463,5.0
0,0.09685670584440231,6.0
0,0.11296374350786209,2.0
1,0.06587851047515869,3.0
0,0.009790780022740364,3.0
0,0.006170801818370819,1.0
0,0.002243191469460726,5.0
0,0.011911390349268913,6.0
0,0.0027180947363376617,5.0
0,0.0023966259323060513,6.0
0,0.001716833678074181,2.0
0,0.5588238835334778,5.0
0,0.04091675207018852,7.0
0,0.5417823791503906,6.0
0,0.05616508796811104,4.0
0,0.008446009829640388,7.0
0,0.02853241376578808,1.0
0,0.020146656781435013,1.0
0,0.041046787053346634,7.0
0,0.012179271318018436,7.0
0,0.011781428940594196,3.0
0,0.034156862646341324,2.0
1,0.6092808842658997,2.0
1,0.16232845187187195,7.0
0,0.025535551831126213,2.0
1,0.35569632053375244,7.0
0,0.030074983835220337,6.0
0,0.08685928583145142,5.0
0,0.016649778932332993,2.0
0,0.020381154492497444,6.0
0,0.1294708102941513,6.0
0,0.0017986457096412778,6.0
0,0.004874078556895256,3.0
0,0.047563329339027405,5.0
0,0.1446617841720581,2.0
0,0.004649746231734753,7.0
0,0.03262478485703468,2.0
0,0.006135492119938135,2.0
0,0.16591887176036835,2.0
0,0.015059403143823147,4.0
0,0.027011971920728683,6.0
0,0.024627624079585075,7.0
0,0.021700330078601837,4.0
1,0.46484193205833435,4.0
0,0.0045641507022082806,3.0
0,0.01798144355416298,4.0
0,0.005562808830291033,3.0
0,0.03677288815379143,4.0
0,0.14481911063194275,1.0
0,0.00815641786903143,5.0
0,0.018344959244132042,5.0
0,0.002678378252312541,7.0
0,0.006150330416858196,2.0
0,0.019697561860084534,4.0
0,0.053229138255119324,6.0
0,0.7437392473220825,1.0
0,0.28012794256210327,1.0
0,0.1955021321773529,7.0
0,0.0028936616145074368,2.0
1,0.09436698257923126,6.0
1,0.11988575756549835,2.0
0,0.022789910435676575,1.0
0,0.062266260385513306,3.0
0,0.006924740504473448,3.0
0,0.3269200026988983,3.0
1,0.4866405725479126,3.0
0,0.01792491413652897,5.0
1,0.08135451376438141,1.0
0,0.009241696447134018,2.0
0,0.22897355258464813,6.0
0,0.16618739068508148,1.0
0,0.013536426238715649,5.0
0,0.095046266913414,5.0
0,0.41542091965675354,6.0
1,0.07631274312734604,1.0
0,0.03477092832326889,7.0
1,0.4621339738368988,1.0
0,0.3878103494644165,2.0
1,0.44001418352127075,5.0
0,0.0007429675897583365,5.0
0,0.07720138132572174,3.0
0,0.07625462859869003,5.0
0,0.05485982447862625,4.0
0,0.022337643429636955,5.0
0,0.4443313479423523,4.0
0,0.023399444296956062,5.0
0,0.0055540078319609165,5.0
0,0.013155478984117508,2.0
0,0.005168226547539234,6.0
0,0.3172796964645386,7.0
0,0.257578045129776,4.0
0,0.038350172340869904,5.0
1,0.7151528596878052,1.0
0,0.04185278341174126,7.0
0,0.051634617149829865,5.0
0,0.27695760130882263,3.0
0,0.006913161836564541,1.0
0,0.40907272696495056,3.0
0,0.44826754927635193,4.0
0,0.22387775778770447,7.0
0,0.01006319373846054,1.0
0,0.02396870031952858,3.0
0,0.009053044021129608,4.0
0,0.31168875098228455,1.0
0,0.6146270036697388,5.0
0,0.8151805400848389,6.0
0,0.062431298196315765,3.0
0,0.5587043762207031,7.0
0,0.0021382367704063654,5.0
0,0.005722389556467533,5.0
1,0.07512271404266357,2.0
0,0.08593657612800598,3.0
0,0.0030128275975584984,1.0
0,0.48474690318107605,6.0
0,0.041734788566827774,6.0
1,0.47499772906303406,2.0
0,0.08129294216632843,2.0
0,0.026090426370501518,4.0
0,0.005073774605989456,3.0
0,0.11580353230237961,6.0
1,0.32430872321128845,7.0
0,0.026157476007938385,6.0
1,0.4608272612094879,2.0
0,0.006420289631932974,3.0
0,0.1772828847169876,6.0
0,0.017416296526789665,4.0
0,0.10012269765138626,5.0
0,0.010568409226834774,2.0
0,0.03747733682394028,4.0
1,0.42192307114601135,6.0
0,0.012350051663815975,7.0
1,0.4962071478366852,3.0
0,0.006158876232802868,4.0
0,0.5722362995147705,5.0
0,0.18176598846912384,7.0
0,0.15032829344272614,6.0
1,0.7817515134811401,2.0
0,0.0037597264163196087,2.0
0,0.04789106920361519,4.0
0,0.01604236662387848,4.0
0,0.04436227306723595,1.0
0,0.06908140331506729,5.0
0,0.044970422983169556,4.0
0,0.10147252678871155,4.0
0,0.03583480045199394,6.0
0,0.024478955194354057,7.0
0,0.027442848309874535,2.0
1,0.4950907528400421,7.0
0,0.024996479973196983,2.0
0,0.17391498386859894,4.0
1,0.23413166403770447,7.0
0,0.005819534882903099,6.0
0,0.516173243522644,5.0
0,0.10158360749483109,6.0
0,0.4149673879146576,5.0
0,0.05636262521147728,4.0
0,0.021731827408075333,1.0
1,0.4931355118751526,7.0
1,0.11520324647426605,7.0
0,0.007707469165325165,4.0
0,0.025002680718898773,2.0
1,0.32615381479263306,2.0
1,0.47578439116477966,7.0
0,0.03831455856561661,2.0
1,0.430423766374588,3.0
0,0.00875555444508791,6.0
0,0.06854729354381561,6.0
0,0.060408879071474075,6.0
0,0.012020345777273178,3.0
0,0.004320534411817789,7.0
1,0.9605125188827515,5.0
1,0.07661300152540207,6.0
0,0.06555241346359253,2.0
0,0.04130033776164055,6.0
0,0.005394150037318468,6.0
0,0.007822846993803978,7.0
0,0.0032234250102192163,2.0
0,0.016221093013882637,2.0
0,0.0036595440469682217,2.0
0,0.05384189635515213,4.0
1,0.01623506285250187,3.0
0,0.482880175113678,4.0
0,0.05532200261950493,5.0
0,0.09338639676570892,6.0
0,0.06861526519060135,7.0
0,0.08955302834510803,3.0
1,0.04360412806272507,2.0
0,0.1728127896785736,2.0
0,0.0037185698747634888,7.0
0,0.019275499507784843,5.0
0,0.025684647262096405,7.0
0,0.0030839412938803434,1.0
0,0.004530271980911493,6.0
0,0.041108209639787674,4.0
0,0.009060665965080261,1.0
0,0.03226051852107048,7.0
0,0.005829665809869766,6.0
0,0.009430479258298874,1.0
0,0.03732739016413689,4.0
0,0.004218044690787792,6.0
0,0.26697105169296265,3.0
0,0.007465754635632038,1.0
0,0.049210745841264725,5.0
0,0.0378987118601799,5.0
0,0.0068408772349357605,4.0
0,0.004937767516821623,1.0
0,0.0059388079680502415,1.0
0,0.01253300067037344,1.0
0,0.04834200441837311,3.0
0,0.3552244305610657,4.0
0,0.052847664803266525,5.0
1,0.7413836717605591,3.0
0,0.010823480784893036,1.0
0,0.005440823268145323,4.0
0,0.01866908371448517,6.0
0,0.006317743565887213,6.0
0,0.017076918855309486,4.0
0,0.020131006836891174,1.0
0,0.010171759873628616,3.0
0,0.006283708848059177,1.0
1,0.029232842847704887,6.0
0,0.003661804599687457,7.0
0,0.06813035160303116,1.0
0,0.010191092267632484,5.0
0,0.06371363997459412,5.0
0,0.37070250511169434,7.0
0,0.0681515783071518,2.0
0,0.003357236972078681,3.0
0,0.00738056655973196,4.0
0,0.4614523649215698,5.0
0,0.1829645037651062,1.0
0,0.2163773775100708,1.0
0,0.01036097202450037,6.0
1,0.390616774559021,1.0
0,0.5956920981407166,6.0
0,0.0741925835609436,3.0
0,0.03443356603384018,3.0
0,0.011663587763905525,5.0
1,0.7587495446205139,1.0
0,0.003178743412718177,1.0
0,0.023335915058851242,2.0
0,0.011953791603446007,4.0
0,0.014455805532634258,7.0
0,0.17577767372131348,4.0
0,0.06552470475435257,7.0
0,0.06033094599843025,6.0
0,0.02101386897265911,6.0
0,0.005652672611176968,6.0
0,0.05203195661306381,3.0
0,0.06501419097185135,7.0
0,0.08384755998849869,5.0
1,0.41985630989074707,7.0
0,0.002925752429291606,6.0
0,0.0030046345200389624,6.0
0,0.008259094320237637,6.0
0,0.004825630225241184,5.0
0,0.0037095309235155582,6.0
0,0.005136225838214159,5.0
0,0.004393008071929216,1.0
0,0.013386952690780163,5.0
0,0.278175413608551,7.0
0,0.015560497529804707,7.0
0,0.007574089802801609,3.0
0,0.03156699240207672,6.0
0,0.001901705632917583,1.0
0,0.0018410945776849985,6.0
0,0.0019077012548223138,3.0
1,0.4533553421497345,1.0
0,0.022816702723503113,5.0
0,0.7916114330291748,1.0
0,0.09041541069746017,4.0
0,0.11857055872678757,5.0
0,0.07819855213165283,4.0
1,0.024261903017759323,2.0
0,0.03962969779968262,2.0
0,0.06169525533914566,4.0
0,0.20198529958724976,1.0
0,0.003862295765429735,2.0
1,0.6436887979507446,3.0
0,0.03854059800505638,5.0
0,0.06043263152241707,7.0
0,0.10193070024251938,6.0
1,0.53153395652771,7.0
0,0.02866409718990326,2.0
0,0.0663943812251091,2.0
0,0.04474726319313049,5.0
0,0.0013929582200944424,7.0
0,0.006027742754667997,4.0
0,0.19088254868984222,6.0
1,0.752629816532135,2.0
0,0.006323014385998249,5.0
0,0.13024820387363434,4.0
0,0.008017146028578281,1.0
0,0.01996409334242344,7.0
0,0.06333234906196594,1.0
0,0.022030452266335487,7.0
0,0.05614876747131348,2.0
0,0.025868477299809456,7.0
0,0.0029359832406044006,3.0
0,0.10429081320762634,3.0
1,0.42425963282585144,1.0
0,0.019387884065508842,1.0
0,0.5004432797431946,6.0
0,0.8054222464561462,5.0
0,0.6646552085876465,3.0
1,0.2844995856285095,2.0
1,0.5360625386238098,4.0
0,0.10685724020004272,4.0
0,0.007489635143429041,7.0
0,0.1728840172290802,1.0
0,0.006983092520385981,4.0
0,0.08810044080018997,7.0
0,0.20073741674423218,7.0
0,0.04007738456130028,2.0
1,0.877837598323822,5.0
0,0.15609383583068848,1.0
0,0.21322791278362274,1.0
1,0.32612431049346924,6.0
0,0.03799513354897499,4.0
0,0.43264827132225037,4.0
0,0.019742751494050026,3.0
1,0.23659846186637878,3.0
0,0.007742392364889383,5.0
0,0.01478895079344511,3.0
0,0.028744183480739594,7.0
0,0.12718427181243896,5.0
0,0.013276336714625359,3.0
0,0.01516222395002842,3.0
0,0.04422308877110481,2.0
0,0.4135931432247162,2.0
0,0.004047148860991001,1.0
1,0.14640644192695618,2.0
0,0.004150882828980684,3.0
0,0.05126849561929703,4.0
0,0.8529193997383118,7.0
0,0.025142846629023552,3.0
0,0.1047053411602974,7.0
0,0.11263395845890045,7.0
0,0.016217898577451706,1.0
1,0.10772566497325897,5.0
0,0.017865698784589767,3.0
0,0.025785284116864204,6.0
0,0.00751309422776103,3.0
0,0.024570629000663757,5.0
1,0.027883313596248627,4.0
0,0.24801713228225708,5.0
1,0.6823632121086121,2.0
0,0.01029751542955637,5.0
1,0.9118804335594177,4.0
0,0.27819207310676575,3.0
0,0.041758645325899124,2.0
1,0.6686792373657227,5.0
0,0.1101185604929924,5.0
0,0.014337293803691864,3.0
0,0.09512601047754288,7.0
1,0.26571905612945557,1.0
0,0.07767122238874435,7.0
0,0.11001217365264893,6.0
0,0.14912976324558258,3.0
0,0.019345596432685852,2.0
1,0.15185505151748657,3.0
0,0.017982445657253265,4.0
0,0.023266883566975594,7.0
0,0.32017427682876587,3.0
0,0.3930618464946747,1.0
1,0.42047813534736633,6.0
1,0.6596028208732605,5.0
0,0.04974660649895668,4.0
0,0.25070610642433167,2.0
0,0.10326195508241653,6.0
0,0.039469581097364426,6.0
0,0.23929014801979065,2.0
0,0.018650256097316742,5.0
0,0.02882339619100094,1.0
0,0.013798289932310581,7.0
1,0.8822888135910034,1.0
0,0.0025928234681487083,4.0
0,0.054608333855867386,4.0
0,0.24148212373256683,1.0
1,0.8964046835899353,5.0
0,0.08797264844179153,1.0
0,0.0032746302895247936,2.0
0,0.29607072472572327,1.0
1,0.45939114689826965,4.0
1,0.846221923828125,1.0
0,0.11618305742740631,4.0
1,0.8184788227081299,2.0
1,0.08193270117044449,3.0
0,0.04416453838348389,2.0
0,0.15200035274028778,3.0
0,0.5641476511955261,1.0
0,0.3645491600036621,7.0
0,0.028109470382332802,3.0
0,0.16164833307266235,1.0
0,0.24141868948936462,1.0
0,0.07099807262420654,4.0
0,0.03377843275666237,6.0
1,0.3466491401195526,6.0
0,0.3821731507778168,1.0
1,0.07192899286746979,7.0
0,0.845011293888092,7.0
0,0.0479884073138237,2.0
0,0.15312699973583221,6.0
0,0.04545832797884941,7.0
1,0.12576478719711304,7.0
0,0.12752553820610046,1.0
1,0.5529905557632446,2.0
0,0.2008426934480667,5.0
0,0.01159752532839775,5.0
1,0.253543883562088,2.0
0,0.04301503673195839,6.0
0,0.023436203598976135,1.0
0,0.05365502089262009,6.0
0,0.23505249619483948,4.0
0,0.045248303562402725,1.0
0,0.014616803266108036,1.0
0,0.012467117980122566,4.0
1,0.5532395243644714,1.0
0,0.14945615828037262,4.0
0,0.04552823305130005,4.0
0,0.01281381119042635,3.0
0,0.0539766289293766,1.0
0,0.49421292543411255,3.0
0,0.0039945864118635654,4.0
0,0.11884764581918716,2.0
0,0.0910319834947586,7.0
0,0.10851797461509705,3.0
0,0.0661710873246193,4.0
0,0.0024831800255924463,2.0
0,0.011678108014166355,1.0
0,0.017972679808735847,6.0
0,0.002929371315985918,6.0
1,0.8248186707496643,5.0
1,0.629960834980011,3.0
1,0.7970523238182068,5.0
0,0.285148024559021,1.0
1,0.6068639159202576,3.0
0,0.44543513655662537,5.0
0,0.04718668386340141,4.0
1,0.780759334564209,1.0
0,0.1722063422203064,2.0
1,0.2147475928068161,5.0
0,0.8606979250907898,5.0
1,0.24672387540340424,1.0
0,0.04314097389578819,7.0
0,0.03098568692803383,1.0
0,0.10065681487321854,2.0
0,0.03417225927114487,3.0
0,0.028245747089385986,7.0
0,0.022538086399435997,3.0
0,0.017697196453809738,7.0
0,0.0591304711997509,6.0
0,0.018699122592806816,2.0
0,0.20156772434711456,5.0
0,0.004364528227597475,4.0
1,0.6822301149368286,1.0
0,0.011273087002336979,1.0
0,0.07118318229913712,3.0
1,0.6225975751876831,1.0
0,0.01380474865436554,5.0
0,0.06727459281682968,3.0
0,0.06044156849384308,2.0
0,0.4996572732925415,5.0
0,0.5724554061889648,6.0
0,0.02024967037141323,3.0
0,0.2079915702342987,3.0
0,0.6745439171791077,3.0
0,0.0014858185313642025,4.0
0,0.16550447046756744,1.0
0,0.27127087116241455,4.0
0,0.06143816560506821,1.0
0,0.011643201112747192,7.0
0,0.006060031708329916,3.0
0,0.05664224550127983,3.0
0,0.16862057149410248,2.0
0,0.00554307596758008,5.0
0,0.002492941217496991,5.0
0,0.0025926311500370502,5.0
0,0.006394022610038519,5.0
0,0.04085512459278107,5.0
0,0.0013135167537257075,1.0
0,0.27295082807540894,1.0
0,0.21742771565914154,4.0
0,0.010015674866735935,6.0
0,0.07626622170209885,1.0
0,0.07932008802890778,2.0
0,0.06234244629740715,6.0
0,0.01019346434623003,5.0
1,0.8729602694511414,1.0
0,0.33576521277427673,1.0
0,0.016248859465122223,5.0
1,0.9053475260734558,5.0
1,0.5834817290306091,7.0
0,0.14514191448688507,1.0
0,0.19442783296108246,4.0
1,0.14511160552501678,5.0
0,0.005274179391562939,5.0
0,0.006400870159268379,6.0
0,0.7354256510734558,4.0
1,0.8880634903907776,7.0
0,0.04561072960495949,4.0
0,0.01615738309919834,3.0
0,0.0654827281832695,1.0
0,0.0027479592245072126,5.0
0,0.10335838794708252,5.0
1,0.8358863592147827,4.0
0,0.3597702383995056,3.0
0,0.04978667572140694,3.0
1,0.9279983043670654,1.0
1,0.12674587965011597,5.0
0,0.04995802417397499,2.0
0,0.16886000335216522,6.0
0,0.026117701083421707,4.0
0,0.0070253703743219376,6.0
0,0.007293091621249914,6.0
0,0.004012451507151127,3.0
0,0.13882726430892944,4.0
0,0.16493219137191772,2.0
0,0.06536271423101425,7.0
0,0.07710637897253036,6.0
0,0.0029932030010968447,1.0
0,0.5016272664070129,4.0
1,0.6218856573104858,3.0
0,0.0037599566858261824,5.0
0,0.8495075106620789,1.0
1,0.6852124929428101,3.0
0,0.8362776041030884,4.0
0,0.005730789620429277,3.0
0,0.18853117525577545,3.0
0,0.003147982293739915,5.0
0,0.11144417524337769,2.0
0,0.020636113360524178,4.0
0,0.014924867078661919,7.0
1,0.9045218229293823,5.0
1,0.01222934015095234,3.0
0,0.0036456387024372816,2.0
0,0.006049692165106535,3.0
0,0.15434719622135162,6.0
1,0.010553033091127872,5.0
0,0.0036441406700760126,7.0
0,0.07097078114748001,5.0
1,0.0859629437327385,6.0
0,0.004865357652306557,2.0
0,0.016859743744134903,5.0
0,0.07660890370607376,3.0
0,0.007757775951176882,6.0
0,0.013153869658708572,3.0
0,0.025412099435925484,4.0
0,0.01917562633752823,2.0
0,0.0841861218214035,7.0
0,0.023853741586208344,6.0
0,0.06425769627094269,2.0
0,0.029069604352116585,4.0
0,0.0064263916574418545,3.0
0,0.003011912340298295,7.0
0,0.0024838026147335768,4.0
0,0.01976686529815197,2.0
0,0.05217813700437546,6.0
0,0.08216971904039383,7.0
0,0.07956898957490921,5.0
0,0.03301214054226875,6.0
0,0.016869015991687775,4.0
0,0.027620837092399597,2.0
0,0.022441603243350983,1.0
0,0.15506064891815186,1.0
0,0.03761164844036102,1.0
0,0.00788791198283434,5.0
0,0.21411697566509247,4.0
1,0.5627177357673645,2.0
1,0.32157790660858154,3.0
0,0.10413425415754318,5.0
0,0.04459996148943901,1.0
1,0.32960382103919983,7.0
0,0.07798924297094345,3.0
0,0.015017188154160976,7.0
0,0.1683717668056488,7.0
1,0.1161360964179039,5.0
0,0.023914510384202003,2.0
0,0.012978256680071354,1.0
1,0.05729133263230324,2.0
0,0.3888682425022125,5.0
0,0.1099962592124939,7.0
1,0.0465150848031044,5.0
0,0.001625444390811026,7.0
1,0.03129918500781059,4.0
0,0.002548624062910676,1.0
0,0.0027656671591103077,4.0
0,0.00913104135543108,1.0
0,0.011725660413503647,3.0
0,0.5707317590713501,5.0
0,0.12348808348178864,7.0
0,0.010570294223725796,1.0
0,0.0077988021075725555,2.0
0,0.018771884962916374,3.0
1,0.7334789633750916,5.0
0,0.005791618954390287,5.0
1,0.750845730304718,6.0
0,0.06854163110256195,1.0
0,0.035367317497730255,5.0
0,0.03240839019417763,4.0
0,0.007873539812862873,1.0
0,0.02106470800936222,5.0
0,0.7464339137077332,4.0
0,0.002008643699809909,2.0
0,0.03942142426967621,3.0
1,0.038706082850694656,4.0
0,0.010698546655476093,1.0
0,0.011590296402573586,3.0
0,0.7464981079101562,7.0
0,0.04819769784808159,2.0
0,0.002938637975603342,3.0
0,0.00582345062866807,7.0
0,0.07716571539640427,5.0
0,0.03037000074982643,3.0
0,0.07222360372543335,6.0
1,0.011705072596669197,1.0
1,0.40114861726760864,2.0
0,0.021365966647863388,6.0
1,0.29409682750701904,4.0
0,0.39663904905319214,5.0
0,0.03952241316437721,3.0
0,0.0434027761220932,7.0
0,0.22613148391246796,6.0
0,0.0400451235473156,7.0
1,0.07713586837053299,6.0
0,0.13075309991836548,7.0
0,0.09001350402832031,2.0
0,0.007118503097444773,1.0
0,0.07174897193908691,6.0
0,0.05278101935982704,4.0
0,0.2701258361339569,3.0
0,0.12836356461048126,6.0
0,0.009165252558887005,2.0
0,0.23866817355155945,3.0
1,0.4064985513687134,4.0
0,0.3079591691493988,1.0
0,0.0361451730132103,1.0
0,0.08167063444852829,2.0
0,0.011384843848645687,6.0
0,0.08567377179861069,7.0
0,0.022669732570648193,3.0
0,0.13598601520061493,7.0
0,0.004378217272460461,4.0
0,0.010141827166080475,5.0
0,0.6409988403320312,6.0
0,0.01881944201886654,4.0
0,0.008413347415626049,3.0
0,0.008815879002213478,7.0
1,0.03711012750864029,6.0
0,0.004155886359512806,3.0
0,0.07063194364309311,7.0
0,0.33797165751457214,2.0
0,0.041494566947221756,6.0
1,0.8116947412490845,3.0
1,0.4495287239551544,7.0
0,0.026009628549218178,2.0
0,0.07973063737154007,7.0
0,0.013551614247262478,3.0
1,0.0847761258482933,6.0
0,0.018266689032316208,5.0
0,0.030446255579590797,2.0
0,0.00998811423778534,7.0
0,0.025996236130595207,6.0
0,0.028100743889808655,4.0
0,0.11248064041137695,7.0
0,0.002451403299346566,1.0
0,0.02209405228495598,1.0
1,0.076265349984169,6.0
0,0.04069937393069267,7.0
0,0.03799603879451752,2.0
1,0.7220077514648438,6.0
0,0.033911582082509995,5.0
0,0.2531090974807739,7.0
0,0.027887217700481415,6.0
0,0.03916071355342865,5.0
1,0.3818107545375824,5.0
0,0.0009162761853076518,1.0
0,0.025568408891558647,3.0
0,0.009504081681370735,1.0
0,0.04611258953809738,4.0
1,0.144855335354805,2.0
0,0.02466277778148651,7.0
0,0.042118556797504425,2.0
0,0.010027747601270676,3.0
0,0.649816632270813,7.0
0,0.014220909215509892,3.0
0,0.05147416144609451,4.0
0,0.09802715480327606,4.0
0,0.005103138741105795,4.0
0,0.03206047788262367,6.0
0,0.04307880625128746,5.0
1,0.043333012610673904,1.0
1,0.4858810007572174,4.0
0,0.05855714529752731,7.0
0,0.006039619445800781,6.0
0,0.10437364131212234,5.0
0,0.002188208745792508,2.0
0,0.11722877621650696,1.0
0,0.1304543912410736,7.0
0,0.14310137927532196,7.0
0,0.0030678485054522753,4.0
0,0.007705984637141228,1.0
0,0.010707730427384377,2.0
0,0.02675480768084526,2.0
0,0.0035328431986272335,5.0
0,0.14084334671497345,3.0
1,0.05595357343554497,6.0
1,0.15449698269367218,1.0
0,0.007130729965865612,1.0
0,0.1086125299334526,4.0
0,0.14997781813144684,3.0
1,0.07507096230983734,5.0
0,0.003795658005401492,2.0
0,0.09652535617351532,7.0
0,0.002594999736174941,4.0
0,0.003809630172327161,5.0
0,0.003283916274085641,5.0
0,0.11396106332540512,2.0
0,0.01121555082499981,7.0
0,0.02735828049480915,2.0
0,0.21764613687992096,7.0
1,0.01551255863159895,2.0
0,0.06975464522838593,4.0
0,0.002815432148054242,6.0
0,0.004584690555930138,3.0
0,0.0083883386105299,6.0
0,0.001784337917342782,1.0
0,0.8817868232727051,4.0
0,0.0019972878508269787,3.0
0,0.03634634613990784,5.0
0,0.007361726835370064,1.0
0,0.10161004960536957,7.0
0,0.24456731975078583,1.0
0,0.09653348475694656,7.0
1,0.3787175118923187,3.0
1,0.31933337450027466,7.0
1,0.16537626087665558,6.0
0,0.016965869814157486,6.0
0,0.4434828758239746,7.0
0,0.11218467354774475,3.0
0,0.03124614804983139,1.0
0,0.00252642878331244,5.0
1,0.5199509859085083,6.0
0,0.03214534744620323,5.0
0,0.06902605295181274,1.0
0,0.5266229510307312,3.0
0,0.04936966300010681,6.0
0,0.16969788074493408,7.0
0,0.011445487849414349,2.0
1,0.2941051125526428,3.0
0,0.5162699222564697,7.0
0,0.24912029504776,5.0
0,0.011352012865245342,4.0
0,0.02298814058303833,3.0
0,0.04055269435048103,4.0
0,0.0042927078902721405,3.0
0,0.006707064341753721,7.0
0,0.007562174927443266,4.0
0,0.6013124585151672,1.0
0,0.09407158941030502,2.0
0,0.04608680307865143,2.0
0,0.022487131878733635,6.0
0,0.19428804516792297,7.0
0,0.037943776696920395,3.0
0,0.10177787393331528,7.0
0,0.5494804382324219,6.0
1,0.8032773733139038,3.0
1,0.025929559022188187,4.0
0,0.006620032247155905,3.0
0,0.004795526620000601,4.0
0,0.0028049254324287176,6.0
0,0.02781965211033821,7.0
0,0.0022727642208337784,3.0
0,0.011577384546399117,2.0
0,0.006943334825336933,1.0
0,0.004467601887881756,1.0
1,0.10004539042711258,1.0
0,0.6457260847091675,5.0
0,0.04626234248280525,2.0
0,0.18050917983055115,5.0
0,0.018809543922543526,2.0
0,0.016578586772084236,7.0
0,0.03919878602027893,7.0
0,0.008040348999202251,3.0
0,0.0043094404973089695,4.0
0,0.0029744429048150778,1.0
0,0.014868592843413353,5.0
0,0.06550184637308121,3.0
1,0.8573876619338989,3.0
0,0.003274068469181657,2.0
0,0.014091894030570984,1.0
0,0.1378425806760788,7.0
0,0.005815497133880854,3.0
0,0.20152164995670319,7.0
0,0.013071461580693722,1.0
0,0.058474332094192505,3.0
0,0.005345321726053953,3.0
0,0.006264515686780214,2.0
0,0.004534514620900154,1.0
0,0.003852065186947584,4.0
0,0.0025793323293328285,1.0
0,0.0025054989382624626,4.0
0,0.026721376925706863,6.0
0,0.0022598537616431713,3.0
0,0.052683789283037186,2.0
0,0.06433214992284775,1.0
0,0.05180714651942253,2.0
0,0.025013050064444542,6.0
0,0.015793409198522568,1.0
1,0.7132053375244141,6.0
1,0.18666468560695648,7.0
0,0.027888407930731773,6.0
0,0.03205275908112526,3.0
1,0.12595197558403015,7.0
0,0.03192652016878128,3.0
1,0.011139689944684505,3.0
0,0.028267938643693924,5.0
0,0.007325153332203627,2.0
1,0.07344754040241241,6.0
0,0.033614352345466614,1.0
0,0.03837544098496437,5.0
1,0.07186053693294525,1.0
0,0.07210381329059601,7.0
1,0.9091662764549255,5.0
0,0.0034917083103209734,7.0
0,0.028371084481477737,3.0
0,0.004821370355784893,6.0
0,0.09029895067214966,3.0
1,0.8929793834686279,2.0
0,0.0023883271496742964,7.0
0,0.0621059276163578,4.0
0,0.011028851382434368,2.0
0,0.1108928695321083,7.0
0,0.027293136343359947,2.0
0,0.3507399260997772,5.0
0,0.09430282562971115,2.0
0,0.0014704123605042696,2.0
0,0.002177721820771694,3.0
0,0.0018198738107457757,5.0
0,0.002902826527133584,7.0
0,0.21561703085899353,7.0
0,0.004015526734292507,6.0
0,0.005679084919393063,1.0
1,0.06833061575889587,1.0
0,0.0067421505227684975,3.0
0,0.2715693414211273,2.0
0,0.005626686383038759,6.0
0,0.37217384576797485,5.0
0,0.004738066345453262,4.0
0,0.05284692347049713,7.0
0,0.014017906971275806,4.0
0,0.06206241250038147,7.0
0,0.04387877136468887,7.0
0,0.006375654134899378,2.0
0,0.003349907696247101,4.0
0,0.03534262254834175,4.0
0,0.0025664675049483776,2.0
0,0.03734351322054863,2.0
0,0.023035766556859016,7.0
0,0.04915619269013405,1.0
0,0.6583731174468994,2.0
0,0.032229747623205185,4.0
0,0.011907598003745079,7.0
0,0.003845364786684513,3.0
0,0.25251543521881104,2.0
0,0.001874319277703762,3.0
0,0.004018701147288084,4.0
0,0.053020402789115906,4.0
0,0.11817151308059692,4.0
0,0.38090914487838745,5.0
0,0.005748245865106583,6.0
0,0.014675488695502281,1.0
0,0.02986377477645874,3.0
0,0.021640455350279808,4.0
0,0.17369920015335083,5.0
0,0.0026972803752869368,5.0
0,0.1275605857372284,4.0
0,0.0021434277296066284,2.0
0,0.08265788853168488,7.0
0,0.06936626881361008,7.0
1,0.020853957161307335,5.0
0,0.1489267796278,2.0
0,0.4130434989929199,1.0
0,0.00599153945222497,1.0
0,0.01007290743291378,1.0
0,0.003987815696746111,3.0
0,0.0044599371030926704,3.0
0,0.1748364418745041,3.0
0,0.10195223987102509,7.0
0,0.009353751316666603,7.0
0,0.005417171865701675,4.0
0,0.0336129330098629,5.0
0,0.0580068863928318,7.0
0,0.0054631284438073635,3.0
0,0.0837937667965889,4.0
0,0.08931703120470047,3.0
1,0.42936259508132935,6.0
0,0.013138120993971825,1.0
0,0.20697517693042755,7.0
0,0.034366339445114136,4.0
0,0.001897853915579617,6.0
0,0.504719078540802,4.0
0,0.054302118718624115,6.0
0,0.06177137419581413,3.0
0,0.0025450820103287697,3.0
0,0.00609411858022213,1.0
0,0.16908758878707886,6.0
0,0.008255134336650372,2.0
1,0.19089022278785706,6.0
0,0.007048120256513357,7.0
0,0.001877146540209651,6.0
0,0.011508963070809841,5.0
0,0.07477354258298874,1.0
0,0.0015128151280805469,1.0
0,0.05424845591187477,4.0
0,0.23743201792240143,6.0
0,0.0022870481479912996,4.0
1,0.31012865900993347,7.0
0,0.0030951104126870632,4.0
0,0.028269117698073387,3.0
0,0.0651952400803566,7.0
0,0.05650946870446205,4.0
0,0.019893966615200043,5.0
0,0.0609700009226799,5.0
0,0.0059071555733680725,5.0
0,0.21532955765724182,3.0
0,0.012190469540655613,3.0
0,0.04111412540078163,4.0
0,0.004311203025281429,3.0
0,0.05697110667824745,4.0
0,0.1806000918149948,7.0
0,0.10132260620594025,6.0
0,0.028008799999952316,5.0
0,0.13576671481132507,1.0
0,0.20030124485492706,1.0
0,0.004662738647311926,2.0
0,0.015077266842126846,5.0
0,0.03691878169775009,1.0
0,0.06485845148563385,1.0
0,0.07952728122472763,4.0
0,0.24370959401130676,3.0
0,0.005201918072998524,6.0
0,0.42389944195747375,7.0
0,0.03323281183838844,6.0
0,0.016067329794168472,1.0
1,0.8664984703063965,4.0
0,0.0680641308426857,6.0
0,0.0698276236653328,3.0
0,0.010166049003601074,2.0
0,0.0118099981918931,6.0
0,0.004700640216469765,5.0
0,0.009929460473358631,4.0
1,0.43261852860450745,4.0
0,0.22976642847061157,6.0
0,0.6022453308105469,4.0
0,0.011162393726408482,3.0
0,0.04891575872898102,6.0
0,0.08989574760198593,6.0
0,0.04662393406033516,2.0
1,0.0055747018195688725,5.0
0,0.0041527580469846725,6.0
0,0.07702992856502533,6.0
0,0.0058207763358950615,6.0
0,0.029081527143716812,2.0
0,0.0053414287976920605,6.0
0,0.29997238516807556,4.0
0,0.8875139355659485,7.0
0,0.045859429985284805,3.0
0,0.007869160734117031,5.0
1,0.6145526766777039,6.0
0,0.3041476309299469,6.0
0,0.007885471917688847,3.0
1,0.06437335163354874,2.0
1,0.6495286822319031,4.0
0,0.025940176099538803,7.0
0,0.021775364875793457,6.0
0,0.02286246418952942,3.0
1,0.9005244970321655,5.0
0,0.005656844470649958,7.0
1,0.8708217740058899,1.0
0,0.0028860727325081825,5.0
0,0.018874401226639748,6.0
0,0.020648645237088203,2.0
0,0.028560658916831017,5.0
0,0.012060816399753094,5.0
0,0.01578064262866974,1.0
0,0.43863460421562195,7.0
0,0.014867134392261505,5.0
0,0.03808422014117241,7.0
0,0.008429713547229767,6.0
0,0.02660568244755268,7.0
0,0.014172326773405075,2.0
0,0.0636175200343132,5.0
0,0.015918144956231117,1.0
1,0.8809722661972046,5.0
0,0.0035525730345398188,2.0
0,0.0016542444936931133,1.0
0,0.26353150606155396,1.0
0,0.027145296335220337,2.0
0,0.3560182452201843,3.0
0,0.016058964654803276,2.0
0,0.006218492519110441,1.0
1,0.41902193427085876,1.0
0,0.023106351494789124,3.0
0,0.003154244739562273,5.0
0,0.32433611154556274,6.0
0,0.002386052394285798,7.0
0,0.00498558534309268,7.0
0,0.013156202621757984,5.0
0,0.040288668125867844,3.0
0,0.3436897099018097,4.0
0,0.052668001502752304,3.0
0,0.012143737636506557,3.0
0,0.03384402021765709,7.0
0,0.0030020701233297586,1.0
0,0.09378132969141006,2.0
0,0.010433018207550049,7.0
1,0.04769120737910271,7.0
0,0.050645917654037476,4.0
0,0.02271265909075737,4.0
0,0.024229077622294426,1.0
0,0.01733611710369587,6.0
1,0.7330918908119202,5.0
0,0.06759752333164215,7.0
0,0.022915732115507126,3.0
0,0.008004470728337765,4.0
0,0.047242019325494766,4.0
0,0.05656876787543297,2.0
0,0.045587893575429916,3.0
0,0.6792332530021667,5.0
0,0.014480452053248882,7.0
0,0.02021588198840618,6.0
0,0.0242762453854084,6.0
0,0.018501320853829384,7.0
0,0.02203296311199665,2.0
0,0.12554848194122314,5.0
0,0.07526548206806183,6.0
0,0.010191795416176319,1.0
0,0.04579716920852661,1.0
1,0.47948217391967773,6.0
0,0.002344579668715596,1.0
0,0.027817394584417343,4.0
0,0.0040550329722464085,3.0
1,0.8552849888801575,2.0
0,0.3406653106212616,4.0
0,0.0322905071079731,7.0
0,0.057346511632204056,1.0
0,0.006880342494696379,1.0
0,0.0035260978620499372,5.0
0,0.002212344203144312,3.0
0,0.0020182349253445864,7.0
0,0.005615087691694498,5.0
0,0.020183691754937172,2.0
0,0.03443210944533348,4.0
0,0.06659479439258575,4.0
0,0.13098928332328796,5.0
0,0.002956551732495427,2.0
0,0.217928946018219,2.0
0,0.008806071244180202,2.0
0,0.12513333559036255,4.0
1,0.3227679431438446,7.0
0,0.09680713713169098,3.0
0,0.00841528084129095,5.0
1,0.14271391928195953,3.0
0,0.003781598759815097,4.0
1,0.15644608438014984,6.0
0,0.17176631093025208,7.0
0,0.0027283732779324055,1.0
0,0.1080775111913681,6.0
0,0.03555474430322647,7.0
0,0.02312944270670414,4.0
0,0.1854652315378189,6.0
0,0.00570337288081646,7.0
0,0.004126804880797863,4.0
0,0.05778877064585686,4.0
1,0.026585757732391357,7.0
0,0.17743386328220367,2.0
1,0.8255020380020142,3.0
0,0.14334441721439362,6.0
0,0.12135078758001328,3.0
0,0.02630910463631153,7.0
0,0.0032641959842294455,5.0
0,0.1395253986120224,3.0
0,0.02081185393035412,2.0
0,0.01569642871618271,5.0
0,0.021298127248883247,6.0
1,0.06231292709708214,2.0
0,0.23134350776672363,4.0
0,0.0029139621183276176,3.0
1,0.7153213620185852,1.0
0,0.059397920966148376,5.0
0,0.01102647464722395,4.0
0,0.07923451066017151,5.0
0,0.07976368814706802,7.0
1,0.13741955161094666,5.0
0,0.1596357822418213,6.0
0,0.07489446550607681,6.0
1,0.18223007023334503,3.0
1,0.8107819557189941,5.0
1,0.07745739817619324,7.0
0,0.0332624614238739,1.0
0,0.0049194167368113995,5.0
0,0.00513435946777463,5.0
0,0.05411968752741814,3.0
0,0.10684619098901749,4.0
0,0.0025190652813762426,3.0
0,0.31683430075645447,2.0
1,0.2924594581127167,6.0
1,0.10283292084932327,7.0
0,0.04318748041987419,4.0
0,0.015389167703688145,5.0
0,0.003456094302237034,3.0
1,0.09554688632488251,6.0
1,0.19594909250736237,4.0
0,0.07534246146678925,3.0
0,0.07016472518444061,5.0
0,0.02578055113554001,7.0
0,0.27236711978912354,3.0
1,0.06804700940847397,2.0
0,0.1356111764907837,1.0
0,0.008209181018173695,2.0
1,0.3463478088378906,6.0
0,0.008261785842478275,4.0
0,0.011994601227343082,1.0
1,0.8490890860557556,7.0
0,0.11098777502775192,2.0
0,0.10407041013240814,3.0
0,0.38828590512275696,2.0
0,0.04650459066033363,2.0
0,0.007268556393682957,3.0
0,0.050695471465587616,7.0
0,0.00876819808036089,4.0
0,0.026200760155916214,4.0
1,0.07469044625759125,3.0
0,0.032704371958971024,1.0
0,0.007561415899544954,4.0
0,0.14963582158088684,4.0
0,0.0272193755954504,2.0
0,0.5377638339996338,3.0
0,0.16333405673503876,3.0
0,0.30910685658454895,3.0
0,0.008454724214971066,4.0
0,0.9278834462165833,5.0
1,0.7421218156814575,3.0
0,0.006801453884691,5.0
0,0.2022669017314911,6.0
0,0.0069694132544100285,6.0
0,0.053207021206617355,2.0
0,0.00640852889046073,6.0
0,0.02913224883377552,2.0
0,0.13245739042758942,1.0
0,0.05892283841967583,3.0
0,0.17297589778900146,4.0
0,0.030498521402478218,4.0
0,0.37271586060523987,6.0
0,0.010789971798658371,1.0
0,0.21123316884040833,5.0
0,0.9626339673995972,1.0
0,0.10311638563871384,7.0
0,0.16588394343852997,4.0
0,0.01654152199625969,7.0
0,0.003553008660674095,1.0
0,0.02734481543302536,6.0
0,0.15221962332725525,1.0
0,0.029134316369891167,1.0
0,0.13591699302196503,7.0
0,0.20802347362041473,3.0
0,0.23320318758487701,3.0
0,0.027067281305789948,1.0
0,0.06771636754274368,3.0
0,0.009256417863070965,2.0
0,0.07289993762969971,3.0
0,0.017216118052601814,3.0
1,0.26222434639930725,1.0
0,0.006368997041136026,6.0
0,0.023274943232536316,7.0
0,0.08561546355485916,1.0
0,0.006807032041251659,6.0
0,0.005158384796231985,4.0
0,0.13428381085395813,5.0
0,0.16011376678943634,2.0
0,0.01640908047556877,5.0
1,0.1980646848678589,4.0
0,0.10019506514072418,3.0
1,0.11419477313756943,1.0
1,0.03604290634393692,6.0
0,0.19208113849163055,1.0
1,0.09203546494245529,4.0
0,0.030091987922787666,3.0
0,0.015840766951441765,2.0
0,0.03688735142350197,2.0
0,0.002101000165566802,5.0
0,0.04401180520653725,3.0
0,0.3676557242870331,6.0
0,0.009784800000488758,1.0
0,0.0056182327680289745,2.0
0,0.029340451583266258,6.0
0,0.00792075414210558,1.0
1,0.3331141769886017,7.0
0,0.06022517755627632,2.0
0,0.0015409353654831648,7.0
0,0.23190028965473175,4.0
0,0.31985005736351013,2.0
0,0.0033806825522333384,6.0
0,0.0615970678627491,3.0
0,0.07646442204713821,6.0
0,0.05518091097474098,4.0
0,0.0023427465930581093,4.0
0,0.004548035096377134,2.0
0,0.11609997600317001,2.0
0,0.06831160932779312,6.0
0,0.015715889632701874,5.0
0,0.010190900415182114,3.0
0,0.15194231271743774,1.0
1,0.49502426385879517,2.0
1,0.2978491187095642,1.0
1,0.5346160531044006,1.0
0,0.052718862891197205,6.0
0,0.008508957922458649,5.0
0,0.005875259172171354,3.0
0,0.16427063941955566,3.0
0,0.5040934085845947,5.0
0,0.0015286708949133754,7.0
0,0.020756250247359276,4.0
0,0.09587445110082626,2.0
0,0.001459452323615551,2.0
0,0.005759768653661013,7.0
1,0.14123648405075073,4.0
0,0.021112514659762383,5.0
0,0.10303178429603577,2.0
0,0.08044125139713287,3.0
0,0.10330452769994736,6.0
0,0.22375845909118652,4.0
0,0.22244426608085632,6.0
0,0.11683887988328934,3.0
0,0.013371518813073635,5.0
0,0.003472883254289627,1.0
0,0.014328676275908947,6.0
0,0.01289704442024231,2.0
1,0.7142914533615112,6.0
0,0.047063760459423065,1.0
0,0.00408111372962594,7.0
0,0.10089505463838577,3.0
0,0.029200905933976173,4.0
0,0.02526685781776905,6.0
0,0.1505635678768158,2.0
0,0.07985740154981613,6.0
0,0.09566192328929901,4.0
0,0.05991201475262642,6.0
0,0.16675640642642975,4.0
0,0.3946349620819092,3.0
0,0.11037157475948334,6.0
0,0.062030449509620667,4.0
0,0.7170860767364502,5.0
0,0.09107857197523117,1.0
0,0.2552562952041626,2.0
1,0.06008433923125267,3.0
1,0.02126728929579258,7.0
1,0.17211343348026276,5.0
1,0.027321839705109596,3.0
0,0.3848126530647278,5.0
0,0.056356627494096756,7.0
1,0.03975336253643036,3.0
1,0.04576146602630615,7.0
0,0.006414750125259161,7.0
0,0.4258228838443756,6.0
0,0.013947281055152416,3.0
0,0.004925634246319532,4.0
0,0.011884274892508984,2.0
1,0.1992710679769516,1.0
0,0.0044255368411540985,1.0
0,0.013717228546738625,5.0
0,0.013929375447332859,7.0
1,0.5435581803321838,4.0
0,0.010737122967839241,7.0
0,0.045856572687625885,7.0
0,0.028616754338145256,3.0
0,0.31775134801864624,3.0
0,0.011668558232486248,6.0
0,0.040748480707407,2.0
0,0.010285509750247002,5.0
1,0.020373539999127388,5.0
0,0.3387211263179779,3.0
0,0.19396242499351501,1.0
0,0.40840214490890503,3.0
0,0.03131553903222084,6.0
1,0.0643102377653122,4.0
0,0.11292291432619095,6.0
1,0.7628708481788635,2.0
0,0.49644675850868225,2.0
0,0.016623426228761673,5.0
0,0.004886453505605459,2.0
0,0.12935814261436462,6.0
0,0.005626923870295286,3.0
0,0.34770721197128296,5.0
0,0.006736286915838718,5.0
0,0.015962911769747734,3.0
0,0.030259931460022926,4.0
0,0.6615665555000305,4.0
0,0.10620873421430588,1.0
0,0.016514834016561508,2.0
0,0.30334827303886414,1.0
1,0.37551426887512207,6.0
1,0.641360878944397,6.0
1,0.06561549007892609,3.0
0,0.008112705312669277,5.0
1,0.6501274108886719,7.0
0,0.04133283346891403,7.0
0,0.3027750849723816,5.0
0,0.6880818605422974,3.0
0,0.02218671701848507,7.0
0,0.21367907524108887,1.0
0,0.03858516737818718,3.0
0,0.22487212717533112,1.0
0,0.12994375824928284,4.0
0,0.270794153213501,2.0
0,0.02927129901945591,7.0
0,0.15632784366607666,4.0
0,0.033722084015607834,4.0
0,0.04481412097811699,2.0
0,0.02456807531416416,5.0
0,0.003587631741538644,1.0
1,0.1335381716489792,4.0
0,0.010961484163999557,3.0
1,0.39412200450897217,4.0
0,0.007981116883456707,6.0
0,0.0014017032226547599,6.0
0,0.25672149658203125,3.0
0,0.008631809614598751,5.0
0,0.006487058475613594,3.0
1,0.005826872307807207,3.0
0,0.022018594667315483,3.0
0,0.07475099712610245,2.0
0,0.003933075349777937,7.0
0,0.005467049777507782,1.0
0,0.02051399275660515,6.0
0,0.03355119377374649,4.0
0,0.0035760963801294565,2.0
0,0.004798859357833862,7.0
0,0.1323636919260025,6.0
0,0.026446571573615074,1.0
0,0.0038097549695521593,4.0
0,0.13539846241474152,4.0
0,0.015343951992690563,1.0
0,0.05634653568267822,6.0
0,0.00226344121620059,5.0
0,0.004283660091459751,3.0
0,0.17386791110038757,2.0
0,0.0577833317220211,2.0
0,0.1767808049917221,1.0
0,0.010441681370139122,5.0
0,0.0016975856851786375,4.0
0,0.1370084434747696,4.0
0,0.0033150101080536842,3.0
0,0.027154577895998955,7.0
0,0.027551136910915375,2.0
0,0.3437725305557251,5.0
0,0.0073766205459833145,2.0
1,0.788143515586853,5.0
0,0.1704065054655075,3.0
0,0.004295107442885637,4.0
0,0.0704401507973671,4.0
0,0.8095799088478088,3.0
0,0.0014471916947513819,6.0
0,0.10421201586723328,4.0
0,0.019479721784591675,4.0
0,0.003010257612913847,6.0
1,0.11031177639961243,4.0
0,0.0013306918554008007,5.0
0,0.008962977677583694,7.0
0,0.005630732513964176,6.0
1,0.02373388037085533,2.0
0,0.01925804279744625,1.0
0,0.004968747496604919,2.0
0,0.020416995510458946,2.0
0,0.15991342067718506,5.0
0,0.0044826422818005085,1.0
0,0.1308402717113495,7.0
0,0.4687308073043823,6.0
0,0.5601150393486023,3.0
0,0.10293963551521301,6.0
0,0.2880467176437378,2.0
0,0.00843734573572874,5.0
0,0.13945980370044708,6.0
0,0.01581459864974022,5.0
0,0.06701765209436417,7.0
0,0.012392728589475155,2.0
0,0.09930870682001114,6.0
0,0.04716649651527405,7.0
0,0.19698166847229004,4.0
0,0.005406112875789404,6.0
0,0.062492817640304565,7.0
0,0.6531413197517395,1.0
0,0.044243860989809036,4.0
0,0.07663509994745255,5.0
0,0.002182452706620097,5.0
0,0.018814528360962868,4.0
0,0.0417749397456646,7.0
1,0.6253329515457153,6.0
0,0.02316553145647049,7.0
0,0.03231894224882126,4.0
0,0.034261927008628845,5.0
0,0.00996304675936699,3.0
0,0.09148447960615158,2.0
0,0.24686980247497559,5.0
0,0.0030206365045160055,2.0
0,0.07849473506212234,3.0
0,0.18977925181388855,7.0
0,0.09478334337472916,1.0
0,0.24958400428295135,1.0
0,0.01531482208520174,3.0
1,0.33414822816848755,1.0
0,0.024177156388759613,3.0
0,0.028038443997502327,3.0
0,0.003816154319792986,3.0
0,0.00877064373344183,6.0
0,0.04976198077201843,2.0
1,0.5983060002326965,7.0
1,0.5849052667617798,6.0
0,0.16992971301078796,3.0
0,0.011186187155544758,6.0
1,0.5410455465316772,6.0
0,0.007484182715415955,1.0
0,0.041504666209220886,7.0
0,0.13336853682994843,6.0
0,0.036021940410137177,3.0
0,0.019759900867938995,6.0
0,0.5812234878540039,7.0
1,0.8956151008605957,2.0
0,0.03002232313156128,7.0
0,0.01945028081536293,5.0
0,0.06350291520357132,1.0
0,0.09716005623340607,1.0
0,0.03728523850440979,6.0
0,0.020856337621808052,4.0
0,0.04636863246560097,3.0
0,0.020330216735601425,1.0
0,0.0086989039555192,2.0
0,0.05311018228530884,7.0
0,0.10684126615524292,4.0
1,0.10594740509986877,2.0
0,0.00363475875928998,3.0
0,0.012491917237639427,7.0
0,0.6217369437217712,5.0
0,0.1083364486694336,4.0
0,0.027941342443227768,2.0
0,0.07163622975349426,6.0
0,0.0055108340457081795,5.0
0,0.04451161250472069,6.0
0,0.00831220019608736,2.0
0,0.11419085413217545,4.0
0,0.024183878675103188,7.0
0,0.0043731690384447575,3.0
0,0.05179215595126152,5.0
0,0.029215563088655472,7.0
0,0.06256700307130814,7.0
1,0.7455853223800659,1.0
0,0.03915582597255707,5.0
0,0.01789643056690693,1.0
0,0.07726329565048218,7.0
0,0.01132060494273901,7.0
0,0.007163491100072861,6.0
0,0.1181052029132843,6.0
1,0.4916253387928009,5.0
0,0.13011029362678528,4.0
0,0.038951072841882706,2.0
0,0.04287238419055939,7.0
0,0.048526983708143234,4.0
0,0.07152228057384491,4.0
0,0.008912887424230576,2.0
0,0.08148345351219177,1.0
0,0.34074732661247253,1.0
0,0.1740676462650299,6.0
0,0.012023529037833214,6.0
0,0.028928054496645927,2.0
0,0.0027127154171466827,4.0
0,0.03470727428793907,4.0
0,0.03808416798710823,2.0
0,0.1459045112133026,7.0
0,0.039418257772922516,2.0
0,0.015953633934259415,2.0
0,0.021542243659496307,6.0
0,0.0025241768453270197,3.0
0,0.3809007704257965,7.0
0,0.027509130537509918,1.0
0,0.7911501526832581,4.0
0,0.010709194466471672,4.0
1,0.16286161541938782,2.0
0,0.008218278177082539,4.0
0,0.02395007759332657,5.0
0,0.0061965156346559525,2.0
0,0.032157864421606064,1.0
0,0.20026026666164398,7.0
0,0.08262618631124496,5.0
0,0.24933269619941711,4.0
0,0.11405055224895477,1.0
0,0.03813277184963226,1.0
0,0.1668400764465332,1.0
0,0.08283621817827225,6.0
1,0.019889747723937035,1.0
1,0.04409803822636604,4.0
0,0.26006245613098145,1.0
0,0.13934475183486938,7.0
0,0.09727995842695236,7.0
1,0.35503914952278137,4.0
0,0.09215252846479416,2.0
0,0.008754801005125046,2.0
0,0.029263805598020554,1.0
0,0.007343858480453491,1.0
0,0.03166426345705986,3.0
0,0.04723651334643364,7.0
0,0.11502166092395782,7.0
0,0.07530125230550766,2.0
0,0.0030865357257425785,5.0
1,0.14731232821941376,6.0
0,0.10997462272644043,6.0
0,0.025598270818591118,1.0
0,0.06990562379360199,7.0
1,0.14327885210514069,3.0
0,0.03052050806581974,7.0
0,0.5453395247459412,4.0
1,0.5476698875427246,7.0
0,0.012300056405365467,1.0
1,0.0065984963439404964,3.0
1,0.009458962827920914,3.0
0,0.01256033405661583,3.0
0,0.12339351326227188,2.0
0,0.2725815176963806,4.0
0,0.011449798941612244,5.0
0,0.004241724032908678,5.0
0,0.060564231127500534,3.0
0,0.003634185530245304,5.0
0,0.08891776204109192,2.0
0,0.005962233059108257,3.0
0,0.14843976497650146,2.0
1,0.15067540109157562,7.0
0,0.012111375108361244,7.0
0,0.034571245312690735,2.0
0,0.03619649261236191,1.0
0,0.016285594552755356,4.0
0,0.37135112285614014,6.0
0,0.015789177268743515,6.0
0,0.08275549113750458,2.0
0,0.03984425961971283,1.0
0,0.07594351470470428,2.0
0,0.02022789977490902,2.0
0,0.08116674423217773,2.0
0,0.12494885176420212,1.0
0,0.020205283537507057,4.0
0,0.05760706588625908,1.0
0,0.07092700898647308,2.0
0,0.0078003364615142345,5.0
0,0.18858325481414795,6.0
0,0.11701120436191559,5.0
0,0.09418278187513351,3.0
0,0.011826838366687298,7.0
0,0.10683531314134598,6.0
0,0.052025679498910904,7.0
0,0.07248455286026001,1.0
0,0.19548796117305756,1.0
0,0.29783546924591064,4.0
0,0.08140470832586288,1.0
0,0.2036420702934265,1.0
0,0.03427287936210632,1.0
0,0.3086983561515808,2.0
0,0.003667938755825162,5.0
0,0.04736468940973282,5.0
0,0.11008795350790024,6.0
0,0.012438630685210228,2.0
0,0.2475266307592392,5.0
0,0.016611551865935326,5.0
0,0.010685537941753864,7.0
0,0.1267547905445099,1.0
0,0.0596807599067688,5.0
0,0.11009658873081207,1.0
0,0.07542560249567032,5.0
0,0.08953230828046799,1.0
0,0.009275529533624649,7.0
0,0.011151298880577087,4.0
0,0.03539399057626724,4.0
0,0.006993942894041538,2.0
0,0.0633687674999237,4.0
0,0.03305773809552193,4.0
0,0.0095151262357831,1.0
0,0.016477469354867935,1.0
0,0.0036278199404478073,5.0
0,0.11957694590091705,4.0
1,0.01610240526497364,6.0
0,0.021960044279694557,5.0
0,0.0542827807366848,7.0
1,0.5501889586448669,2.0
0,0.01645413227379322,6.0
0,0.00162130210082978,2.0
0,0.04156189784407616,4.0
0,0.10384314507246017,7.0
0,0.006538769230246544,2.0
0,0.026675455272197723,7.0
0,0.038175761699676514,4.0
0,0.05660267546772957,4.0
0,0.12983858585357666,7.0
1,0.2535927891731262,1.0
0,0.04867494851350784,2.0
0,0.012412679381668568,4.0
0,0.003965822979807854,2.0
0,0.008991884998977184,7.0
1,0.013666749931871891,4.0
0,0.19716264307498932,6.0
0,0.01628473959863186,3.0
0,0.055220041424036026,2.0
0,0.013535083271563053,4.0
0,0.0064419833943247795,7.0
0,0.06666501611471176,3.0
0,0.001815315568819642,5.0
1,0.33627936244010925,5.0
0,0.012591901235282421,1.0
0,0.038115229457616806,5.0
0,0.0030271427240222692,1.0
0,0.1399650126695633,4.0
0,0.004816549830138683,7.0
0,0.3467920422554016,6.0
0,0.14909258484840393,1.0
1,0.11691747605800629,6.0
0,0.05688348039984703,1.0
0,0.014817594550549984,4.0
0,0.020960189402103424,7.0
0,0.05208144336938858,6.0
0,0.1624871790409088,5.0
0,0.002780725248157978,1.0
0,0.042971041053533554,6.0
1,0.6424830555915833,6.0
0,0.14903351664543152,3.0
0,0.33975109457969666,4.0
0,0.1775713860988617,5.0
0,0.0027803988195955753,1.0
0,0.005575178191065788,6.0
0,0.057296816259622574,1.0
0,0.13788582384586334,5.0
0,0.009807511232793331,4.0
0,0.0331251434981823,6.0
0,0.0037295331712812185,1.0
0,0.05654234439134598,6.0
0,0.02974635735154152,7.0
0,0.03182568401098251,4.0
0,0.0025659389793872833,5.0
0,0.0661538615822792,5.0
0,0.05705346167087555,1.0
0,0.0031776283867657185,1.0
0,0.25519880652427673,1.0
0,0.007435910869389772,5.0
1,0.07546110451221466,6.0
0,0.001645369571633637,7.0
0,0.008325079455971718,5.0
0,0.058868199586868286,7.0
0,0.05608964338898659,6.0
0,0.5401067733764648,2.0
0,0.26638054847717285,6.0
0,0.008720604702830315,2.0
0,0.0018909078789874911,5.0
0,0.026183463633060455,7.0
0,0.17035843431949615,4.0
0,0.8387638330459595,2.0
1,0.05759047344326973,1.0
0,0.05116758495569229,6.0
0,0.019846094772219658,3.0
0,0.014226504601538181,3.0
0,0.01583973318338394,5.0
0,0.06125114485621452,1.0
1,0.14446881413459778,3.0
1,0.705356776714325,4.0
0,0.14137861132621765,1.0
1,0.7175157070159912,7.0
1,0.6607576608657837,6.0
0,0.13535456359386444,7.0
1,0.9639806747436523,1.0
0,0.044650595635175705,4.0
0,0.02144700475037098,6.0
0,0.010442296974360943,6.0
0,0.07247111201286316,7.0
1,0.7316230535507202,1.0
0,0.05931529402732849,4.0
0,0.07128868997097015,5.0
0,0.12059689313173294,6.0
0,0.20055270195007324,4.0
0,0.5441035628318787,4.0
0,0.007806010544300079,7.0
0,0.005102601367980242,1.0
1,0.38584449887275696,6.0
0,0.02060856483876705,1.0
0,0.09952296316623688,4.0
0,0.004981683567166328,1.0
0,0.07144415378570557,7.0
0,0.007596366107463837,7.0
0,0.20659980177879333,1.0
0,0.004184079356491566,1.0
0,0.014518083073198795,7.0
0,0.01387476734817028,1.0
0,0.011303016915917397,2.0
0,0.05662157014012337,7.0
0,0.0683555081486702,2.0
0,0.060019537806510925,1.0
0,0.00521336542442441,4.0
1,0.01661130227148533,5.0
0,0.003046380588784814,3.0
0,0.06749536842107773,7.0
0,0.42888447642326355,7.0
0,0.046769749373197556,1.0
0,0.01901938021183014,3.0
0,0.04295335337519646,3.0
0,0.06007363274693489,2.0
0,0.6457858085632324,5.0
0,0.397239625453949,1.0
0,0.007136279251426458,5.0
0,0.010464739985764027,7.0
0,0.04094844311475754,1.0
0,0.07800368219614029,6.0
0,0.0672212615609169,2.0
0,0.02224510908126831,7.0
0,0.24481801688671112,2.0
0,0.2432926446199417,2.0
0,0.014765534549951553,6.0
1,0.057572897523641586,5.0
1,0.1458827257156372,4.0
0,0.016399463638663292,3.0
0,0.0036601403262466192,2.0
0,0.04795273765921593,2.0
0,0.463497519493103,5.0
0,0.012782495468854904,6.0
0,0.073224276304245,4.0
0,0.06202041730284691,1.0
0,0.00831651035696268,5.0
1,0.03704636171460152,5.0
0,0.4612956643104553,3.0
0,0.0870608314871788,7.0
0,0.057117052376270294,7.0
1,0.04281032085418701,1.0
0,0.10833106189966202,4.0
0,0.047738928347826004,7.0
0,0.17324401438236237,4.0
0,0.09862452745437622,7.0
0,0.004440743941813707,5.0
0,0.04702385887503624,5.0
0,0.0054885875433683395,5.0
0,0.13741697371006012,3.0
0,0.017970222979784012,7.0
0,0.0014697893057018518,7.0
0,0.06537283957004547,2.0
0,0.016966156661510468,5.0
0,0.6760443449020386,7.0
0,0.07499975711107254,7.0
0,0.002782969968393445,6.0
0,0.23224814236164093,6.0
0,0.04478364437818527,7.0
1,0.030070379376411438,1.0
0,0.17133711278438568,5.0
0,0.028254542499780655,2.0
0,0.010165166109800339,4.0
1,0.4298526644706726,2.0
0,0.016210298985242844,4.0
0,0.3978504240512848,4.0
0,0.06302780658006668,2.0
0,0.09720239788293839,3.0
0,0.2999701201915741,2.0
1,0.11956609785556793,3.0
1,0.15845751762390137,3.0
0,0.044680770486593246,2.0
1,0.11290176212787628,1.0
0,0.10333322733640671,6.0
1,0.3049377202987671,7.0
1,0.11834996938705444,5.0
1,0.7657864093780518,4.0
0,0.005585831124335527,1.0
1,0.005448256619274616,7.0
0,0.036858316510915756,5.0
0,0.026078300550580025,1.0
1,0.4498276710510254,4.0
0,0.01311181578785181,4.0
1,0.16890990734100342,1.0
1,0.25897571444511414,4.0
0,0.029732244089245796,5.0
0,0.02625378407537937,2.0
0,0.026942627504467964,4.0
0,0.014562022872269154,4.0
0,0.044408105313777924,4.0
0,0.03563559055328369,5.0
0,0.01175101101398468,3.0
1,0.5007905960083008,6.0
0,0.07623646408319473,2.0
0,0.028012240305542946,2.0
0,0.4680972099304199,5.0
0,0.07486613839864731,6.0
0,0.00223357486538589,2.0
0,0.833402693271637,1.0
0,0.07997260987758636,4.0
0,0.09178013354539871,2.0
0,0.013312558643519878,5.0
0,0.01123097538948059,1.0
0,0.008373549208045006,2.0
0,0.015941331163048744,2.0
0,0.6572056412696838,5.0
0,0.02414793334901333,3.0
0,0.010490472428500652,6.0
0,0.06342881917953491,1.0
0,0.06188236549496651,6.0
0,0.24249252676963806,5.0
0,0.19305390119552612,6.0
0,0.052671488374471664,2.0
0,0.2269793152809143,6.0
0,0.013074353337287903,7.0
0,0.04066283628344536,2.0
0,0.04367377981543541,6.0
1,0.049947209656238556,2.0
0,0.5384803414344788,5.0
0,0.0035473948810249567,3.0
0,0.03968695178627968,4.0
1,0.07404761761426926,3.0
0,0.34565478563308716,2.0
0,0.03289327770471573,5.0
0,0.03487158566713333,7.0
0,0.5969461798667908,7.0
1,0.2440776824951172,7.0
0,0.2832755744457245,1.0
0,0.06495124846696854,3.0
0,0.15959276258945465,7.0
0,0.03348543494939804,3.0
1,0.06738274544477463,4.0
0,0.017434272915124893,5.0
0,0.013721977360546589,3.0
0,0.15696968138217926,7.0
0,0.1151948869228363,5.0
0,0.04464053362607956,4.0
0,0.007091209292411804,6.0
0,0.007770032621920109,5.0
1,0.0070974258705973625,4.0
0,0.13828028738498688,6.0
0,0.024672988802194595,7.0
0,0.007136029191315174,6.0
0,0.10578401386737823,2.0
0,0.005954821594059467,1.0
0,0.03973031044006348,6.0
0,0.04531177133321762,6.0
0,0.1608124077320099,6.0
0,0.04125916212797165,7.0
1,0.9294394254684448,2.0
1,0.008826092816889286,1.0
0,0.08463585376739502,7.0
0,0.08335904777050018,7.0
0,0.12431508302688599,1.0
0,0.028804004192352295,7.0
0,0.018436485901474953,7.0
0,0.05337429419159889,7.0
0,0.1824338138103485,6.0
0,0.07531406730413437,7.0
0,0.3660605847835541,2.0
0,0.06751991808414459,3.0
1,0.39582887291908264,3.0
0,0.21036742627620697,6.0
0,0.3673047125339508,6.0
0,0.058973222970962524,3.0
0,0.2853628993034363,4.0
0,0.15078066289424896,1.0
0,0.008638164959847927,6.0
0,0.04662425071001053,1.0
0,0.005395757034420967,6.0
0,0.05813447758555412,7.0
0,0.0038769631646573544,2.0
0,0.005402360577136278,6.0
0,0.08941010385751724,7.0
0,0.013598852790892124,3.0
0,0.3196728527545929,5.0
0,0.020848287269473076,1.0
0,0.004032673314213753,3.0
0,0.004370999988168478,6.0
0,0.0046644629910588264,5.0
0,0.06937693059444427,5.0
0,0.07404330372810364,2.0
0,0.10506348311901093,2.0
0,0.13559077680110931,4.0
0,0.7278534770011902,1.0
0,0.02336769551038742,6.0
0,0.058714039623737335,5.0
0,0.0018875146051868796,1.0
0,0.057058095932006836,7.0
0,0.06842243671417236,7.0
1,0.06218721717596054,4.0
0,0.011130953207612038,7.0
0,0.009010881185531616,4.0
0,0.0020378432236611843,2.0
0,0.038006097078323364,5.0
0,0.021102480590343475,2.0
0,0.13980677723884583,7.0
1,0.044244710355997086,2.0
0,0.0048106699250638485,7.0
1,0.06340643018484116,4.0
0,0.08438326418399811,4.0
0,0.005655897781252861,3.0
0,0.19027212262153625,4.0
0,0.007268108893185854,1.0
0,0.007531805895268917,3.0
0,0.19036372005939484,6.0
1,0.02035140059888363,2.0
0,0.0037501580081880093,1.0
0,0.07109417021274567,4.0
0,0.16385921835899353,6.0
0,0.005645978730171919,6.0
0,0.19545918703079224,2.0
0,0.006909780669957399,2.0
0,0.024092234671115875,2.0
0,0.03439889848232269,6.0
0,0.004271415062248707,1.0
1,0.10739059001207352,3.0
0,0.03049185872077942,2.0
0,0.015754321590065956,2.0
1,0.7386045455932617,6.0
0,0.5874619483947754,3.0
0,0.05839838832616806,5.0
0,0.014738630503416061,3.0
0,0.024905148893594742,4.0
0,0.03773394599556923,4.0
0,0.017171381041407585,1.0
0,0.004782029893249273,1.0
0,0.03644034266471863,6.0
0,0.004345277324318886,6.0
0,0.084862619638443,1.0
0,0.039215825498104095,5.0
0,0.07996836304664612,2.0
0,0.045779999345541,3.0
0,0.0997576117515564,4.0
1,0.10246250778436661,4.0
0,0.13844230771064758,5.0
0,0.06370102614164352,1.0
0,0.003875604597851634,2.0
0,0.0828135684132576,3.0
0,0.13644003868103027,7.0
0,0.047372907400131226,4.0
0,0.2501997649669647,1.0
0,0.0752011239528656,5.0
0,0.04784237965941429,2.0
0,0.014430922456085682,1.0
0,0.003768536262214184,2.0
0,0.03303804621100426,5.0
0,0.013157101348042488,6.0
1,0.06642543524503708,6.0
0,0.04945358261466026,7.0
0,0.00829002633690834,6.0
0,0.029647221788764,3.0
0,0.018590562045574188,4.0
0,0.017692016437649727,5.0
0,0.0031897665467113256,6.0
0,0.12037966400384903,2.0
0,0.0876263976097107,2.0
0,0.018023177981376648,2.0
0,0.09524936228990555,1.0
0,0.026588479056954384,2.0
0,0.0068181948736310005,2.0
0,0.030085891485214233,1.0
0,0.13902777433395386,3.0
0,0.014560612849891186,2.0
0,0.16446523368358612,3.0
0,0.014115948230028152,1.0
0,0.007374333683401346,4.0
0,0.05568346381187439,6.0
0,0.032763004302978516,4.0
1,0.38985615968704224,5.0
0,0.18402163684368134,7.0
0,0.19482919573783875,6.0
0,0.13273130357265472,2.0
0,0.005071433261036873,3.0
0,0.02971229888498783,7.0
0,0.00813042838126421,5.0
0,0.01335811335593462,4.0
0,0.07356800884008408,4.0
0,0.043168697506189346,6.0
0,0.016891885548830032,7.0
0,0.019374629482626915,5.0
0,0.5598512291908264,4.0
1,0.6117118000984192,3.0
1,0.03062787652015686,6.0
0,0.3497873842716217,6.0
0,0.03490918129682541,5.0
0,0.008388767018914223,5.0
0,0.09663282334804535,1.0
0,0.15532685816287994,6.0
0,0.006661692168563604,2.0
0,0.019460441544651985,4.0
0,0.047177042812108994,6.0
0,0.038119152188301086,1.0
0,0.010234680958092213,3.0
0,0.11287602037191391,7.0
0,0.033230654895305634,7.0
0,0.13788408041000366,3.0
0,0.10498256236314774,2.0
0,0.019106566905975342,1.0
0,0.0296592079102993,1.0
0,0.04908181354403496,5.0
0,0.026440396904945374,2.0
0,0.03820226341485977,6.0
0,0.0514570027589798,4.0
0,0.10687056183815002,3.0
0,0.006358829792588949,5.0
0,0.03402351215481758,2.0
0,0.018716149032115936,6.0
0,0.2635892927646637,2.0
0,0.02323952689766884,7.0
0,0.017972849309444427,3.0
0,0.022637227550148964,6.0
0,0.5315930843353271,2.0
0,0.018705293536186218,4.0
0,0.02202819660305977,1.0
0,0.15117481350898743,6.0
1,0.06657231599092484,5.0
0,0.37683141231536865,4.0
0,0.4759378433227539,4.0
0,0.018706640228629112,6.0
0,0.05065019428730011,5.0
0,0.03677904233336449,7.0
0,0.06564084440469742,3.0
0,0.002343159168958664,4.0
0,0.01712004281580448,4.0
0,0.01692168600857258,3.0
0,0.028704406693577766,2.0
0,0.06044913828372955,7.0
0,0.00527481734752655,5.0
0,0.016050316393375397,5.0
0,0.35532790422439575,5.0
0,0.0042229765094816685,5.0
0,0.0032813120633363724,6.0
0,0.02205784060060978,6.0
0,0.005492628552019596,3.0
0,0.03014209307730198,4.0
0,0.019199708476662636,2.0
0,0.03589044511318207,4.0
0,0.24659506976604462,5.0
0,0.03274420648813248,7.0
0,0.018619151785969734,1.0
0,0.0456213504076004,7.0
1,0.08729231357574463,6.0
0,0.0015460647409781814,2.0
0,0.0029147465247660875,4.0
1,0.03625459596514702,7.0
0,0.10711081326007843,6.0
0,0.0026948009617626667,2.0
0,0.02470233477652073,2.0
0,0.0677749514579773,5.0
0,0.004838450346142054,1.0
1,0.7954648733139038,7.0
0,0.05949503928422928,4.0
0,0.05521705746650696,4.0
0,0.024644725024700165,2.0
0,0.24098265171051025,6.0
0,0.0074452743865549564,4.0
0,0.004616648890078068,7.0
0,0.01001806277781725,6.0
0,0.23205232620239258,2.0
0,0.014907442033290863,5.0
0,0.002697465242817998,6.0
0,0.0019425090868026018,1.0
0,0.011586167849600315,7.0
0,0.02722364291548729,5.0
0,0.16715341806411743,1.0
0,0.04061712324619293,2.0
0,0.04703821986913681,3.0
0,0.6522663235664368,1.0
0,0.014880337752401829,4.0
0,0.022504055872559547,2.0
0,0.015665199607610703,1.0
0,0.0476197712123394,2.0
0,0.2289823442697525,7.0
0,0.10087209194898605,2.0
0,0.01705276407301426,4.0
0,0.16612571477890015,2.0
0,0.2114010602235794,7.0
0,0.09508942812681198,3.0
0,0.03234027326107025,1.0
0,0.09515415132045746,2.0
1,0.8462277054786682,1.0
1,0.6823754906654358,2.0
0,0.12234003841876984,6.0
0,0.04893346130847931,7.0
0,0.1537158191204071,5.0
1,0.30584535002708435,1.0
0,0.022519564256072044,7.0
0,0.05113893374800682,7.0
0,0.09561733901500702,5.0
0,0.07869135588407516,6.0
0,0.1490137130022049,6.0
0,0.3258824944496155,5.0
0,0.04916341230273247,7.0
0,0.11793549358844757,1.0
0,0.10043046623468399,1.0
0,0.00586762186139822,6.0
0,0.004683758597820997,2.0
0,0.09768673032522202,5.0
0,0.2532387673854828,2.0
0,0.015280301682651043,4.0
0,0.03159680217504501,6.0
0,0.04290192946791649,1.0
1,0.009798785671591759,5.0
0,0.06250980496406555,1.0
0,0.005604963283985853,1.0
0,0.0455612912774086,3.0
0,0.19791096448898315,2.0
0,0.10669386386871338,1.0
1,0.14018572866916656,4.0
0,0.06647955626249313,5.0
0,0.041034165769815445,3.0
0,0.10625814646482468,5.0
0,0.13525791466236115,2.0
0,0.09472961723804474,5.0
0,0.44247671961784363,4.0
0,0.11813383549451828,4.0
0,0.5951356887817383,4.0
0,0.07296722382307053,6.0
0,0.02151641808450222,6.0
0,0.04930328205227852,7.0
0,0.15480150282382965,5.0
0,0.12767162919044495,5.0
0,0.2999802529811859,3.0
0,0.03548183664679527,3.0
0,0.05356716737151146,7.0
0,0.007102458272129297,5.0
0,0.04330478608608246,7.0
0,0.044634539633989334,6.0
0,0.004802661947906017,1.0
0,0.03315483033657074,3.0
0,0.014140908606350422,5.0
0,0.008062303997576237,5.0
0,0.07426409423351288,3.0
0,0.0681564062833786,6.0
1,0.27326980233192444,5.0
0,0.06798755377531052,3.0
0,0.017577368766069412,4.0
0,0.013142121024429798,3.0
0,0.05029502511024475,3.0
1,0.16875167191028595,5.0
1,0.6973546147346497,3.0
0,0.028573352843523026,1.0
0,0.09172242134809494,4.0
0,0.04258308932185173,2.0
0,0.5747432112693787,5.0
0,0.8514710068702698,4.0
0,0.17780296504497528,1.0
0,0.5434696674346924,4.0
0,0.26805129647254944,6.0
0,0.3098619282245636,1.0
0,0.009575874544680119,4.0
0,0.01808973215520382,1.0
0,0.03853029012680054,1.0
0,0.014687690883874893,3.0
0,0.1680804193019867,6.0
0,0.3864190876483917,7.0
0,0.15545381605625153,5.0
0,0.08354350179433823,1.0
0,0.4478406012058258,2.0
0,0.3916648030281067,1.0
1,0.008297187276184559,2.0
1,0.03770488500595093,3.0
0,0.03296991065144539,3.0
0,0.00889662653207779,3.0
0,0.21178726851940155,3.0
0,0.07140175998210907,2.0
0,0.015331256203353405,3.0
1,0.13640715181827545,7.0
0,0.08622955530881882,4.0
0,0.030083851888775826,6.0
1,0.14146767556667328,7.0
0,0.011975662782788277,7.0
0,0.6102744340896606,6.0
0,0.134547621011734,3.0
1,0.5640654563903809,2.0
0,0.060781899839639664,6.0
0,0.08611790835857391,6.0
0,0.017868801951408386,6.0
0,0.06729691475629807,5.0
0,0.005679936148226261,6.0
0,0.007343556731939316,5.0
0,0.007845040410757065,5.0
1,0.06284324824810028,2.0
0,0.2202894687652588,3.0
1,0.05445345491170883,7.0
0,0.30855467915534973,3.0
1,0.16580165922641754,7.0
0,0.0055407132022082806,3.0
0,0.04992152005434036,4.0
0,0.014595664106309414,6.0
0,0.013602442108094692,5.0
0,0.013750627636909485,3.0
0,0.2830313742160797,4.0
1,0.00904706958681345,6.0
0,0.014640076085925102,6.0
0,0.04460017755627632,5.0
0,0.01321126613765955,4.0
0,0.045126479119062424,6.0
0,0.03776037320494652,1.0
0,0.3643268346786499,3.0
0,0.006187390070408583,5.0
0,0.009802645072340965,1.0
1,0.40431156754493713,4.0
0,0.029484231024980545,1.0
0,0.10239256918430328,5.0
0,0.056328434497117996,4.0
0,0.09593893587589264,4.0
0,0.03605039790272713,7.0
0,0.0804695338010788,3.0
0,0.0597342848777771,1.0
0,0.012078067287802696,4.0
0,0.056777920573949814,7.0
0,0.022503823041915894,6.0
0,0.03345179930329323,3.0
0,0.029122227802872658,3.0
0,0.04841914027929306,7.0
0,0.0288684144616127,7.0
0,0.06923548132181168,1.0
0,0.008521062321960926,5.0
0,0.027451252564787865,6.0
0,0.15025556087493896,3.0
0,0.011560404673218727,6.0
0,0.04389660060405731,4.0
1,0.4526916444301605,2.0
0,0.596557080745697,7.0
0,0.7484403848648071,1.0
1,0.028403451666235924,7.0
0,0.23562446236610413,7.0
0,0.003540707752108574,4.0
0,0.0025479586329311132,6.0
0,0.01272300723940134,4.0
0,0.15142424404621124,7.0
0,0.009084037505090237,7.0
0,0.03686763718724251,3.0
0,0.02525249496102333,4.0
0,0.020065510645508766,7.0
1,0.015204005874693394,7.0
1,0.044110432267189026,4.0
0,0.03335175663232803,6.0
0,0.025958044454455376,1.0
0,0.03470586612820625,6.0
0,0.06394151598215103,3.0
0,0.007197163999080658,4.0
0,0.005476274527609348,5.0
0,0.012378969229757786,2.0
0,0.07102246582508087,4.0
0,0.17037473618984222,6.0
1,0.7604714035987854,2.0
0,0.10382869094610214,3.0
0,0.9740333557128906,6.0
0,0.011235826648771763,1.0
0,0.01859530806541443,6.0
0,0.050827182829380035,3.0
0,0.07214096188545227,1.0
0,0.013414232060313225,2.0
0,0.007276077289134264,1.0
0,0.01988261006772518,6.0
0,0.044047173112630844,5.0
0,0.41064777970314026,4.0
0,0.059914860874414444,2.0
0,0.03618822619318962,3.0
0,0.022503236308693886,6.0
0,0.02339918352663517,3.0
0,0.03309355303645134,6.0
0,0.015182574279606342,6.0
0,0.6748758554458618,5.0
1,0.32592466473579407,6.0
0,0.02561783790588379,6.0
0,0.02496335096657276,1.0
1,0.0883595198392868,6.0
0,0.01076303981244564,3.0
0,0.003886877791956067,5.0
0,0.5057255625724792,2.0
1,0.12289440631866455,7.0
0,0.005483683664351702,6.0
0,0.00435228506103158,2.0
1,0.0036241726484149694,2.0
0,0.00824419129639864,1.0
0,0.0249201487749815,3.0
0,0.03753934055566788,2.0
1,0.20687703788280487,1.0
0,0.06232556328177452,4.0
0,0.08755774796009064,4.0
0,0.010177773423492908,5.0
0,0.028294095769524574,3.0
0,0.0029664936009794474,1.0
0,0.04058101400732994,6.0
1,0.03950759768486023,4.0
0,0.13258720934391022,2.0
0,0.1308562159538269,7.0
0,0.07374642789363861,2.0
0,0.06710876524448395,4.0
0,0.011767324060201645,5.0
0,0.04143286123871803,2.0
0,0.004314970690757036,4.0
0,0.0047495076432824135,5.0
0,0.042395416647195816,3.0
0,0.009927364997565746,3.0
0,0.008171848021447659,3.0
0,0.007005672436207533,6.0
0,0.021918853744864464,6.0
0,0.036791056394577026,1.0
0,0.006720798555761576,2.0
0,0.08583497256040573,7.0
0,0.02169981226325035,7.0
1,0.6880446672439575,5.0
0,0.2344731241464615,6.0
1,0.008081856183707714,5.0
1,0.06784392148256302,1.0
0,0.011745907366275787,2.0
0,0.016027936711907387,2.0
0,0.028057962656021118,3.0
0,0.0441577322781086,5.0
1,0.0961621031165123,5.0
0,0.017558464780449867,2.0
0,0.007922185584902763,1.0
0,0.14889313280582428,4.0
0,0.3613952398300171,1.0
0,0.07252989709377289,6.0
0,0.25497809052467346,6.0
1,0.5597215890884399,2.0
0,0.01870303973555565,5.0
0,0.043864984065294266,2.0
0,0.12366248667240143,4.0
0,0.019890354946255684,7.0
0,0.05328603833913803,6.0
0,0.020912038162350655,1.0
0,0.014924249611794949,2.0
0,0.09808366745710373,3.0
0,0.022223971784114838,3.0
1,0.31744763255119324,2.0
0,0.022885926067829132,7.0
0,0.021087218075990677,4.0
1,0.061831068247556686,3.0
0,0.01943928375840187,5.0
1,0.011248702183365822,5.0
0,0.6955017447471619,6.0
0,0.0312383733689785,1.0
0,0.77751225233078,3.0
1,0.3510015308856964,5.0
0,0.6519683599472046,3.0
0,0.006654299329966307,1.0
0,0.09469719976186752,3.0
0,0.039453912526369095,6.0
0,0.0536058135330677,2.0
0,0.01256136316806078,1.0
0,0.04817987605929375,7.0
0,0.08152461051940918,2.0
0,0.07096315175294876,6.0
0,0.9461657404899597,3.0
1,0.3706439435482025,5.0
0,0.30870455503463745,4.0
0,0.06260614097118378,2.0
0,0.013792556710541248,1.0
0,0.3682917058467865,6.0
0,0.025953594595193863,4.0
1,0.6336684226989746,2.0
0,0.0041953991167247295,5.0
0,0.018824052065610886,7.0
0,0.09159013628959656,6.0
0,0.013810748234391212,4.0
0,0.02957189455628395,3.0
0,0.06256502121686935,4.0
0,0.016652854159474373,3.0
0,0.011093639768660069,6.0
0,0.036984510719776154,4.0
0,0.14903399348258972,7.0
1,0.04779181256890297,6.0
0,0.03642823174595833,4.0
0,0.06885037571191788,1.0
0,0.004360522609204054,3.0
0,0.024736817926168442,5.0
0,0.3457956910133362,5.0
0,0.04750106856226921,6.0
0,0.007018042728304863,1.0
1,0.032879989594221115,6.0
0,0.14397166669368744,1.0
0,0.00548883993178606,5.0
0,0.0571330264210701,7.0
0,0.01245509460568428,7.0
0,0.028200384229421616,7.0
0,0.1784905195236206,5.0
0,0.0015649184351786971,6.0
0,0.04795448109507561,2.0
0,0.36629030108451843,7.0
0,0.0030070736538618803,2.0
0,0.0026744939386844635,5.0
0,0.02909720316529274,1.0
0,0.12152623385190964,3.0
0,0.006389946211129427,5.0
0,0.04177708923816681,7.0
0,0.0026718610897660255,5.0
1,0.031147534027695656,4.0
0,0.04305027425289154,7.0
0,0.22088494896888733,5.0
0,0.13170897960662842,4.0
1,0.18151862919330597,1.0
1,0.028041601181030273,7.0
0,0.005893338937312365,5.0
0,0.34414300322532654,3.0
0,0.024215038865804672,5.0
0,0.01841645874083042,5.0
0,0.006837968714535236,5.0
0,0.0024924727622419596,7.0
0,0.03370443731546402,3.0
0,0.04152758792042732,1.0
0,0.08420481532812119,6.0
0,0.5647445917129517,4.0
0,0.5393156409263611,2.0
1,0.0732637420296669,2.0
0,0.16309703886508942,2.0
0,0.7347893714904785,5.0
1,0.02792990766465664,7.0
0,0.02460113912820816,5.0
0,0.4231995940208435,6.0
0,0.03757590055465698,2.0
0,0.02756539359688759,7.0
0,0.18956974148750305,2.0
0,0.06631224602460861,6.0
0,0.006662799511104822,3.0
0,0.03854481130838394,1.0
0,0.026884060353040695,2.0
0,0.03618954122066498,5.0
1,0.15530581772327423,3.0
0,0.12212406098842621,6.0
0,0.053464166820049286,1.0
1,0.02504025585949421,3.0
0,0.02797717973589897,3.0
0,0.011064978316426277,6.0
1,0.8301534056663513,7.0
0,0.2183971405029297,7.0
0,0.0056531415320932865,7.0
0,0.02575496956706047,4.0
0,0.0075010680593550205,5.0
0,0.07773066312074661,2.0
0,0.013919627293944359,4.0
0,0.02353045716881752,7.0
0,0.18015405535697937,1.0
0,0.020055362954735756,7.0
0,0.03666010871529579,7.0
0,0.0016524436650797725,5.0
0,0.17739707231521606,6.0
0,0.0089789517223835,2.0
0,0.019476547837257385,6.0
0,0.0497848279774189,3.0
0,0.009507646784186363,4.0
0,0.027720777317881584,7.0
0,0.4774404764175415,2.0
0,0.010148487985134125,2.0
0,0.027014590799808502,5.0
0,0.1297396421432495,6.0
0,0.025098899379372597,3.0
1,0.027342157438397408,7.0
0,0.15483596920967102,4.0
0,0.06992020457983017,6.0
0,0.06754927337169647,3.0
1,0.7714865803718567,3.0
1,0.047762181609869,1.0
0,0.041614510118961334,6.0
0,0.00421771639958024,5.0
0,0.07799544930458069,4.0
0,0.1712826043367386,2.0
0,0.12118080258369446,6.0
1,0.13918812572956085,1.0
0,0.05751253291964531,7.0
0,0.013512329198420048,6.0
0,0.01596289686858654,7.0
0,0.05437787249684334,3.0
0,0.15103639662265778,5.0
1,0.7885354161262512,2.0
0,0.023281952366232872,3.0
0,0.09535074234008789,3.0
0,0.11727452278137207,5.0
1,0.03653879463672638,6.0
1,0.028092462569475174,5.0
0,0.005778104066848755,2.0
0,0.00957979541271925,4.0
0,0.014107245951890945,2.0
0,0.007998407818377018,5.0
0,0.04451173543930054,1.0
0,0.016961179673671722,1.0
0,0.3748305141925812,6.0
0,0.029805799946188927,1.0
0,0.1459747850894928,5.0
0,0.39784666895866394,4.0
0,0.003274786053225398,5.0
1,0.025509336963295937,1.0
0,0.022417733445763588,5.0
0,0.0029445914551615715,6.0
0,0.1032104417681694,6.0
0,0.0387858971953392,5.0
0,0.006200199015438557,6.0
0,0.01906304992735386,1.0
0,0.13215288519859314,5.0
0,0.11812002211809158,1.0
0,0.01438207272440195,6.0
0,0.2641449570655823,4.0
0,0.17220939695835114,7.0
1,0.007999220862984657,6.0
0,0.010330010205507278,2.0
0,0.23341192305088043,7.0
0,0.17477816343307495,4.0
0,0.006169728934764862,5.0
0,0.10406072437763214,1.0
0,0.034490205347537994,7.0
0,0.013979661278426647,7.0
1,0.7567824721336365,4.0
0,0.002089538611471653,5.0
0,0.2601071894168854,3.0
0,0.03612067922949791,7.0
0,0.014217019081115723,5.0
0,0.011710330843925476,6.0
0,0.1120130866765976,3.0
0,0.48841342329978943,5.0
0,0.37933236360549927,7.0
0,0.4108794629573822,7.0
0,0.6355651021003723,2.0
0,0.01355680450797081,2.0
0,0.07998908311128616,5.0
0,0.09086456894874573,3.0
0,0.01728750951588154,6.0
0,0.03401786834001541,4.0
0,0.004236269276589155,5.0
0,0.022717420011758804,6.0
0,0.010726643726229668,2.0
0,0.040243346244096756,4.0
0,0.011709816753864288,7.0
0,0.017239999026060104,4.0
0,0.0027091780211776495,2.0
0,0.11122118681669235,5.0
0,0.2673302888870239,6.0
0,0.05448949337005615,3.0
0,0.20904728770256042,2.0
0,0.05808554217219353,2.0
0,0.0915103629231453,7.0
1,0.27391862869262695,6.0
0,0.04474390670657158,3.0
0,0.029582174494862556,7.0
0,0.0445326566696167,4.0
0,0.004980910569429398,7.0
1,0.4347725808620453,1.0
1,0.5901778936386108,6.0
1,0.41561201214790344,6.0
0,0.012673604302108288,2.0
0,0.05458448454737663,7.0
0,0.0023191210348159075,5.0
0,0.013879707083106041,5.0
0,0.03468000516295433,3.0
0,0.08647729456424713,5.0
0,0.12618066370487213,4.0
0,0.04300430044531822,7.0
1,0.02195555344223976,1.0
0,0.005081046838313341,5.0
0,0.018310021609067917,7.0
0,0.160943865776062,4.0
0,0.06390728801488876,3.0
0,0.03624320775270462,5.0
0,0.03398912027478218,2.0
0,0.2873342037200928,5.0
0,0.055206261575222015,6.0
0,0.033685993403196335,7.0
0,0.06974892318248749,4.0
1,0.14832286536693573,4.0
1,0.7036227583885193,2.0
0,0.5189022421836853,2.0
0,0.05742979794740677,2.0
0,0.020085575059056282,7.0
0,0.1570603996515274,2.0
0,0.05228065326809883,6.0
0,0.1721906214952469,4.0
0,0.0918598398566246,2.0
0,0.03504585474729538,4.0
1,0.06292224675416946,1.0
0,0.039402153342962265,5.0
0,0.2236320972442627,4.0
1,0.0842677503824234,7.0
0,0.007879919372498989,4.0
0,0.03869759663939476,6.0
0,0.044686995446681976,1.0
1,0.21362625062465668,6.0
0,0.012411365285515785,6.0
0,0.009326828643679619,4.0
0,0.0612356998026371,7.0
0,0.07248251885175705,2.0
0,0.008817103691399097,6.0
0,0.11272235214710236,7.0
0,0.006981796585023403,5.0
0,0.06914425641298294,1.0
0,0.05011969432234764,6.0
0,0.044031232595443726,7.0
0,0.050812795758247375,6.0
0,0.015137379989027977,3.0
0,0.06619856506586075,4.0
0,0.008961825631558895,4.0
0,0.015190047211945057,2.0
0,0.1318511962890625,1.0
0,0.020283741876482964,2.0
1,0.8266500234603882,4.0
0,0.014276739209890366,7.0
0,0.026492804288864136,7.0
0,0.15530042350292206,4.0
0,0.045589230954647064,2.0
0,0.024812808260321617,2.0
1,0.4676262140274048,7.0
0,0.003618094604462385,3.0
1,0.3039807677268982,3.0
0,0.023587727919220924,6.0
0,0.04071112349629402,4.0
0,0.017996247857809067,7.0
0,0.09182040393352509,2.0
0,0.001634181709960103,5.0
0,0.08201496303081512,4.0
0,0.07261258363723755,4.0
1,0.5913026928901672,2.0
0,0.021215835586190224,7.0
1,0.04782090336084366,6.0
0,0.05103345960378647,7.0
1,0.7842444777488708,5.0
0,0.055562928318977356,7.0
0,0.010119089856743813,3.0
0,0.022418072447180748,3.0
0,0.06083182990550995,4.0
0,0.025820881128311157,6.0
0,0.0060265203937888145,2.0
0,0.5134283304214478,5.0
0,0.08312705159187317,1.0
0,0.18277296423912048,4.0
0,0.05572482943534851,1.0
0,0.03171330690383911,6.0
0,0.004162306897342205,3.0
0,0.533200740814209,2.0
0,0.009702760726213455,3.0
0,0.0019386347848922014,7.0
0,0.01820521056652069,3.0
0,0.013232319615781307,5.0
0,0.027592048048973083,3.0
0,0.0039337738417088985,4.0
0,0.06281650066375732,2.0
0,0.025778653100132942,3.0
0,0.012663518078625202,7.0
0,0.07542678713798523,1.0
0,0.014342913404107094,2.0
0,0.04131927713751793,4.0
0,0.17214955389499664,3.0
0,0.09175796061754227,6.0
0,0.07094283401966095,4.0
0,0.03535067290067673,7.0
0,0.024282043799757957,6.0
0,0.5877630114555359,5.0
0,0.21167980134487152,4.0
0,0.08111914247274399,7.0
0,0.015699191018939018,4.0
0,0.0024369240272790194,1.0
0,0.03698910400271416,6.0
0,0.00583500973880291,5.0
0,0.2467816025018692,4.0
0,0.057465482503175735,3.0
0,0.05772795528173447,5.0
0,0.01937795802950859,5.0
0,0.055430296808481216,4.0
0,0.0688978061079979,4.0
0,0.013102476485073566,3.0
0,0.018789110705256462,4.0
0,0.1276290863752365,4.0
0,0.20119638741016388,3.0
0,0.2518588602542877,1.0
0,0.13604742288589478,1.0
0,0.17372046411037445,5.0
0,0.07656900584697723,1.0
0,0.06327357888221741,2.0
0,0.04235893115401268,5.0
0,0.0017260456224903464,4.0
0,0.004363044630736113,1.0
1,0.00970484595745802,1.0
0,0.0055163088254630566,4.0
0,0.06649867445230484,2.0
0,0.13090692460536957,2.0
0,0.09537171572446823,2.0
0,0.040385860949754715,6.0
0,0.11441123485565186,4.0
0,0.0820932611823082,3.0
0,0.0053728921338915825,7.0
0,0.05556638911366463,6.0
0,0.0353836789727211,4.0
0,0.01739552430808544,2.0
0,0.13951024413108826,3.0
0,0.022601306438446045,2.0
0,0.0087922727689147,4.0
0,0.01331927441060543,2.0
0,0.011425090953707695,1.0
0,0.04724552482366562,6.0
0,0.2407534271478653,1.0
0,0.015071474015712738,6.0
0,0.22068989276885986,6.0
0,0.06601835787296295,2.0
0,0.004460053518414497,2.0
0,0.002846691757440567,4.0
0,0.008236896246671677,6.0
0,0.06934898346662521,4.0
0,0.0021337424404919147,2.0
1,0.8751903772354126,7.0
0,0.054099880158901215,5.0
0,0.07316027581691742,1.0
1,0.15881340205669403,2.0
0,0.02367008663713932,1.0
0,0.03780665993690491,5.0
1,0.2751100957393646,4.0
0,0.16366878151893616,1.0
