ProdTaken,adaboost_prediction,fold
1,0.5020346434307315,4.0
0,0.49202971463472367,3.0
1,0.4929955534119117,7.0
0,0.4962108314075739,1.0
1,0.4992102636280208,3.0
0,0.5000683240696752,3.0
0,0.49489680100990247,1.0
0,0.49581390774454964,2.0
1,0.49963376871925236,5.0
0,0.49454174544577917,6.0
0,0.48832273415865507,3.0
0,0.4897716974032283,3.0
0,0.48996556309355005,3.0
0,0.48871284766736195,7.0
1,0.49489060732845125,3.0
1,0.49920679662595524,5.0
1,0.5047188510906592,3.0
1,0.4845634121243009,3.0
0,0.49834003908638297,3.0
0,0.4087587658847937,2.0
0,0.4880841224660696,3.0
0,0.49750313736679963,1.0
1,0.49651212235319325,6.0
0,0.4927720669769333,5.0
0,0.49870591405731246,1.0
0,0.49113766566075456,3.0
0,0.49029141316669317,7.0
0,0.4872459178711788,4.0
0,0.4834860175568277,4.0
1,0.5048606072395867,5.0
0,0.4956754105621494,5.0
0,0.49273222389804827,3.0
0,0.49608243359852283,6.0
0,0.4943682885357741,5.0
0,0.5029551635318563,3.0
1,0.5067920267713287,5.0
0,0.49843903557095004,7.0
0,0.4931387654689567,2.0
0,0.4851553655065521,4.0
0,0.4896558749021618,7.0
1,0.4958787236094628,7.0
1,0.49745169391506877,3.0
0,0.49213794765186675,4.0
0,0.49899735649106597,3.0
0,0.48603801466258717,7.0
0,0.49142641431337253,5.0
0,0.4948127796059454,2.0
0,0.4928433922009754,3.0
1,0.49352972359614694,7.0
0,0.49464464791404233,7.0
0,0.4988888463564057,2.0
0,0.4925269569064629,6.0
0,0.49148232977533424,5.0
0,0.4927443923946841,1.0
0,0.48507551625233886,2.0
0,0.4922530742331762,3.0
0,0.4994162951008063,7.0
1,0.49582412138149057,3.0
0,0.4905716276762767,6.0
1,0.5063574273504061,7.0
0,0.49618608643952017,1.0
1,0.5040525520586165,1.0
0,0.4956641411387117,4.0
0,0.49345246164637513,1.0
0,0.4903897476023714,5.0
0,0.4878674485541902,6.0
0,0.49249903578698556,6.0
0,0.48833786739703683,2.0
0,0.5033149594099098,3.0
0,0.49617101652211637,3.0
1,0.4971284435893915,1.0
0,0.48822052794179516,4.0
0,0.49203495101046846,2.0
0,0.49760233047571995,7.0
1,0.5001541700183985,7.0
0,0.4971639763411126,2.0
0,0.49451359415781654,6.0
0,0.495005033338967,3.0
0,0.49571838833861526,4.0
0,0.48874812493872877,1.0
0,0.4924505089140745,3.0
0,0.40402892725420714,5.0
0,0.4911465606073408,2.0
0,0.482117353392171,7.0
1,0.5015158441079286,6.0
0,0.49965427734484996,4.0
1,0.5009307392239595,3.0
0,0.490071550811588,6.0
0,0.4968784782857001,6.0
0,0.4968751563305634,6.0
1,0.4981659956048661,5.0
0,0.5022536803503965,3.0
0,0.49940479431035084,7.0
0,0.49761647954285704,2.0
0,0.4957780540057683,4.0
0,0.4875566985348038,1.0
1,0.49078728902471386,7.0
1,0.4985979742127789,7.0
1,0.40979942048442064,6.0
0,0.4945100855636676,7.0
1,0.4999201165913646,2.0
1,0.5095087927068266,4.0
1,0.5011271821476126,5.0
1,0.5022793435280375,3.0
1,0.4997318448174778,5.0
0,0.49434038354462057,1.0
0,0.4940477177682941,6.0
1,0.49949273010785444,4.0
1,0.507987800363451,6.0
0,0.4865449080426649,6.0
0,0.497705393258614,5.0
1,0.49775043446865636,5.0
0,0.48823569690007923,1.0
0,0.49408708549481517,7.0
0,0.48983175904891907,7.0
0,0.4926922569936088,5.0
0,0.4895714615845321,6.0
0,0.49297362578785153,7.0
0,0.5003240708685012,6.0
0,0.49735977639213336,6.0
0,0.5002557443660702,5.0
1,0.4988629158826401,2.0
0,0.49683918967479646,5.0
0,0.49791823974507765,4.0
1,0.6696467930953632,2.0
0,0.4951879824593084,6.0
0,0.4944340807880086,4.0
0,0.4953161508935924,3.0
1,0.49697874232308176,3.0
0,0.48895373140078185,3.0
0,0.49277885545000505,7.0
0,0.486833086923279,4.0
1,0.49987838943945817,3.0
0,0.49466217477858654,3.0
0,0.492341133088363,1.0
0,0.49180418677169035,2.0
0,0.4919840911327274,7.0
0,0.49563767962534677,2.0
0,0.5001121253690994,5.0
0,0.4990298237284092,3.0
0,0.48678467527507885,2.0
0,0.4835796240015899,3.0
0,0.4968400481923037,2.0
0,0.5036406093441054,4.0
1,0.5016194200170709,2.0
1,0.4996069030417243,4.0
0,0.4972462589009704,1.0
0,0.4950101420949948,6.0
0,0.500138885285359,2.0
0,0.4926746799020651,7.0
0,0.48889933194210633,1.0
0,0.4929274631730061,2.0
0,0.48687938219433546,1.0
0,0.48033560511292495,1.0
0,0.5017009201661157,1.0
0,0.4923709790466329,4.0
0,0.4897673909241707,7.0
0,0.49723400976520127,1.0
0,0.499948947477011,3.0
1,0.5900414755346429,4.0
0,0.48993687587584417,7.0
0,0.4912563349413085,3.0
0,0.5001191343006267,3.0
0,0.4992779619991117,1.0
0,0.4916398461992455,5.0
1,0.5072590025184986,2.0
0,0.5012482466957063,2.0
0,0.4853566198823619,5.0
1,0.49602729802212614,5.0
1,0.5015630644775336,2.0
0,0.4916379007544626,6.0
0,0.4929891911271794,7.0
1,0.5041518133405882,4.0
0,0.4953776502524782,5.0
0,0.49159125715749,3.0
0,0.4859663145613776,2.0
0,0.5008946219247166,7.0
1,0.5037950137877805,1.0
0,0.4874508892612424,6.0
0,0.49744490836303284,2.0
1,0.5025458484273121,2.0
0,0.4924594741526379,7.0
1,0.4972011253904655,4.0
1,0.5030892975845237,1.0
1,0.4985167120001393,2.0
1,0.49987547713911173,7.0
1,0.4993693143948086,7.0
0,0.49668633098551546,3.0
1,0.5030649502266886,7.0
0,0.49667920144189864,6.0
1,0.49600783360988315,4.0
1,0.5007920481333717,3.0
0,0.4959232852567664,5.0
0,0.4885782032459277,3.0
0,0.3985336250798589,7.0
0,0.4985905543334392,7.0
0,0.4987912012651412,2.0
0,0.4904285517964431,5.0
0,0.49385728809045704,6.0
0,0.49005159328395087,4.0
0,0.4891469058345296,7.0
0,0.4939329770829285,7.0
0,0.496615805247238,1.0
0,0.49562182068272365,1.0
0,0.4924766785686699,1.0
0,0.4875538910312584,3.0
0,0.49130513480125365,2.0
0,0.48936693211620313,7.0
1,0.5029282488068862,4.0
0,0.49410420844721703,3.0
0,0.5046074539246409,1.0
0,0.489852651161997,7.0
0,0.4907372694106378,1.0
0,0.4945034917407856,2.0
0,0.49387483808791,5.0
0,0.4894606135245371,5.0
0,0.490120662649726,4.0
0,0.4885145883037997,7.0
0,0.4885012728950697,6.0
1,0.49555860023598797,2.0
0,0.4949274534986658,6.0
0,0.4944159761617928,1.0
0,0.502359025885981,6.0
1,0.500852875345369,3.0
1,0.5046115239272361,1.0
0,0.40341337341955114,4.0
0,0.33294159464469825,7.0
0,0.4050143940552354,4.0
0,0.49247514423817873,2.0
0,0.4946264970993145,2.0
0,0.4031329388514417,6.0
0,0.4948423606098855,1.0
0,0.4900842536356698,7.0
0,0.49281118024705534,2.0
0,0.4899409844599517,5.0
0,0.49053422213159353,1.0
0,0.49705300741964537,5.0
0,0.48982539081387316,1.0
0,0.49056251622073466,7.0
0,0.48319745235447037,4.0
0,0.4989059184644711,6.0
0,0.4942599316447251,4.0
0,0.4963886483780027,4.0
0,0.49202984351914353,7.0
0,0.4932230678021943,4.0
0,0.4880024919396772,2.0
0,0.4909313082763841,2.0
0,0.4878606980646188,4.0
0,0.48773786801983743,6.0
0,0.4940997783519951,3.0
0,0.4843655245729737,2.0
0,0.49336655140191094,3.0
1,0.5020966759503077,3.0
0,0.49253432259789204,3.0
0,0.49921486064291964,3.0
0,0.4885225959041737,4.0
0,0.48846504625598697,3.0
0,0.493302520150996,3.0
0,0.4925563277540059,2.0
0,0.49244742733084385,4.0
0,0.48945053215250645,4.0
0,0.48743607239497655,1.0
0,0.4969649822816525,6.0
0,0.4912085105625934,6.0
0,0.494384109095251,4.0
0,0.48988809790010035,1.0
1,0.4955499728393897,2.0
1,0.5000876891132221,2.0
0,0.49375449162085316,1.0
0,0.48786406535118265,3.0
0,0.4849719789303086,1.0
0,0.4927160819612085,4.0
0,0.500728155525529,6.0
0,0.4946891524762276,7.0
0,0.4890754083190929,6.0
1,0.49918945623144284,2.0
0,0.4873000710639475,6.0
1,0.4934580836373643,5.0
0,0.49387557390553993,3.0
0,0.48767581480008326,3.0
0,0.48851582964472146,2.0
0,0.5004660042762864,5.0
0,0.4924998322785537,4.0
0,0.4048637541619057,7.0
0,0.5002114536246356,7.0
0,0.492061020665012,7.0
0,0.4891139431346108,3.0
0,0.4922962044106568,4.0
0,0.49159137157961963,3.0
0,0.488553209905193,1.0
0,0.4947170564456092,1.0
0,0.4944796241034167,3.0
0,0.48629571048286224,3.0
1,0.49167241227632896,5.0
0,0.4870753902869422,1.0
0,0.49079749212860746,3.0
0,0.48928781892528733,5.0
0,0.4961649736112014,4.0
0,0.4954600500068918,6.0
0,0.483147523346568,2.0
1,0.4970607435405062,3.0
0,0.4939167449177703,7.0
0,0.49613462953390214,3.0
1,0.5012757706902368,6.0
1,0.5035709436126052,7.0
0,0.49865366776728404,5.0
0,0.49237417899308733,1.0
1,0.4925561002257207,5.0
0,0.5031204835438384,7.0
0,0.4953840823069847,3.0
0,0.49211881037609384,3.0
0,0.4869842027185188,7.0
0,0.497284410194558,4.0
0,0.4909138819547241,7.0
0,0.49109875947085174,2.0
0,0.4894294456059525,5.0
0,0.48944332274653274,2.0
0,0.49811853800311223,6.0
0,0.49235635035831576,6.0
0,0.4939728044775867,1.0
0,0.49826113229197516,2.0
0,0.49796113035556155,7.0
0,0.487952943318393,4.0
0,0.49469199394518903,1.0
1,0.49627410542126826,4.0
0,0.4931393058741441,6.0
0,0.48542071262373243,7.0
0,0.49071669170178794,5.0
0,0.48460864468625914,6.0
0,0.49569785941980715,5.0
0,0.4902770008044687,7.0
0,0.48975623011948966,1.0
0,0.4885551755803073,5.0
0,0.4887033644052913,3.0
0,0.4926667999149816,1.0
0,0.4979658754318186,3.0
0,0.49738994043475154,3.0
0,0.5043879432196028,1.0
1,0.49875921907111587,5.0
0,0.49123922757892574,4.0
1,0.41163695924595356,7.0
0,0.4866778616597173,2.0
0,0.4923099627258378,5.0
0,0.49237607637251396,4.0
0,0.4852818218738746,7.0
1,0.5000485077637202,4.0
0,0.4901110757029838,5.0
0,0.49178680709550693,6.0
0,0.4998371414306293,3.0
0,0.49044809415570567,7.0
0,0.5387842797509249,7.0
0,0.49789524169116856,7.0
0,0.4875186944131529,4.0
0,0.4882628404329288,5.0
0,0.48986647497221675,1.0
0,0.4884173772059276,1.0
0,0.49307613784881765,1.0
0,0.409741923356961,7.0
0,0.48370519874744106,1.0
1,0.5017548926059167,1.0
0,0.492857821674291,7.0
0,0.48918322190564456,5.0
0,0.49262067422469685,2.0
0,0.4899292927444371,4.0
0,0.49062307791852616,3.0
0,0.4974643172712962,2.0
0,0.4918305719772619,6.0
0,0.49697016886330986,3.0
0,0.49178399167531944,2.0
0,0.49216423293602146,1.0
0,0.4979744571304824,5.0
0,0.49220791854466023,3.0
0,0.48849315371693347,7.0
0,0.49144224495206845,4.0
0,0.48626947465405757,5.0
1,0.49769227944720634,3.0
0,0.497071933544534,1.0
1,0.5056428980420344,1.0
0,0.49494815903818445,4.0
0,0.488096265106019,6.0
0,0.4933868116739239,1.0
0,0.49288937593594545,3.0
1,0.5027012028167941,6.0
1,0.5058356488352185,5.0
0,0.4936486413173695,5.0
0,0.48688917241115925,4.0
0,0.48580776104890017,3.0
0,0.49072557114092913,1.0
0,0.4900102717517088,4.0
0,0.49319152844503955,4.0
0,0.48640581322135024,1.0
0,0.4463703672440142,5.0
0,0.4946461758070082,1.0
0,0.49676320810953706,7.0
0,0.4848477155948841,5.0
0,0.49639935108398653,7.0
0,0.4862115223351875,6.0
0,0.4865054455652342,3.0
0,0.4061590744895382,5.0
1,0.5010192069997574,5.0
0,0.4953427579373134,4.0
1,0.49736428365917,4.0
0,0.49139657558587524,3.0
0,0.49635566993043295,3.0
0,0.4996785835774262,3.0
0,0.492817569303243,1.0
0,0.49101507393179317,2.0
0,0.4040729858888725,5.0
0,0.48694787952361485,2.0
0,0.4876729786144531,2.0
0,0.40308462243969573,1.0
0,0.49330807341058586,2.0
0,0.48736235556302104,3.0
0,0.492100621314022,2.0
0,0.48746076687462914,4.0
0,0.49145135125198547,6.0
0,0.4911836604109109,6.0
0,0.4923538617194773,6.0
0,0.49668674626738596,2.0
1,0.4976971768709143,5.0
0,0.4935515952573779,5.0
0,0.48943605575627247,6.0
0,0.48797457757147317,1.0
0,0.48362343327671103,3.0
0,0.48909570427415766,7.0
0,0.4909467219801108,3.0
0,0.49219435901045766,4.0
0,0.48634273266082734,7.0
0,0.49191393769875663,6.0
0,0.49252327300236615,7.0
0,0.4957026010297303,1.0
0,0.4945955397780543,1.0
1,0.49654369656398073,3.0
1,0.5052734274529719,7.0
0,0.5000349230071459,4.0
0,0.49574406336964094,4.0
1,0.4940021291013117,2.0
0,0.48618505068906986,2.0
0,0.49420270136564487,7.0
0,0.4950522108198137,4.0
0,0.4913614224800707,2.0
1,0.4901169316197302,4.0
0,0.4930312330044155,3.0
0,0.49901095240925514,1.0
0,0.4980977109330526,2.0
0,0.48816301851253135,7.0
0,0.486933632592533,1.0
0,0.4922993290108572,5.0
0,0.4865200161540158,5.0
0,0.488356094137414,5.0
0,0.4856597823946231,2.0
0,0.49097773319357657,5.0
0,0.4892160006893837,5.0
1,0.5010667806931549,5.0
0,0.4932156258476072,1.0
0,0.49822162826864014,7.0
0,0.49605457820023163,5.0
0,0.48829476742979316,5.0
0,0.48425905530480173,5.0
0,0.4958143778357477,2.0
0,0.4907525057048403,6.0
0,0.49320718154514004,2.0
0,0.4870552081259485,5.0
0,0.49597026344224737,7.0
0,0.4966078999166481,1.0
0,0.4988877864404759,5.0
0,0.4899533032709327,3.0
1,0.49175586930067666,1.0
0,0.49232046003617536,3.0
1,0.490652387481241,5.0
1,0.4988540271714388,1.0
0,0.4951815354256878,4.0
0,0.4892587942580729,4.0
0,0.4925893159939593,4.0
0,0.49164257392368516,7.0
0,0.48743358063906395,7.0
0,0.4905107504903324,7.0
0,0.5011897262138036,1.0
1,0.5020904564137942,1.0
1,0.49565761474419884,2.0
0,0.5007554464639694,2.0
0,0.48696320814873295,7.0
0,0.49605491953488895,2.0
0,0.48992270737058347,3.0
0,0.48025106007337837,5.0
1,0.491048698075707,5.0
0,0.4937292240860536,3.0
0,0.4990337631648554,1.0
0,0.4874258636202419,6.0
0,0.493217366027144,6.0
0,0.4010461488093858,3.0
0,0.48783623710914814,4.0
0,0.4925273913044536,6.0
0,0.485843858181942,4.0
0,0.40077659036181645,6.0
0,0.49179395677001225,5.0
1,0.4902824569203186,6.0
0,0.48491639276527826,6.0
0,0.4905348233954077,1.0
0,0.49004030094476986,1.0
0,0.49741804204632567,5.0
0,0.49495053102046416,6.0
0,0.49203243589057316,7.0
0,0.4932886232395155,7.0
0,0.4868220761671021,5.0
0,0.48938768828548973,7.0
0,0.49113622394362516,5.0
0,0.4074513103124691,5.0
0,0.49087182628150766,3.0
0,0.488325646139149,5.0
0,0.4918432300316538,2.0
0,0.4923844674120476,2.0
1,0.49446411544304836,3.0
0,0.4906911841204322,7.0
0,0.49245853817516105,2.0
0,0.4897360311344252,7.0
0,0.48869167839642874,4.0
0,0.4893814582828052,7.0
0,0.4943610856348517,6.0
0,0.4971065063855079,7.0
0,0.4951423871368243,5.0
0,0.4900779175126661,2.0
0,0.4898540249232594,4.0
0,0.48956508105207913,5.0
0,0.4965045450607182,6.0
0,0.4870702830401553,6.0
0,0.49353581346209047,3.0
0,0.49088806571426435,5.0
0,0.4922396602321684,6.0
0,0.4863181097694447,6.0
0,0.4844324400937033,7.0
0,0.48838467166764193,3.0
0,0.4921236228296565,4.0
0,0.4865377620541211,7.0
0,0.4063813108031286,1.0
0,0.4912459315765041,4.0
0,0.49568156921481593,2.0
0,0.4916673031946546,5.0
0,0.493370019709968,3.0
0,0.49079591510753523,7.0
0,0.4899724679604032,3.0
0,0.49180573966540847,2.0
0,0.4919882879666314,1.0
0,0.4906135371572981,5.0
0,0.4953565802888179,7.0
0,0.49051944256284064,3.0
0,0.48749048532121375,2.0
0,0.49204465157559774,5.0
0,0.4901630758529329,7.0
0,0.4945527939811916,3.0
0,0.4930306574658383,2.0
0,0.49635778419349713,5.0
0,0.5004119434026302,3.0
0,0.48986358764645804,7.0
0,0.4964765571370958,7.0
1,0.49367978160207576,4.0
1,0.5022238092748855,6.0
0,0.4969273531927678,1.0
0,0.49645104511009486,1.0
0,0.49803756899109924,7.0
0,0.49097889021775515,4.0
1,0.4995028255499042,1.0
0,0.5007116339482435,6.0
0,0.4872666515949437,5.0
0,0.4874718590994499,3.0
0,0.48845462042127696,6.0
0,0.48035497448994724,1.0
0,0.49171676841939393,5.0
0,0.4935293217685766,1.0
0,0.48692170978194727,7.0
0,0.4094789213767314,1.0
1,0.4956717919502668,4.0
0,0.488807505569841,2.0
1,0.49526485967284084,1.0
0,0.4880617474352225,2.0
1,0.4969094221229337,2.0
0,0.48782064759589316,3.0
1,0.49404150414085896,3.0
0,0.48746443366249026,1.0
0,0.4987160948140176,4.0
0,0.48790207951008013,7.0
0,0.4878589097835243,5.0
0,0.48811890288862053,1.0
0,0.4946903841539997,1.0
0,0.49253392842462335,2.0
0,0.4907034222338989,3.0
0,0.48845375842548716,7.0
0,0.4943486746451044,1.0
0,0.4899409635868642,2.0
0,0.4879456177529532,5.0
0,0.48361318654091795,6.0
0,0.4866445361329364,2.0
1,0.4915991138030393,4.0
0,0.4907441667790535,2.0
0,0.48873891293181554,3.0
0,0.49314377216797417,4.0
0,0.4937154654750222,5.0
0,0.4915616059433045,3.0
1,0.49713483734331004,2.0
1,0.49863072828562616,7.0
0,0.4900431638500632,5.0
0,0.4880032146210494,4.0
0,0.48681204637330444,2.0
1,0.5011530019862906,4.0
0,0.4902315686659048,3.0
0,0.49090439661352775,6.0
0,0.4930607674076438,1.0
0,0.49032385162323255,7.0
0,0.4947190640872204,2.0
0,0.4908920428339906,3.0
0,0.4918392663653971,3.0
0,0.48698071074435867,7.0
0,0.49205254691363987,2.0
0,0.48521947241592117,3.0
0,0.49442825561298004,3.0
0,0.48874865112590593,5.0
0,0.4863869068868753,3.0
0,0.48526343848471426,1.0
0,0.4929117375676253,2.0
0,0.49604212039776635,4.0
1,0.4935608396167469,5.0
0,0.4904614085737905,2.0
0,0.49372130223042754,7.0
0,0.5002445744779038,1.0
0,0.49378144217305403,1.0
0,0.48983443827418577,6.0
0,0.48887313514385417,5.0
0,0.49516129054464225,3.0
1,0.4946126239962857,4.0
1,0.49615444693142685,4.0
0,0.49660557239896996,4.0
0,0.48860042431210676,2.0
0,0.49132749066428416,1.0
1,0.5079829171842454,6.0
0,0.49757952715501597,4.0
0,0.4909165817464958,4.0
0,0.49628027033306554,1.0
0,0.49412197835838395,6.0
0,0.49349098337655584,1.0
1,0.49689071752089026,7.0
0,0.4930724129936928,4.0
0,0.4898549425238203,1.0
0,0.49540146844440514,3.0
0,0.4926942559439449,6.0
0,0.4946440953104428,5.0
0,0.4960592315098887,3.0
0,0.48982419019875584,2.0
0,0.491295298447766,4.0
0,0.4973590582806187,2.0
0,0.4926815896770528,1.0
1,0.4929448978140189,1.0
1,0.4994861543846515,2.0
0,0.48997948776060096,3.0
1,0.5013887989294904,5.0
1,0.49340144898337984,4.0
0,0.4958373040566298,4.0
0,0.49458817500784064,5.0
0,0.49440840453128826,5.0
1,0.5004081867159414,6.0
0,0.4918714323782787,1.0
0,0.49034615962650346,7.0
0,0.493874367197266,6.0
0,0.4911195359736367,4.0
0,0.4904188993341877,7.0
0,0.49374289358000417,2.0
0,0.49326889176036415,1.0
0,0.4899521285111335,5.0
0,0.49356761922608855,6.0
0,0.4329810207395287,6.0
1,0.4982310983607519,7.0
1,0.5008363049589245,3.0
0,0.48906618159394094,2.0
0,0.4888436689323037,7.0
0,0.494603733398436,6.0
1,0.49852909783306876,1.0
0,0.49620533673527206,5.0
0,0.4935853426720778,2.0
0,0.49168023290519497,3.0
0,0.4967532571367209,5.0
0,0.48569605666529847,3.0
0,0.4858404783979581,2.0
0,0.49136840219740513,7.0
0,0.49125897928746887,1.0
0,0.4851154091464208,1.0
0,0.49551769037494275,6.0
0,0.49438406961996606,4.0
0,0.49258310726534943,2.0
0,0.48970142069905404,5.0
0,0.48939867488552313,3.0
0,0.4846957459097909,3.0
1,0.4937952894075815,3.0
0,0.4908180805228368,1.0
0,0.40678512546251233,7.0
0,0.49462107178110754,5.0
0,0.49692649511151754,4.0
0,0.4960316373367514,4.0
0,0.5012778262653742,2.0
0,0.498272511650115,2.0
0,0.4925414240469106,4.0
0,0.49022061769228753,1.0
0,0.4915620792567875,3.0
0,0.4894362492590974,6.0
0,0.4905411497037071,3.0
0,0.49131603206698027,2.0
0,0.4935530014913155,4.0
0,0.404996850706769,2.0
0,0.4044378674262265,3.0
0,0.5014305089588214,1.0
1,0.49882919790456387,4.0
0,0.4882039488078023,5.0
0,0.48610858286359615,1.0
1,0.4927392161676447,7.0
0,0.4832879733070208,4.0
1,0.4927236573756905,6.0
0,0.40848903995835517,1.0
0,0.4890042335494008,1.0
0,0.4010185077472271,2.0
0,0.488097084805449,5.0
0,0.48624920519339315,7.0
0,0.49759028125619204,4.0
0,0.4793170846144466,1.0
0,0.48773460377702416,2.0
0,0.4903474161915613,7.0
1,0.48725438459560744,3.0
0,0.48199996348037755,1.0
0,0.48820193402782464,1.0
0,0.48749267915363464,2.0
0,0.4934327040707427,5.0
0,0.4890235638268654,3.0
0,0.49596290882139915,4.0
0,0.4907519658564795,5.0
0,0.4072172022713233,4.0
0,0.48926037529672567,3.0
0,0.48802774724785736,6.0
0,0.4928755018824369,5.0
0,0.49250274604734207,4.0
0,0.49359216174721093,5.0
1,0.4911543044385252,2.0
1,0.5020095953894453,4.0
0,0.4920729295153423,6.0
0,0.4952026088357667,2.0
0,0.4890459216048575,2.0
0,0.496637994952446,6.0
0,0.4918249318537075,2.0
0,0.48909572566721915,6.0
0,0.49909782085724275,6.0
0,0.4896106845475166,2.0
1,0.49044286460191666,6.0
0,0.49084247243010826,3.0
1,0.49013361744946504,4.0
0,0.4877363864264816,6.0
0,0.4845054399495026,4.0
0,0.4924254987772853,2.0
1,0.4914983449611913,3.0
0,0.5003778098632032,1.0
0,0.4976589448225753,6.0
0,0.49520036785281,6.0
0,0.49264839218526585,3.0
0,0.49198799801267395,6.0
1,0.49958579611803505,6.0
0,0.4922745951268464,5.0
1,0.5045701956065326,7.0
0,0.4984984741669813,5.0
0,0.49296779932468865,5.0
0,0.4940669984936391,2.0
0,0.4894520409600834,1.0
0,0.4041872004789177,5.0
0,0.4901996726211677,1.0
0,0.49042369809615355,2.0
0,0.4904521592559408,3.0
0,0.4910095407748295,1.0
0,0.4971426536155891,4.0
0,0.48797902071404964,7.0
0,0.4912065206568715,6.0
1,0.49435253861969597,1.0
0,0.4326405733761774,6.0
0,0.49023175087821086,6.0
0,0.494221242159838,4.0
1,0.4989768503914498,4.0
0,0.4910478306262516,1.0
0,0.48999727921792324,5.0
0,0.4930575258094438,2.0
1,0.4995811981349879,4.0
0,0.49721472853348436,6.0
0,0.48500623784713665,1.0
0,0.49748250066872646,3.0
0,0.4898606294157542,3.0
0,0.4858527984031537,5.0
0,0.4943985680543441,6.0
0,0.49277111550908,2.0
1,0.4926926373162722,3.0
0,0.4883144364176225,3.0
0,0.4919659078222446,1.0
0,0.4894686763449164,5.0
0,0.48732920050980255,6.0
0,0.48628095510426983,5.0
0,0.4871709504381536,6.0
0,0.48591100084045635,2.0
0,0.5008957197421977,5.0
0,0.49336715094934774,7.0
0,0.498521443044444,6.0
0,0.49645470035523737,4.0
0,0.48788095817450106,7.0
0,0.49318129882438805,1.0
0,0.48764625446990134,1.0
0,0.48852576885769006,7.0
0,0.4887635346071316,7.0
0,0.48665963548379404,3.0
0,0.49414740054559003,2.0
1,0.5019969740940691,2.0
1,0.4962973161683755,7.0
0,0.49091945510205276,2.0
1,0.4992219526824909,7.0
0,0.4912378637411267,6.0
0,0.4945631340173323,5.0
0,0.4906904519179225,2.0
0,0.49267283590448313,6.0
0,0.49429164574669354,6.0
0,0.48521270309590725,6.0
0,0.48905808713805066,3.0
0,0.4946963791100024,5.0
0,0.4929137055797481,2.0
0,0.48789839628517456,7.0
0,0.4918057463212569,2.0
0,0.48911569421445333,2.0
0,0.49704721221747267,2.0
0,0.4016805561691289,4.0
0,0.48718367731578677,6.0
0,0.48954579872177306,7.0
0,0.49016555099479503,4.0
1,0.4996800741369118,4.0
0,0.4887998025438816,3.0
0,0.4877878594636937,4.0
0,0.4913100711419011,3.0
0,0.49064362084600177,4.0
0,0.4979112379016835,1.0
0,0.49080575407670246,5.0
0,0.4883695029078219,5.0
0,0.48667412641710744,7.0
0,0.4903278571130839,2.0
0,0.4876954449086373,4.0
0,0.4933645258665713,6.0
0,0.5034362525475837,1.0
0,0.4993608097668583,1.0
0,0.49549038875097,7.0
0,0.4874955817186931,2.0
1,0.5009755551342124,6.0
1,0.4914733103099916,2.0
0,0.49358389932408514,1.0
0,0.49421635471903713,3.0
0,0.4913415303328445,3.0
0,0.4977138523662402,3.0
1,0.5001529190730908,3.0
0,0.4931643852640715,5.0
1,0.4929092165321728,1.0
0,0.48835956891648746,2.0
0,0.4955902829372406,6.0
0,0.497004123927222,1.0
0,0.4924057814775973,5.0
0,0.33186406003966124,5.0
0,0.4987216002343066,6.0
1,0.4878688608168171,1.0
0,0.48748411206482684,7.0
1,0.49804848609125696,1.0
0,0.5001355853590715,2.0
1,0.500507294311634,5.0
0,0.47848893878291726,5.0
0,0.4957229622548023,3.0
0,0.4943525541471164,5.0
0,0.4042154931671818,4.0
0,0.32683257080187056,5.0
0,0.5028736241952899,4.0
0,0.49161214304210726,5.0
0,0.49164215803548594,5.0
0,0.48965486973342015,2.0
0,0.48350665293739736,6.0
0,0.5012236692994041,7.0
0,0.493798904236879,4.0
0,0.4898120617318943,5.0
1,0.4998139560991383,1.0
0,0.49099490453449673,7.0
0,0.49276978069555066,5.0
0,0.4944253097638356,3.0
0,0.4873167482244572,1.0
0,0.4950417878069606,3.0
0,0.4987540629150258,4.0
0,0.49574925627801814,7.0
0,0.4729389876974673,1.0
0,0.49038580715869784,3.0
0,0.48766564508825744,4.0
0,0.49500695606822837,1.0
0,0.49956918890579993,5.0
0,0.4998414164306681,6.0
0,0.49551536878456415,3.0
0,0.503526921761134,7.0
0,0.48746421546729396,5.0
0,0.48797674064458113,5.0
1,0.49349315109048764,2.0
0,0.49271771527187913,3.0
0,0.4867619064753937,1.0
0,0.5009568194259976,6.0
0,0.4878385687962327,6.0
1,0.4973924762048981,2.0
0,0.49611183616451265,2.0
0,0.49233223575391066,4.0
0,0.481987349118755,3.0
0,0.4875455244088313,6.0
1,0.49919143817634176,7.0
0,0.4910122604969765,6.0
1,0.5009385260373381,2.0
0,0.402476166017093,3.0
0,0.4989854675028347,6.0
0,0.49408471719561753,4.0
0,0.49486712484334794,5.0
0,0.4909599680057073,2.0
0,0.491598834294445,4.0
1,0.4963986272619558,6.0
0,0.4902804611825542,7.0
1,0.5038468977280969,3.0
0,0.4864802191344334,4.0
0,0.5023762888503231,5.0
0,0.5003261864075306,7.0
0,0.49282694458501247,6.0
1,0.5007942057060746,2.0
0,0.48781212566711546,2.0
0,0.49207854658744976,4.0
0,0.48957295678510887,4.0
0,0.4934812376883353,1.0
0,0.49590614128903154,5.0
0,0.4922875033748885,4.0
0,0.49588828732807877,4.0
0,0.4889070926005198,6.0
0,0.49259493115388625,7.0
0,0.49376070094802305,2.0
1,0.5006643138200898,7.0
0,0.49321190538711834,2.0
0,0.49804896239038077,4.0
1,0.49818670949288907,7.0
0,0.4876294981485385,6.0
0,0.4071327081273912,5.0
0,0.49231949790544,6.0
0,0.5034578303177967,5.0
0,0.49145149366521496,4.0
0,0.4906076500023944,1.0
1,0.502065398975527,7.0
1,0.4966529086784792,7.0
0,0.489316947309644,4.0
0,0.49056622344347955,2.0
1,0.5016363760914804,2.0
1,0.4988062363217773,7.0
0,0.49390383110579905,2.0
1,0.49863059668267534,3.0
0,0.48721086488387816,6.0
0,0.4961607609788904,6.0
0,0.4947197867955319,6.0
0,0.4874144767297142,3.0
0,0.4881353468974282,7.0
1,0.5031552515282314,5.0
1,0.493280712448241,6.0
0,0.4927065425937326,2.0
0,0.48919602311417454,6.0
0,0.48818218092853477,6.0
0,0.4893576058944803,7.0
0,0.4906543701665606,2.0
0,0.48992979107161927,2.0
0,0.4910121522059157,2.0
0,0.4894242400733595,4.0
1,0.49152035047397535,3.0
0,0.498193527340328,4.0
0,0.49431804474271446,5.0
0,0.49670461316719133,6.0
0,0.49487314471657057,7.0
0,0.49735302494311134,3.0
1,0.4972517812782012,2.0
0,0.4946641702968535,2.0
0,0.4878032730845768,7.0
0,0.490142785811267,5.0
0,0.4930768689339525,7.0
0,0.4942130125055333,1.0
0,0.4886589878806514,6.0
0,0.49174940950818535,4.0
0,0.49100067389756735,1.0
0,0.49215627050203753,7.0
0,0.48609480538469746,6.0
0,0.4921491565728413,1.0
0,0.48757016466646225,4.0
0,0.48861575826543463,6.0
0,0.49745283010185565,3.0
0,0.4892048584354065,1.0
0,0.49753010604603864,5.0
0,0.49618389977353455,5.0
0,0.4870108204486274,4.0
0,0.48954339005138464,1.0
0,0.4859322924229304,1.0
0,0.49047961903931,1.0
0,0.49443531344744873,3.0
0,0.49861079215839743,4.0
0,0.49450279766814276,5.0
1,0.5035562212716712,3.0
0,0.48954132943266604,1.0
0,0.488767665209304,4.0
0,0.4919417483166745,6.0
0,0.48491146087162706,6.0
0,0.4881813456300932,4.0
0,0.4924146613488985,1.0
0,0.4898272894167724,3.0
0,0.4904898561335603,1.0
1,0.49373767226627513,6.0
0,0.4869943988212821,7.0
0,0.4925293664916434,1.0
0,0.49007719315145837,5.0
0,0.48934934441338607,5.0
0,0.4996157100492923,7.0
0,0.49401987987160195,2.0
0,0.4847680627409566,3.0
0,0.48735204750711264,4.0
0,0.49827691197787904,5.0
0,0.4957766249279098,1.0
0,0.4966084358981656,1.0
0,0.49033789769449754,6.0
1,0.5026131948454458,1.0
0,0.49611805583829044,6.0
0,0.49637115292856376,3.0
0,0.4927105309960329,3.0
0,0.4891922498962105,5.0
1,0.504844691126826,1.0
0,0.4872099711455838,1.0
0,0.49364230202174486,2.0
0,0.49031192862417344,4.0
0,0.49296201838342246,7.0
0,0.4948758299224238,4.0
0,0.4968875087352254,7.0
0,0.49159916667525705,6.0
0,0.4928065340227885,6.0
0,0.48654331223599384,6.0
0,0.4938953145560696,3.0
0,0.493975542916794,7.0
0,0.4951569299521819,5.0
1,0.49874799700969535,7.0
0,0.4846003758745386,6.0
0,0.4884860010129678,6.0
0,0.4882871432746268,6.0
0,0.4858360161294019,5.0
0,0.48348141940765244,6.0
0,0.4859016837453872,5.0
0,0.48703647785489645,1.0
0,0.4866836262588187,5.0
0,0.4975892907420576,7.0
0,0.49019479246995623,7.0
0,0.4870244384068982,3.0
0,0.49141256576395365,6.0
0,0.48703608330397624,1.0
0,0.4865659779073766,6.0
0,0.4898258330721377,3.0
1,0.5012165482986687,1.0
0,0.49140242045777754,5.0
0,0.5022203764476671,1.0
0,0.494388606069215,4.0
0,0.4946124037741108,5.0
0,0.4930022935777967,4.0
1,0.4901599866542461,2.0
0,0.49005338251506386,2.0
0,0.4934459630154325,4.0
0,0.49807514503825345,1.0
0,0.4863893220973355,2.0
1,0.49948784096656795,3.0
0,0.493006325491794,5.0
0,0.4949136101082759,7.0
0,0.49215893757440016,6.0
1,0.5027236809974621,7.0
0,0.4899990090324797,2.0
0,0.49575490945112405,2.0
0,0.4942216309393971,5.0
0,0.48469545388226015,7.0
0,0.484949092731084,4.0
0,0.520803402003446,6.0
1,0.5069228578483757,2.0
0,0.4880976569465319,5.0
0,0.49040087743052857,4.0
0,0.4901692566295693,1.0
0,0.49147955716402864,7.0
0,0.4951050298433106,1.0
0,0.49231177262864684,7.0
0,0.4926710430241696,2.0
0,0.48852262745913816,7.0
0,0.4878677192277016,3.0
0,0.4977639000399484,3.0
1,0.4977877689140125,1.0
0,0.41085092936870915,1.0
0,0.5021617192084361,6.0
0,0.5028384023962613,5.0
0,0.5060081413257126,3.0
1,0.5010621554475093,2.0
1,0.506458182758681,4.0
0,0.49667594503973034,4.0
0,0.4936761406769209,7.0
0,0.4927536075575237,1.0
0,0.4860281778006455,4.0
0,0.49469214820079427,7.0
0,0.493494982908542,7.0
0,0.4901886721729822,2.0
1,0.5055605302206211,5.0
0,0.4980489491903962,1.0
0,0.4985144973049105,1.0
1,0.49917238267874486,6.0
0,0.49176867200387125,4.0
0,0.5007775399393308,4.0
0,0.4920532312959639,3.0
1,0.49816044186380937,3.0
0,0.48906022569964597,5.0
0,0.4871037855927248,3.0
0,0.4884479761810161,7.0
0,0.49654216345934293,5.0
0,0.4877007215836587,3.0
0,0.48822861931193645,3.0
0,0.4934244542889089,2.0
0,0.499233899563394,2.0
0,0.48734399984987825,1.0
1,0.4955284798127584,2.0
0,0.4899284007868865,3.0
0,0.49463832407753167,4.0
0,0.5019302404128464,7.0
0,0.48978558726745247,3.0
0,0.49485686686707087,7.0
0,0.494908229899251,7.0
0,0.4890127391483604,1.0
1,0.49693209372294184,5.0
0,0.4938785624168441,3.0
0,0.4928804356268075,6.0
0,0.4876016321652793,3.0
0,0.48861261686031204,5.0
1,0.49321381430126976,4.0
0,0.49927185520515766,5.0
1,0.50229183776656,2.0
0,0.4922112817253065,5.0
1,0.5906838531839751,4.0
0,0.49848994877261915,3.0
0,0.4863025006315562,2.0
1,0.5014516261874215,5.0
0,0.49190660118266516,5.0
0,0.48736848083343437,3.0
0,0.49727211321617426,7.0
1,0.5001946773638714,1.0
0,0.49017160994840075,7.0
0,0.49862098493336426,6.0
0,0.4932717018576943,3.0
0,0.48755588486225926,2.0
1,0.4961241158191424,3.0
0,0.49008172994565824,4.0
0,0.490622694531494,7.0
0,0.49662395315649,3.0
0,0.49781009651538255,1.0
1,0.5016572526288003,6.0
1,0.5075939119008828,5.0
0,0.49800866365821966,4.0
0,0.4962693052804147,2.0
0,0.4940962400644511,6.0
0,0.49529240958319526,6.0
0,0.4932468640291475,2.0
0,0.4905557181210899,5.0
0,0.49420185985901693,1.0
0,0.4874551381815612,7.0
1,0.5033351049670761,1.0
0,0.48862317181450055,4.0
0,0.49581195453037646,4.0
0,0.4981779234699081,1.0
1,0.4996712090108142,5.0
0,0.49653385549404283,1.0
0,0.4871483349267648,2.0
0,0.498328063169386,1.0
1,0.5003553314406628,4.0
1,0.5029010679747118,1.0
0,0.49537695487690886,4.0
1,0.5032281289781918,2.0
1,0.4935326772229238,3.0
0,0.3275376998769373,2.0
0,0.4927687056552723,3.0
0,0.5020607711993962,1.0
0,0.49998810680471745,7.0
0,0.4895823560656929,3.0
0,0.49543684042906155,1.0
0,0.49562401380365056,1.0
0,0.4949951460611462,4.0
0,0.4924214229967649,6.0
1,0.49500623618668793,6.0
0,0.5033654888472096,1.0
1,0.5052639433809649,7.0
0,0.5066100340657562,7.0
0,0.4939045185972292,2.0
0,0.4942360179332645,6.0
0,0.4924071404407047,7.0
1,0.4961675348098343,7.0
0,0.4944082316710031,1.0
1,0.4990710911503004,2.0
0,0.4977783634027205,5.0
0,0.4885593165638358,5.0
1,0.49721763050771145,2.0
0,0.4908742119468343,6.0
0,0.4888824960955446,1.0
0,0.4035577920364536,6.0
0,0.49652152366964375,4.0
0,0.49363905539375935,1.0
0,0.48723898470613325,1.0
0,0.48764786523160086,4.0
1,0.49883598593348016,1.0
0,0.49131169348832504,4.0
0,0.4016878585186248,4.0
0,0.49072864969913216,3.0
0,0.4943396273654821,1.0
0,0.5027582375198714,3.0
0,0.48768981818358687,4.0
0,0.49413298350780804,2.0
0,0.49219242457763135,7.0
0,0.4943543383011068,3.0
0,0.49448515798119236,4.0
0,0.48854893270863986,2.0
0,0.49143541221185383,1.0
0,0.49012466900776686,6.0
0,0.4896055242645892,6.0
1,0.5033041177959612,5.0
1,0.5020355218189928,3.0
1,0.500259749742522,5.0
0,0.4948653218501325,1.0
1,0.5037527376753,3.0
0,0.49931180702859085,5.0
0,0.4883050668439093,4.0
1,0.5044806038109046,1.0
0,0.4931923575057309,2.0
1,0.4987580003628481,5.0
0,0.504850598835318,5.0
1,0.4976383060971261,1.0
0,0.490084107064029,7.0
0,0.4907482587666396,1.0
0,0.4921066542585207,2.0
0,0.4916553545236056,3.0
0,0.4883913933769602,7.0
0,0.4885128823532912,3.0
0,0.49111560726185205,7.0
0,0.4931675862021597,6.0
0,0.48994134890811797,2.0
0,0.4965126414533358,5.0
0,0.4892001298990493,4.0
1,0.49406223402233657,1.0
0,0.4864174186052929,1.0
0,0.4986364118052784,3.0
1,0.5007526055642099,1.0
0,0.4898173775848097,5.0
0,0.4937360911856278,3.0
0,0.4920509704250766,2.0
0,0.49897150675532476,5.0
0,0.5029712556299627,6.0
0,0.4063860133579618,3.0
0,0.4997860978887194,3.0
0,0.4986947020180762,3.0
0,0.48402475121703936,4.0
0,0.49320039490053014,1.0
0,0.494955845626639,4.0
0,0.4940240412317968,1.0
0,0.3989781137823924,7.0
0,0.48809717847678585,3.0
0,0.4995104117156936,3.0
0,0.49413560243579563,2.0
0,0.4881986751078401,5.0
0,0.48533613920415625,5.0
0,0.48812147187268456,5.0
0,0.48679444617803647,5.0
0,0.4927659004686146,5.0
0,0.48310985975304754,1.0
0,0.49606728155577906,1.0
0,0.4939358559512361,4.0
0,0.48770714693610595,6.0
0,0.49458373602659783,1.0
0,0.4934439931071099,2.0
0,0.49388088772148625,6.0
0,0.4874233453003303,5.0
1,0.5048122954542198,1.0
0,0.5001434735799238,1.0
0,0.49243238579348597,5.0
1,0.504395584937034,5.0
1,0.501826969205406,7.0
0,0.49364009298751094,1.0
0,0.4971106110751179,4.0
1,0.4921261556562502,5.0
0,0.48867730481739136,5.0
0,0.48824942643581326,6.0
0,0.5021230775642437,4.0
1,0.5032463989617322,7.0
0,0.49235630090418503,4.0
0,0.4905841904170393,3.0
0,0.4998141209668747,1.0
0,0.48840870659401214,5.0
0,0.49430896966732996,5.0
1,0.5055035871426313,4.0
0,0.4976625714961725,3.0
0,0.49164902989345144,3.0
1,0.5021657597935615,1.0
1,0.4948945998295252,5.0
0,0.49305534222927533,2.0
0,0.47135849312399947,6.0
0,0.4970822032767599,4.0
0,0.49094988530841127,6.0
0,0.48625101719711833,6.0
0,0.4844208843779254,3.0
0,0.4943208554557753,4.0
0,0.49549792394400677,2.0
0,0.4960973329961757,7.0
0,0.49335871566299944,6.0
0,0.4857156241125412,1.0
0,0.49942093032566504,4.0
1,0.5005292136890908,3.0
0,0.4872393800219699,5.0
0,0.5023873994622399,1.0
1,0.5891518996892077,3.0
0,0.5025034543444356,4.0
0,0.48822862171268594,3.0
0,0.5011351266193824,3.0
0,0.48702413123057675,5.0
0,0.4954423944089323,2.0
0,0.48833021636366053,4.0
0,0.4903068812535857,7.0
1,0.5028053080805088,5.0
1,0.40573297828399,3.0
0,0.4879405518451117,2.0
0,0.4869534307605568,3.0
0,0.4952759197607006,6.0
1,0.48997061698078864,5.0
0,0.4881025268006701,7.0
0,0.4953313295579111,5.0
1,0.4954492919372067,6.0
0,0.4885227704259645,2.0
0,0.4911457934406218,5.0
0,0.4935260991097598,3.0
0,0.4892249369542366,6.0
0,0.4850858431628382,3.0
0,0.49384641433366505,4.0
0,0.4862076925796433,2.0
0,0.4927941489869276,7.0
0,0.487239938925895,6.0
0,0.49041550775274806,2.0
0,0.49058533253618114,4.0
0,0.4883575221425147,3.0
0,0.4839446835138562,7.0
0,0.48625425278086576,4.0
0,0.4891053726919668,2.0
0,0.49021390051454145,6.0
0,0.49215484673063337,7.0
0,0.49453922254814037,5.0
0,0.4910093281595311,6.0
0,0.48863621830265386,4.0
0,0.48829336616215563,2.0
0,0.4925575817751389,1.0
0,0.4950552014986789,1.0
0,0.49083738931355053,1.0
0,0.48933498499264294,5.0
0,0.4970283490078773,4.0
1,0.5056301664097489,2.0
1,0.496004925476794,3.0
0,0.4952775245298009,5.0
0,0.490910208821432,1.0
1,0.5003984512914997,7.0
0,0.4108925379457023,3.0
0,0.48964925892280636,7.0
0,0.40462519929858753,7.0
1,0.49481614559556963,5.0
0,0.49071482614941897,2.0
0,0.4888654300071381,1.0
1,0.4978441643677792,2.0
0,0.49928790160574477,5.0
0,0.49504686868869624,7.0
1,0.4965314411948319,5.0
0,0.4839918620243176,7.0
1,0.49292160020943593,4.0
0,0.4857266697875395,1.0
0,0.48618574655657404,4.0
0,0.48780948747228003,1.0
0,0.48990951589669646,3.0
0,0.5003373118348756,5.0
0,0.4959139400451905,7.0
0,0.48959387427073975,1.0
0,0.4852005816897618,2.0
0,0.49054859637706894,3.0
1,0.503018573585305,5.0
0,0.48751682604467383,5.0
1,0.5020544629865293,6.0
0,0.49735031674449615,1.0
0,0.4927744929155643,5.0
0,0.4906275161402124,4.0
0,0.4891556726480873,1.0
0,0.4906573587360324,5.0
0,0.5031119225740001,4.0
0,0.4849045315972972,2.0
0,0.49206649053489526,3.0
1,0.4905737606089072,4.0
0,0.48882560429686966,1.0
0,0.48792777468995346,3.0
0,0.5007921017091866,7.0
0,0.49120187006783966,2.0
0,0.4836584513384062,3.0
0,0.48580127545149354,7.0
0,0.49033630015757007,5.0
0,0.5014370212937768,3.0
0,0.4950831765214396,6.0
1,0.4900981355816283,1.0
1,0.500906819277334,2.0
0,0.4827566742174946,6.0
1,0.49604141694312215,4.0
0,0.4945217652886954,5.0
0,0.49204553215684227,3.0
0,0.4914632605249718,7.0
0,0.4742528236161389,6.0
0,0.4912693898595931,7.0
1,0.49138597884852375,6.0
0,0.4959856093490364,7.0
0,0.49154739496314004,2.0
0,0.48660769696144185,1.0
0,0.48941777626131355,6.0
0,0.4894952714686333,4.0
0,0.4975143614290131,3.0
0,0.49474276276616536,6.0
0,0.4908698705468282,2.0
0,0.4977610492708566,3.0
1,0.4991414720957458,4.0
0,0.49606118179687636,1.0
0,0.4901639395703018,1.0
0,0.4931956824520397,2.0
0,0.49054883407741384,6.0
0,0.4923477564699613,7.0
0,0.4912797213535004,3.0
0,0.4927023199704968,7.0
0,0.4845316079175164,4.0
0,0.4930260383616298,5.0
0,0.4985981674049159,6.0
0,0.49240099416212896,4.0
0,0.4918809043608122,3.0
0,0.4867504224572055,7.0
1,0.4961033573297861,6.0
0,0.48550925171480486,3.0
0,0.4956814019667737,7.0
0,0.49770620304295654,2.0
0,0.4938467288975254,6.0
1,0.5851671907392316,3.0
1,0.4994273289865921,7.0
0,0.48725484511201217,2.0
0,0.49106193779700225,7.0
0,0.48781362772204634,3.0
1,0.4928092940582045,6.0
0,0.49101783460052584,5.0
0,0.49166958074835465,2.0
0,0.4901134590441756,7.0
0,0.4900060073370319,6.0
0,0.4019319767187736,4.0
0,0.4927260244631639,7.0
0,0.48548782466506835,1.0
0,0.48852147708360893,1.0
1,0.49185000922128697,6.0
0,0.4941260573540155,7.0
0,0.49246740383670556,2.0
1,0.5025610833600791,6.0
0,0.49529184119970393,5.0
0,0.493446633164581,7.0
0,0.487104922775825,6.0
0,0.4910130691290623,5.0
1,0.49866166766684467,5.0
0,0.4791816162894124,1.0
0,0.4908462437276656,3.0
0,0.48805724471846,1.0
0,0.49237902120278365,4.0
1,0.4971204951977291,2.0
0,0.4895389472210466,7.0
0,0.4970740297122855,2.0
0,0.4876453225155048,3.0
0,0.5023266310975105,7.0
0,0.489344486142225,3.0
0,0.49165834672092495,4.0
0,0.4920397422296616,4.0
0,0.4869584594111663,4.0
0,0.48816084467976945,6.0
0,0.4912029909674963,5.0
1,0.49389346454216476,1.0
1,0.5020542769732969,4.0
0,0.4933396304135359,7.0
0,0.48889774981957956,6.0
0,0.49507619927509683,5.0
0,0.48683202669695597,2.0
0,0.4923519959382668,1.0
0,0.49547534588043923,7.0
0,0.49028387035079835,7.0
0,0.48571082333657184,4.0
0,0.4905940845180143,1.0
0,0.4884881110132713,2.0
0,0.4877753153750255,2.0
0,0.4874534343344188,5.0
0,0.4962033576755922,3.0
1,0.4952180912861554,6.0
1,0.4959070199279934,1.0
0,0.40251012964093047,1.0
0,0.5017478990358057,4.0
0,0.4952055730795458,3.0
1,0.489739926677811,5.0
0,0.4856060452419087,2.0
0,0.49476587654770127,7.0
0,0.3973688526200341,4.0
0,0.4849415070890505,5.0
0,0.4900971542986719,5.0
0,0.4967389811444497,2.0
0,0.49368850926607766,7.0
0,0.48763440847601514,2.0
0,0.4946191850587147,7.0
1,0.4859335250026942,2.0
0,0.4979698820097172,4.0
0,0.48425687881746493,6.0
0,0.47956785902173515,3.0
0,0.4877013486260191,6.0
0,0.48343315521826724,1.0
0,0.49938133360833215,4.0
0,0.48601178004890133,3.0
0,0.49116819917035587,5.0
0,0.49154650733131944,1.0
0,0.49510283405397953,7.0
0,0.4973629759378958,1.0
0,0.49833980480478235,7.0
1,0.4978688680232609,3.0
1,0.4954131915466361,7.0
1,0.493582633831415,6.0
0,0.49055990711613473,6.0
0,0.5055747744365747,7.0
0,0.498939773291967,3.0
0,0.4933055669858144,1.0
0,0.4889748074137647,5.0
1,0.5004291194102213,6.0
0,0.49161051904868724,5.0
0,0.49223661621250425,1.0
0,0.49972762073820687,3.0
0,0.49107530434518654,6.0
0,0.4047716093520908,7.0
0,0.489260615549095,2.0
1,0.5014609493492607,3.0
0,0.4960413897039721,7.0
0,0.4967628298896752,5.0
0,0.48800196668682927,4.0
0,0.4940013898401887,3.0
0,0.4943127273179359,4.0
0,0.4875724753118796,3.0
0,0.48797613275974794,7.0
0,0.49037543561844643,4.0
0,0.5014830374936248,1.0
0,0.495703401290655,2.0
0,0.48805230288932144,2.0
0,0.492378977333126,6.0
0,0.49655944767168947,7.0
0,0.4822930277083638,3.0
0,0.4968549065465033,7.0
0,0.5009099929939634,6.0
1,0.5882491232293634,3.0
1,0.49031180488829246,4.0
0,0.4870699491543732,3.0
0,0.4871146774056587,4.0
0,0.4898545273872774,6.0
0,0.4930195858956908,7.0
0,0.4845819837883938,3.0
0,0.486618015057235,2.0
0,0.4913053032213921,1.0
0,0.486657159142155,1.0
1,0.491417890328483,1.0
0,0.5019273676138565,5.0
0,0.4908488041631902,2.0
0,0.49692744761126617,5.0
0,0.4897626459718274,2.0
0,0.49029033832222785,7.0
0,0.48628745097389137,7.0
0,0.48741004719677355,3.0
0,0.49193017988271115,4.0
0,0.48488197372865216,1.0
0,0.488455819802514,5.0
0,0.4929561590838759,3.0
1,0.5045934157264164,3.0
0,0.48910167465978527,2.0
0,0.49119492225668043,1.0
0,0.4943021199841025,7.0
0,0.49060345589821447,3.0
0,0.49694653159156826,7.0
0,0.49014934536339966,1.0
0,0.493168339479722,3.0
0,0.48618767719086625,3.0
0,0.4857662353434965,2.0
0,0.48531104148914517,1.0
0,0.484564356983081,4.0
0,0.4828553304723986,1.0
0,0.4852284068955684,4.0
0,0.4896877500355858,6.0
0,0.48815108262838736,3.0
0,0.4943336551748074,2.0
0,0.48839249267783746,1.0
0,0.4921417263097383,2.0
0,0.48674003360902934,6.0
0,0.48820772019427044,1.0
1,0.5039861406601935,6.0
1,0.49856837174205837,7.0
0,0.49021326436264173,6.0
0,0.4840265170851734,3.0
1,0.4994310124575368,7.0
0,0.49311522092107074,3.0
1,0.48743331606345675,3.0
0,0.4897434458070018,5.0
0,0.4891164984997303,2.0
1,0.49758007001563453,6.0
0,0.49212874293019837,1.0
0,0.49426348892721234,5.0
1,0.4909559125139077,1.0
0,0.4910261705723719,7.0
1,0.5885173694789712,5.0
0,0.4899388029852888,7.0
0,0.4926732076274667,3.0
0,0.38506326183840633,6.0
0,0.4953196167858782,3.0
1,0.592290542015587,2.0
0,0.48701886446017056,7.0
0,0.4927311879529001,4.0
0,0.48847682816569443,2.0
0,0.49182614265403457,7.0
0,0.4908340806785268,2.0
0,0.4892788733934954,5.0
0,0.49266539673549997,2.0
0,0.480323700649216,2.0
0,0.4858023812704364,3.0
0,0.4865783529253193,5.0
0,0.48672122833445886,7.0
0,0.49822253463331245,7.0
0,0.4877281743032475,6.0
0,0.4866139782727116,1.0
1,0.4955228810676306,1.0
0,0.49061922698566707,3.0
0,0.5010235274935432,2.0
0,0.489671271859514,6.0
0,0.4979680015322087,5.0
0,0.48786631888651777,4.0
0,0.4933359457091614,7.0
0,0.4925463165548152,4.0
0,0.49096993660183064,7.0
0,0.48894079425915965,7.0
0,0.49036712072727284,2.0
0,0.4889482404202506,4.0
0,0.48946492212311427,4.0
0,0.4875941782656281,2.0
0,0.49177582816862664,2.0
0,0.4872693362926138,7.0
0,0.4920373999425353,1.0
0,0.5012906902798122,2.0
0,0.4939594681912831,4.0
0,0.4895312526049358,7.0
0,0.48961796753524955,3.0
0,0.49759795887756175,2.0
0,0.47976289603974137,3.0
0,0.4882934521254532,4.0
0,0.4937468209455005,4.0
0,0.4911866887099021,4.0
0,0.4975452435380481,5.0
0,0.48752414093282787,6.0
0,0.4923852432782136,1.0
0,0.49075602336342167,3.0
0,0.4930471638480638,4.0
0,0.49538748065279603,5.0
0,0.4873039318835726,5.0
0,0.4955561781356684,4.0
0,0.4816327852923082,2.0
0,0.49142488216027325,7.0
0,0.4939327192130063,7.0
1,0.4932029600498033,5.0
0,0.49836801334273895,2.0
0,0.4988368039832737,1.0
0,0.4825560005965763,1.0
0,0.4885926646054733,1.0
0,0.4873376930811163,3.0
0,0.48777552386645595,3.0
0,0.49496073366373655,3.0
0,0.4893369563750926,7.0
0,0.49152749363571246,7.0
0,0.4842921028736554,4.0
0,0.44816214987320374,5.0
0,0.4850848218774564,7.0
0,0.4905372070136393,3.0
0,0.49272875200212074,4.0
0,0.49346495303349075,3.0
1,0.497166734537016,6.0
0,0.48597279228326234,1.0
0,0.4966207954018126,7.0
0,0.4888251744458752,4.0
0,0.472638094255071,6.0
0,0.49843854542833005,4.0
0,0.4917043466287317,6.0
0,0.49559208667750554,3.0
0,0.4851977992224524,3.0
0,0.49042585373384595,1.0
0,0.496440626233222,6.0
0,0.4922165121646425,2.0
1,0.49465865386337066,6.0
0,0.4882625392385275,7.0
0,0.47222511871858014,6.0
0,0.48985098448833886,5.0
0,0.49276380379334805,1.0
0,0.4844886506744524,1.0
0,0.4902714705627096,4.0
0,0.4962480318053282,6.0
0,0.48320790278916226,4.0
1,0.5001955682879863,7.0
0,0.48795162907152445,4.0
0,0.495145268725484,3.0
0,0.49169552883932577,7.0
0,0.49045312113552186,4.0
0,0.4905000788992814,5.0
0,0.4918325244684025,5.0
0,0.48745249102571686,5.0
0,0.4952090002546677,3.0
0,0.4881769738298718,3.0
0,0.4924684573905425,4.0
0,0.49017441524132255,3.0
0,0.4926258786063855,4.0
0,0.49599569160234724,7.0
0,0.4957457960549753,6.0
0,0.4896618628377344,5.0
0,0.4927966929455189,1.0
0,0.4944449225114118,1.0
0,0.48621722394820205,2.0
0,0.48361839025434705,5.0
0,0.4887473155736816,1.0
0,0.49281294620696636,1.0
0,0.4947749951691333,4.0
0,0.49677105772374314,3.0
0,0.48706148549742234,6.0
0,0.49720095428208094,7.0
0,0.48999378226725204,6.0
0,0.49008347224587195,1.0
1,0.5071835548403878,4.0
0,0.4934419908309266,6.0
0,0.4925231898542345,3.0
0,0.48703058912243335,2.0
0,0.48461341059695184,6.0
0,0.4858810315341007,5.0
0,0.48722568873809563,4.0
1,0.5015280456517436,4.0
0,0.49793249159415204,6.0
0,0.5020847044548864,4.0
0,0.48860900796637086,3.0
0,0.49714040729478326,6.0
0,0.49447166406328275,6.0
0,0.4907339993803562,2.0
1,0.4877779119498869,5.0
0,0.48215710645624155,6.0
0,0.40266299282546136,6.0
0,0.48620323981257524,6.0
0,0.49105145385902915,2.0
0,0.48910492839407316,6.0
0,0.4995086788722816,4.0
0,0.5039328396991625,7.0
0,0.4892063381470516,3.0
0,0.48960173747247926,5.0
1,0.4977892069150587,6.0
0,0.4970565327119243,6.0
0,0.4831125246648482,3.0
1,0.4926375670330318,2.0
1,0.5043568728779756,4.0
0,0.49317343395915536,7.0
0,0.4897474515081023,6.0
0,0.4073286241621026,3.0
1,0.5014901934382494,5.0
0,0.487499131012434,7.0
1,0.5025424412100559,1.0
0,0.48975058145449873,5.0
0,0.4892679375323899,6.0
0,0.49087006814774925,2.0
0,0.49440952707770325,5.0
0,0.4920250259353581,5.0
0,0.4917113302816078,1.0
0,0.5020416517828526,7.0
0,0.48922072538749606,5.0
0,0.49026515698592954,7.0
0,0.48949563625997433,6.0
0,0.4893686678438548,7.0
0,0.489668507397873,2.0
0,0.493924935442301,5.0
0,0.48642140537135875,1.0
1,0.4944885301906378,5.0
0,0.4883175078382201,2.0
0,0.484184581723748,1.0
0,0.4997645919705607,1.0
0,0.4926363456203236,2.0
0,0.49726642323117815,3.0
0,0.490875110484881,2.0
0,0.4870487693230629,1.0
1,0.4989865705873558,1.0
0,0.4009650988775711,3.0
0,0.48862521499795303,5.0
0,0.495403217580104,6.0
0,0.4838073897041043,7.0
0,0.4829024032151947,7.0
0,0.488220599898522,5.0
0,0.4901434469408477,3.0
0,0.49278886174163195,4.0
0,0.49314804732482237,3.0
0,0.4900113321330584,3.0
0,0.4923338014129915,7.0
0,0.48848206591051435,1.0
0,0.4919152080537202,2.0
0,0.4903816554122298,7.0
1,0.49622349934162086,7.0
0,0.49295556493421033,4.0
0,0.4948919572046297,4.0
0,0.4915860015186575,1.0
0,0.49034540129002563,6.0
1,0.5030268087722681,5.0
0,0.494064895053668,7.0
0,0.4920237358354596,3.0
0,0.48426417437016944,4.0
0,0.49122676388260067,4.0
0,0.49343467116632067,2.0
0,0.4900256201702882,3.0
0,0.49830310908610037,5.0
0,0.4887632951519858,7.0
0,0.4907112627943135,6.0
0,0.4921289798567109,6.0
0,0.49117642809273887,7.0
0,0.49060883283100176,2.0
0,0.49545204416675415,5.0
0,0.4938448283921862,6.0
0,0.4845912890537549,1.0
0,0.49135996781459523,1.0
1,0.4992939751541721,6.0
0,0.48711802365380946,1.0
0,0.48988745051282406,4.0
0,0.4862177762400307,3.0
1,0.5053648905246134,2.0
0,0.4968608181280099,4.0
0,0.4936044955881501,7.0
0,0.4945556719812457,1.0
0,0.4883053494315831,1.0
0,0.4907105916236867,5.0
0,0.48334757012515583,3.0
0,0.48025621888863446,7.0
0,0.4880234200342121,5.0
0,0.49104030768259804,2.0
0,0.488678807089496,4.0
0,0.4920479124520741,4.0
0,0.4929032066061191,5.0
0,0.4812221203531025,2.0
0,0.49740420980655403,2.0
0,0.48106212929960795,2.0
0,0.502322277382087,4.0
1,0.4977742174059535,7.0
0,0.49242172079820434,3.0
0,0.48796297594873,5.0
1,0.5001171165455159,3.0
0,0.4861681232838024,4.0
1,0.49634906683322694,6.0
0,0.49652566443285695,7.0
0,0.48518571252252346,1.0
0,0.49527133069945894,6.0
0,0.49006823059716964,7.0
0,0.48994386268566237,4.0
0,0.4957039119976614,6.0
0,0.48474091622422266,7.0
0,0.4857256428868697,4.0
0,0.4931053705427442,4.0
1,0.49240935371418204,7.0
0,0.49420030398031667,2.0
1,0.5035583916673848,3.0
0,0.49493549325006014,6.0
0,0.4950685178238581,3.0
0,0.4909556244359385,7.0
0,0.4865215800701319,5.0
0,0.4957248096177757,3.0
0,0.4889711709735679,2.0
0,0.48655530768118016,5.0
0,0.48985217203644404,6.0
1,0.4918062146867143,2.0
0,0.49569440110800383,4.0
0,0.4839288760957715,3.0
1,0.5089613692477568,1.0
0,0.4861420177448475,5.0
0,0.48957080629249106,4.0
0,0.4930661977291729,5.0
0,0.49863287527530664,7.0
1,0.49693752036657723,5.0
0,0.4968343111481919,6.0
0,0.4952375017026375,6.0
1,0.5019688952822083,3.0
1,0.5066876444768994,5.0
1,0.4959986248958117,7.0
0,0.49302623990244276,1.0
0,0.490571864554499,5.0
0,0.48492015149405665,5.0
0,0.4917942629271788,3.0
0,0.49502894952726495,4.0
0,0.48799725622994916,3.0
0,0.49861053354991863,2.0
1,0.4998588013439353,6.0
1,0.4936557350811037,7.0
0,0.4906128240851976,4.0
0,0.48759697523936674,5.0
0,0.48873035407060694,3.0
1,0.49377651099831,6.0
1,0.5033980803004586,4.0
0,0.49300564360474186,3.0
0,0.4949971504768121,5.0
0,0.48905351310939416,7.0
0,0.4986298805255835,3.0
1,0.4941109401137681,2.0
0,0.49832751422736166,1.0
0,0.489680812972048,2.0
1,0.4977290362678782,6.0
0,0.48900903079975827,4.0
0,0.4899752140560619,1.0
1,0.5034150590859463,7.0
0,0.494916441479148,2.0
0,0.4958848302179173,3.0
0,0.4952695740360915,2.0
0,0.49093709472951985,2.0
0,0.4942753412844553,3.0
0,0.4917860407386831,7.0
0,0.48744041110372704,4.0
0,0.49058643629769644,4.0
1,0.4920733237424336,3.0
0,0.49231185568048047,1.0
0,0.48746835088002055,4.0
0,0.4089356048737373,4.0
0,0.49706548662163846,2.0
0,0.49925664336195735,3.0
0,0.49259129508951305,3.0
0,0.4981644663560054,3.0
0,0.48990982591927895,4.0
0,0.5050284773994138,5.0
1,0.5058791421795406,3.0
0,0.48926197725621484,5.0
0,0.4980535541874422,6.0
0,0.4885149538297735,6.0
0,0.49050412330917104,2.0
0,0.4895789677679471,6.0
0,0.4903518844701588,2.0
0,0.49273372989103276,1.0
0,0.49399218279592255,3.0
0,0.49513022617616875,4.0
0,0.4932487865693127,4.0
0,0.49700850998311996,6.0
0,0.4909525002981523,1.0
0,0.4980628200616268,5.0
0,0.5037067124821295,1.0
0,0.48945128272642724,7.0
0,0.49649921030729477,4.0
0,0.4893536122065758,7.0
0,0.48524054367155117,1.0
0,0.4922470084464322,6.0
0,0.49437221752962884,1.0
0,0.49385045598155386,1.0
0,0.4939574907191132,7.0
0,0.4977171183366692,3.0
0,0.4958429236006687,3.0
0,0.48954328285835613,1.0
0,0.4955903285515724,3.0
0,0.4911254009642966,2.0
0,0.4954025293771495,3.0
0,0.4895231759238556,3.0
1,0.49905964594478436,1.0
0,0.48500353857549156,6.0
0,0.4926711866266372,7.0
0,0.4916637021515334,1.0
0,0.4880341993343363,6.0
0,0.4884526471420748,4.0
0,0.49177480121562417,5.0
0,0.49234417392675633,2.0
0,0.4923088960835811,5.0
1,0.4967846233462758,4.0
0,0.49646374077344824,3.0
1,0.49625470076421396,1.0
1,0.4931175599161805,6.0
0,0.49915387004750156,1.0
1,0.4952480136235469,4.0
0,0.49305303113881843,3.0
0,0.4897979990420186,2.0
0,0.48776182683478897,2.0
0,0.48571745406785777,5.0
0,0.49078250257950445,3.0
0,0.497620690067998,6.0
0,0.4921882084596618,1.0
0,0.48996145617242476,2.0
0,0.49001776982708334,6.0
0,0.48567314562658387,1.0
1,0.5022313058021223,7.0
0,0.49171303076431283,2.0
0,0.4878472183644211,7.0
0,0.49566120961664933,4.0
0,0.4984142133933423,2.0
0,0.4868647451458644,6.0
0,0.49431859000306183,3.0
0,0.49228519168251783,6.0
0,0.49747202111645233,4.0
0,0.48575159029304876,4.0
0,0.4887377589685412,2.0
0,0.496567796199778,2.0
0,0.49578695467367184,6.0
0,0.4904295468211714,5.0
0,0.48968208416228726,3.0
0,0.4949075836497741,1.0
1,0.4997872607651879,2.0
1,0.4992660255641316,1.0
1,0.5091491219828742,1.0
0,0.49697882504459984,6.0
0,0.4912952217852422,5.0
0,0.4893825417293809,3.0
0,0.49737314742265243,3.0
0,0.5025492194052712,5.0
0,0.48339395817370406,7.0
0,0.4905746305240877,4.0
0,0.4944244029876722,2.0
0,0.47990431593270294,2.0
0,0.48585311989773833,7.0
1,0.49175497403179497,4.0
0,0.48812870346236975,5.0
0,0.4939067723076478,2.0
0,0.4952285711360598,3.0
0,0.49337706547746546,6.0
0,0.49502338104008775,4.0
0,0.49592860404654254,6.0
0,0.4968899547998804,3.0
0,0.4908221387321079,5.0
0,0.48604346553203037,1.0
0,0.48211714187184784,6.0
0,0.4928907252554372,2.0
1,0.5027992360485029,6.0
0,0.4903080297732986,1.0
0,0.4837339744276145,7.0
0,0.4912218188470083,3.0
0,0.49083864862087173,4.0
0,0.48898943191698707,6.0
0,0.4936231544999429,2.0
0,0.493992066866057,6.0
0,0.48866601955169214,4.0
0,0.49395083496957626,6.0
0,0.49347340833092795,4.0
0,0.49736663125537217,3.0
0,0.4965767387089922,6.0
0,0.492649583866139,4.0
0,0.5035856484959395,5.0
0,0.4952906586189641,1.0
0,0.4975504964726018,2.0
1,0.49481991364254224,3.0
1,0.49421708237227185,7.0
1,0.4962491902198241,5.0
1,0.4913541022326927,3.0
0,0.49861473568359727,5.0
0,0.4933046462513374,7.0
1,0.4936397645985153,3.0
1,0.49371792691532695,7.0
0,0.487615749282159,7.0
0,0.4948784822118325,6.0
0,0.48596258868405195,3.0
0,0.48793888592121926,4.0
0,0.4893406999507738,2.0
1,0.4939846408642562,1.0
0,0.4913782770406085,1.0
0,0.49195780982477844,5.0
0,0.49226202364572663,7.0
1,0.49532587191081023,4.0
0,0.49128052493116875,7.0
0,0.4957153454501621,7.0
0,0.48933292578945986,3.0
0,0.4977682480034799,3.0
0,0.49160752502949884,6.0
0,0.4908437881221891,2.0
0,0.49102002652288324,5.0
1,0.4933547561155128,5.0
0,0.4995405480666726,3.0
0,0.4972735951098646,1.0
0,0.4954611836020198,3.0
0,0.49298337119458896,6.0
1,0.49534976156688126,4.0
0,0.49446494938010155,6.0
1,0.49802704944640325,2.0
0,0.5002997110667137,2.0
0,0.49415237401977125,5.0
0,0.4890765716732852,2.0
0,0.4978983264457111,6.0
0,0.48936708879673885,3.0
0,0.496158792655314,5.0
0,0.4877288396352985,5.0
0,0.48819629342530707,3.0
0,0.4917575724793817,4.0
0,0.502481600410639,4.0
0,0.49411966865326784,1.0
0,0.4903485351641759,2.0
0,0.5002031707659191,1.0
1,0.5007597202352038,6.0
1,0.49986873159219564,6.0
1,0.4929554718379788,3.0
0,0.49238944801771617,5.0
1,0.5053729705569668,7.0
0,0.4081337057018611,7.0
0,0.4898083056939,5.0
0,0.4970061075803764,3.0
0,0.40949760368211374,7.0
0,0.49513532569964125,1.0
0,0.49191283642041794,3.0
0,0.4954457153085052,1.0
0,0.49387043938989167,4.0
0,0.493349490015543,2.0
0,0.49200219908539733,7.0
0,0.49418710466250726,4.0
0,0.4082725479089264,4.0
0,0.4906490747377117,2.0
0,0.4920794913763922,5.0
0,0.4884543993369676,1.0
1,0.4983982242658473,4.0
0,0.49182241825414,3.0
1,0.49875563728643607,4.0
0,0.4843141178685036,6.0
0,0.4792625448736001,6.0
0,0.49588912378695343,3.0
0,0.4911214495819644,5.0
0,0.48905563491858767,3.0
1,0.4861477153801858,3.0
0,0.48716503660615035,3.0
0,0.49278886129645105,2.0
0,0.48499153493641756,7.0
0,0.4888106899478013,1.0
0,0.48655218306278575,6.0
0,0.49011962784147567,4.0
0,0.48806634115148334,2.0
0,0.48643397358263163,7.0
0,0.49422410316161963,6.0
0,0.4895087324906812,1.0
0,0.4866320210502866,4.0
0,0.4926358406532896,4.0
0,0.48799007726614513,1.0
0,0.492675373566864,6.0
0,0.48715623040272577,5.0
0,0.48514965618993183,3.0
0,0.4062567871093904,2.0
0,0.49316736976850484,2.0
0,0.49625876704139266,1.0
0,0.48941131391551446,5.0
0,0.48197541703428803,4.0
0,0.48794610124106375,4.0
0,0.48521354586716436,3.0
0,0.49204998907358855,7.0
0,0.48919755929182973,2.0
0,0.4992767741346642,5.0
0,0.4906902454194407,2.0
1,0.5028466080110626,5.0
0,0.3358943954763623,3.0
0,0.483999130230732,4.0
0,0.49135350507856457,4.0
0,0.5032954401065781,3.0
0,0.39303340350587385,6.0
0,0.49262814435983837,4.0
0,0.4873682497943242,4.0
0,0.3916104884051492,6.0
1,0.4974694567783274,4.0
0,0.48389243042738905,5.0
0,0.488528827872722,7.0
0,0.48775368147782533,6.0
1,0.4903363543062436,2.0
0,0.49120867509539,1.0
0,0.4904820714717949,2.0
0,0.4934358360908546,2.0
0,0.4961035488837475,5.0
0,0.4879901856766972,1.0
0,0.4961136774863404,7.0
0,0.4974480913532229,6.0
0,0.490990619861596,3.0
0,0.4929029226307731,6.0
0,0.49637781967653843,2.0
0,0.4895221585874656,5.0
0,0.494408547218042,6.0
0,0.4919981475940782,5.0
0,0.49386844240874495,7.0
0,0.48767406934747254,2.0
0,0.4957342149530832,6.0
0,0.4974351980797154,7.0
0,0.496407349855942,4.0
0,0.48748180206993513,6.0
0,0.4957834698513291,7.0
0,0.5029454163589013,1.0
0,0.4915539379877252,4.0
0,0.49400027570475746,5.0
0,0.4833727103844896,5.0
0,0.4916388227799103,4.0
0,0.4956821526145372,7.0
1,0.5023339402820586,6.0
0,0.48904369756845445,7.0
0,0.4897213119258746,4.0
0,0.4912218857203511,5.0
0,0.4875259045131844,3.0
0,0.49354496146935867,2.0
0,0.49646895087842063,5.0
0,0.48617812644943664,2.0
0,0.49194973590832936,3.0
0,0.49588974790367124,7.0
0,0.4991345598845013,1.0
0,0.4965514039051434,1.0
0,0.4943297055893599,3.0
1,0.49870812511987767,1.0
0,0.48523861055772954,3.0
0,0.4920743663844022,3.0
0,0.4850185555319166,3.0
0,0.48764052854667544,6.0
0,0.49131188987803576,2.0
1,0.5039611609168954,7.0
1,0.5006715824620683,6.0
0,0.49776410348896216,3.0
0,0.48847307725372474,6.0
1,0.4988828326501597,6.0
0,0.4899542880767762,1.0
0,0.4917881636823948,7.0
0,0.4962070723714239,6.0
0,0.4920040180840931,3.0
0,0.48835704886220693,6.0
0,0.5022885609785036,7.0
1,0.5879381407418134,2.0
0,0.4906797985484739,7.0
0,0.49222293152040303,5.0
0,0.4954531273134293,1.0
0,0.4939771177558529,1.0
0,0.4930781431124547,6.0
0,0.489608945788066,4.0
0,0.4932021442595422,3.0
0,0.4900581800535367,1.0
0,0.48791340085807083,2.0
0,0.49008861838964735,7.0
0,0.49462905592773815,4.0
1,0.49598622071681564,2.0
0,0.48719955584831226,3.0
0,0.4873691401453134,7.0
0,0.4945517631644243,5.0
0,0.4919728330360955,4.0
0,0.4923420785661333,2.0
0,0.4903959650033074,6.0
0,0.4891343418055212,5.0
0,0.4888442259714411,6.0
0,0.48640908133229377,2.0
0,0.49289413270036453,4.0
0,0.4878892096471462,7.0
0,0.48700227030121795,3.0
0,0.4896872874730647,5.0
0,0.4973049843362252,7.0
0,0.493828437858389,7.0
1,0.49960182831838995,1.0
0,0.48706968135316736,5.0
0,0.49204893369507535,1.0
0,0.4963878830154609,7.0
0,0.4049523948007313,7.0
0,0.4868641731098503,6.0
0,0.496438744990694,6.0
1,0.5000356809671098,5.0
0,0.4973425865347854,4.0
0,0.49287719694282184,2.0
0,0.49356641422456954,7.0
0,0.4961205328043974,4.0
0,0.49375287990306177,4.0
0,0.4864509114446116,2.0
0,0.4942392973396555,1.0
0,0.5006787040835043,1.0
0,0.49776061813743194,6.0
0,0.4913575592188822,6.0
0,0.4911910455155871,2.0
0,0.48636781390042827,4.0
0,0.4924506523779545,4.0
0,0.4918916248692796,2.0
0,0.4972802071389644,7.0
0,0.4893531998330637,2.0
0,0.48948928058544205,2.0
0,0.48928776324985057,6.0
0,0.48650527550383915,3.0
0,0.49985101698802414,7.0
0,0.40306934374357006,1.0
0,0.5036850697335865,4.0
0,0.48942068077902917,4.0
1,0.4958691844951237,2.0
0,0.4914927587870347,4.0
0,0.4943263674957941,5.0
0,0.48763171370498826,2.0
0,0.4941648813038855,1.0
0,0.4956787726399892,7.0
0,0.4948242644010483,5.0
0,0.4942184012343113,4.0
0,0.4922159957628964,1.0
0,0.49539765393461754,1.0
0,0.4967156177800648,1.0
0,0.49257110915065877,6.0
1,0.4879095179496868,1.0
1,0.49510259176801735,4.0
0,0.49454157683593586,1.0
0,0.4951318684920781,7.0
0,0.4911953076231401,7.0
1,0.49989125532927325,4.0
0,0.49467687030106344,2.0
0,0.4841713888598647,2.0
0,0.49076802757083765,1.0
0,0.4832681101214502,1.0
0,0.48783132715807864,3.0
0,0.49401187159614074,7.0
0,0.4935611828487892,7.0
0,0.49363220525189005,2.0
0,0.4873546608582276,5.0
1,0.4980312901812881,6.0
0,0.48859692996967113,6.0
0,0.4888578248211971,1.0
0,0.49459907734716513,7.0
1,0.4978231044496377,3.0
0,0.4903421922813082,7.0
0,0.4939589037815926,4.0
1,0.4974920990462204,7.0
0,0.4894022237300829,1.0
1,0.4850727937600973,3.0
1,0.48982667249921735,3.0
0,0.4912468498279461,3.0
0,0.49571326614790717,2.0
0,0.4985561997095826,4.0
0,0.4911511220559472,5.0
0,0.4868065468668357,5.0
0,0.4910439862275748,3.0
0,0.4850797474254753,5.0
0,0.49315000961038563,2.0
0,0.48956645531721166,3.0
0,0.494101007375236,2.0
1,0.5495836206106753,7.0
0,0.48607038620421644,7.0
0,0.4899161092102406,2.0
0,0.4853660249113395,1.0
0,0.4915004899154526,4.0
0,0.4984530973493027,6.0
0,0.4874338185171225,6.0
0,0.4912960843868665,2.0
0,0.4917602140411915,1.0
0,0.49423472503765026,2.0
0,0.49130489026311785,2.0
0,0.49612219357336956,2.0
0,0.496439002689265,1.0
0,0.487367687463781,4.0
0,0.4935979659558985,1.0
0,0.49399030708639463,2.0
0,0.4884256757346074,5.0
0,0.49530775251606224,6.0
0,0.49723853320501016,5.0
0,0.49284372096252677,3.0
0,0.40411654483002324,7.0
0,0.49511033581185193,6.0
0,0.48916761755301386,7.0
0,0.4940886012175074,1.0
0,0.49389538765538304,1.0
0,0.49092373544748336,4.0
0,0.4935662258327859,1.0
0,0.4931129172075017,1.0
0,0.4917241117481944,1.0
0,0.5004468336094234,2.0
0,0.48679268214296406,5.0
0,0.49618648460480264,5.0
0,0.4933439513940299,6.0
0,0.48902397963571553,2.0
0,0.49757690195754023,5.0
0,0.490074779653036,5.0
0,0.4904576563299372,7.0
0,0.49508382845125015,1.0
0,0.48830938400284435,5.0
0,0.4926257154002414,1.0
0,0.49101633436456266,5.0
0,0.4956618017153301,1.0
0,0.4889323309807998,7.0
0,0.49050693186373534,4.0
0,0.49188411491583023,4.0
0,0.49240093862366346,2.0
0,0.4928201125453779,4.0
0,0.4917537586042063,4.0
0,0.48821550650844525,1.0
0,0.4899184014018885,1.0
0,0.48313868624853706,5.0
0,0.4956113961358304,4.0
1,0.48997069054543596,6.0
0,0.48740729356194606,5.0
0,0.49219505887042625,7.0
1,0.4976630060395047,2.0
0,0.49267307405690886,6.0
0,0.48372461763777447,2.0
0,0.48934570830794843,4.0
0,0.40121101322024366,7.0
0,0.484305973161629,2.0
0,0.4905547278735567,7.0
0,0.4896311898230208,4.0
0,0.4936935714949507,4.0
0,0.4940188720517632,7.0
1,0.49982695967023083,1.0
0,0.49372301111179684,2.0
0,0.4880865247769788,4.0
0,0.48314017847352153,2.0
0,0.48748483024307576,7.0
1,0.49082533457849503,4.0
0,0.4037465112125191,6.0
0,0.4883972449618551,3.0
0,0.4878977844372007,2.0
0,0.490201230780354,4.0
0,0.39820126536248573,7.0
0,0.4939724591765524,3.0
0,0.48543669477479495,5.0
1,0.49465686510981566,5.0
0,0.4925692458304173,1.0
0,0.4919463709204923,5.0
0,0.49034903947473063,1.0
0,0.49519662856244906,4.0
0,0.48491906146889574,7.0
0,0.4964551671472,6.0
0,0.4934124441046043,1.0
1,0.4987084778928618,6.0
0,0.4938551738128188,1.0
0,0.4899023316201809,4.0
0,0.4914141886453608,7.0
0,0.4016587174732587,6.0
0,0.4946553445189103,5.0
0,0.4841009824880995,1.0
0,0.4900843480724176,6.0
1,0.5010148992171272,6.0
0,0.4950487307599682,3.0
0,0.5021122962280413,4.0
0,0.4967970204532963,5.0
0,0.4902496641723436,1.0
0,0.48434549536482635,6.0
0,0.49379890432615753,1.0
0,0.49416506871237004,5.0
0,0.4903800959694287,4.0
0,0.49010262127639925,6.0
0,0.4896025480503912,1.0
0,0.4927145806338292,6.0
0,0.4919055993030296,7.0
0,0.4926137364347142,4.0
0,0.48486044048243365,5.0
0,0.4946373490038613,5.0
0,0.48961351934519626,1.0
0,0.48814775136922584,1.0
0,0.49550288364050166,1.0
0,0.4896296851887516,5.0
1,0.49571476585637025,6.0
0,0.48375228016432703,7.0
0,0.4906378304633533,5.0
0,0.49188202072450415,7.0
0,0.4909661292952863,6.0
0,0.4922258085478215,2.0
0,0.49584570501571584,6.0
0,0.4916356631626604,2.0
0,0.4869838248298796,5.0
0,0.4890573049486481,7.0
0,0.49375233285858544,4.0
0,0.5019008345596183,2.0
1,0.4944290147178363,1.0
0,0.49386917040028716,6.0
0,0.4931250610398268,3.0
0,0.4905367833777399,3.0
0,0.4875797606816465,5.0
0,0.4927722545000408,1.0
1,0.49384508946799605,3.0
1,0.5051707402031499,4.0
0,0.49885586512033997,1.0
1,0.5047734156114467,7.0
1,0.4940622715611704,6.0
0,0.4979317366789262,7.0
1,0.5052387207659087,1.0
0,0.49262387114623213,4.0
0,0.4919337552072277,6.0
0,0.48917510176456136,6.0
0,0.49512108904143437,7.0
1,0.50753477605984,1.0
0,0.4893891408008706,4.0
0,0.4931218877137592,5.0
0,0.49349255879132914,6.0
0,0.4980825123890887,4.0
0,0.4992652300184902,4.0
0,0.4868356325098862,7.0
0,0.4898663214754212,1.0
1,0.4957155257182823,6.0
0,0.40342754877492554,1.0
0,0.495846976909587,4.0
0,0.4902241244780019,1.0
0,0.4894107689484404,7.0
0,0.4869736730019458,7.0
0,0.4930640204771412,1.0
0,0.48064461188492535,1.0
0,0.487484034223164,7.0
0,0.488667468793251,1.0
0,0.486004082276094,2.0
0,0.4921388699484356,7.0
0,0.4935948541950753,2.0
0,0.49656444591273186,1.0
0,0.48899822449275987,4.0
1,0.4912882855017427,5.0
0,0.48882136775774404,3.0
0,0.4933410431617722,7.0
0,0.4953968487383527,7.0
0,0.4960127361030905,1.0
0,0.4048895654764071,3.0
0,0.4041826247886248,3.0
0,0.4072161905700478,2.0
0,0.5769810802624761,5.0
0,0.4944384742617268,1.0
0,0.4422617424605025,5.0
0,0.49065764513909077,7.0
0,0.4913556608597195,1.0
0,0.4961976022588934,6.0
0,0.4943665195289531,2.0
0,0.4931068455248739,7.0
0,0.4947084598340698,2.0
0,0.4133243311114363,2.0
0,0.3967194751890539,6.0
1,0.4930683437690487,5.0
1,0.4958990342175787,4.0
0,0.48710874462205594,3.0
0,0.49085780743300894,2.0
0,0.4958160055023105,2.0
0,0.49888567817921414,5.0
0,0.48624326823418906,6.0
0,0.4926546520348378,4.0
0,0.49351759080456925,1.0
0,0.4909695078668013,5.0
1,0.49548957805890903,5.0
0,0.4991058554684625,3.0
0,0.49408360555327413,7.0
0,0.49023831282146285,7.0
1,0.4914209709423046,1.0
0,0.4959320439692462,4.0
0,0.494203358468754,7.0
0,0.49037173094883185,4.0
0,0.49669576181954833,7.0
0,0.49130797044804236,5.0
0,0.40768338480073923,5.0
0,0.4886126899571011,5.0
0,0.49470842892260425,3.0
0,0.4892287190596573,7.0
0,0.48239369130463977,7.0
0,0.49153594921991844,2.0
0,0.4920619972166561,5.0
0,0.5003460739657957,7.0
0,0.49490856148034407,7.0
0,0.4858880695270951,6.0
0,0.49473123355296156,6.0
0,0.4907298912226842,7.0
1,0.49119827627582235,1.0
0,0.4920687272467231,5.0
0,0.4900697524856336,2.0
0,0.4888460590769506,4.0
1,0.502962130706252,2.0
0,0.4945955607258397,4.0
0,0.49644343051667844,4.0
0,0.4915575237093795,2.0
0,0.49433874636861075,3.0
0,0.49357984347176637,2.0
1,0.49334147971330583,3.0
1,0.4967846359406296,3.0
0,0.49414476257129497,2.0
1,0.4961683016092406,1.0
0,0.49434129951529393,6.0
1,0.49854733956895764,7.0
1,0.4981186539714162,5.0
1,0.5076090251270998,4.0
0,0.48771495145672267,1.0
1,0.48554894261175613,7.0
0,0.4906516834613021,5.0
0,0.48797092137982034,1.0
1,0.5028277139519592,4.0
0,0.48706697981529956,4.0
1,0.4993265672559179,1.0
1,0.5841274353967587,4.0
0,0.49053763612869633,5.0
0,0.4926503310680483,2.0
0,0.49250489561327815,4.0
0,0.48910636319014006,4.0
0,0.4915155583448093,4.0
0,0.49018126451380983,5.0
0,0.4902449889328381,3.0
1,0.49793159637364426,6.0
0,0.49231860227400526,2.0
0,0.4908585517354887,2.0
0,0.49500877339894467,5.0
0,0.40405584527745864,6.0
0,0.48644235165448935,2.0
0,0.5018631810281033,1.0
0,0.490647144924964,4.0
0,0.49206504098274195,2.0
0,0.4918732386702726,5.0
0,0.48693740494869486,1.0
0,0.49141785123714055,2.0
0,0.48943029640681757,2.0
0,0.4979943632667092,5.0
0,0.4064003963350935,3.0
0,0.48753091645336194,6.0
0,0.49312522103779227,1.0
0,0.49426150213720915,6.0
0,0.49556327797487953,5.0
0,0.4984709747793998,6.0
0,0.4955730028540656,2.0
0,0.4959198038243955,6.0
0,0.4913664270169612,7.0
0,0.4925912662798104,2.0
0,0.4906322600655793,6.0
1,0.4951519044396624,2.0
0,0.49830042659213547,5.0
0,0.48923507802155647,3.0
0,0.4956667016220115,4.0
1,0.49372619561458575,3.0
0,0.49569880203639777,2.0
0,0.4883010768814127,5.0
0,0.4972372561509377,7.0
0,0.5006803218744365,7.0
1,0.5011658354482574,7.0
0,0.4968918402707848,1.0
0,0.49167252745266793,3.0
0,0.4981112516136751,7.0
0,0.4890985102618658,3.0
1,0.4937122517308223,4.0
0,0.4883485581423996,5.0
0,0.4878835113108296,3.0
0,0.49756994967576584,7.0
0,0.49155150237058265,5.0
0,0.49113191331764816,4.0
0,0.48648470389286935,6.0
0,0.4854143591140572,5.0
1,0.4906439361900324,4.0
0,0.49184529208901645,6.0
0,0.4899448184690555,7.0
0,0.4854670311259528,6.0
0,0.4962657458377168,2.0
0,0.48756384131572733,1.0
0,0.48757697623912716,6.0
0,0.4906476385185091,6.0
0,0.4929659028681936,6.0
0,0.49384351419860967,7.0
1,0.5059613717690256,2.0
1,0.48904156801292725,1.0
0,0.4925803400117381,7.0
0,0.4916403623413045,7.0
0,0.4953773358913281,1.0
0,0.4889588201246773,7.0
0,0.4895747025906777,7.0
0,0.4923075646147038,7.0
0,0.49720483998959175,6.0
0,0.4920910081514985,7.0
0,0.4968259250104536,2.0
0,0.49471030565256324,3.0
1,0.4941425092265411,3.0
0,0.4974702168296865,6.0
0,0.4989973834106986,6.0
0,0.4981287857876444,3.0
0,0.499293346814734,4.0
0,0.4958033993088406,1.0
0,0.48961189708698233,6.0
0,0.4934322760641646,1.0
0,0.4885887764767554,6.0
0,0.4976642276663765,7.0
0,0.4871973326768048,2.0
0,0.48868962988434866,6.0
0,0.4912154233463018,7.0
0,0.4906084947296582,3.0
0,0.5004056733355368,5.0
0,0.49042926041340784,1.0
0,0.48228286086171096,3.0
0,0.48655444030593875,6.0
0,0.4868737943403429,5.0
0,0.40499541055016197,5.0
0,0.4915740162435003,2.0
0,0.49550214553429567,2.0
0,0.4996619544942288,4.0
0,0.5002325055941215,1.0
0,0.49359619768815416,6.0
0,0.4907191666805892,5.0
0,0.4003632715424663,1.0
0,0.4933419628443591,7.0
0,0.49256609451987104,7.0
1,0.4951424835651044,4.0
0,0.4920498371053882,7.0
0,0.4883488305252978,4.0
0,0.4832593415600872,2.0
0,0.4938719069306982,5.0
0,0.39834549070010455,2.0
0,0.49199760947467414,7.0
1,0.4964229702382875,2.0
0,0.48720886829692095,7.0
1,0.4916664806374971,4.0
0,0.48993961169181116,4.0
0,0.4860334417061846,3.0
0,0.49528706185551874,4.0
0,0.4901728587069162,1.0
0,0.49060240967284613,3.0
0,0.4955756963217813,6.0
1,0.48919271272428494,2.0
0,0.4907437817135675,1.0
0,0.4922900775124375,4.0
0,0.4928038633361315,6.0
0,0.48115945953291644,6.0
0,0.4970382326844927,2.0
0,0.4894200643399562,2.0
0,0.4885888666330705,2.0
0,0.49385190267317075,6.0
0,0.48766841141165485,1.0
1,0.4960375002458979,3.0
0,0.4918063611972716,2.0
0,0.49009358028716515,2.0
1,0.505178410439394,6.0
0,0.50142563193078,3.0
0,0.49382222325226105,5.0
0,0.48260146639083534,3.0
0,0.4916363751490756,4.0
0,0.49380523066130755,4.0
0,0.48556887844687924,1.0
0,0.487465364295099,1.0
0,0.49231480551384343,6.0
0,0.4886954618693008,6.0
0,0.41278583574678757,1.0
0,0.40546784869234603,5.0
0,0.4975777409164542,2.0
0,0.4101785276189869,3.0
0,0.4930786216124886,4.0
1,0.49258485400059226,4.0
0,0.4946776530660081,5.0
0,0.49621272747636047,1.0
0,0.4875322486426603,2.0
0,0.49594224834148015,3.0
0,0.49448474653221286,7.0
0,0.49423039181527484,4.0
0,0.49755412489591067,1.0
0,0.4968503546333157,5.0
0,0.4951108773039671,2.0
0,0.4890073158706509,1.0
0,0.49267344587640205,2.0
0,0.4892727034790163,5.0
0,0.49030456879097234,6.0
1,0.4966766501930906,6.0
0,0.4909575972966493,7.0
0,0.4866496231585506,6.0
0,0.41091834583944614,3.0
0,0.40666435775053883,4.0
0,0.4892107763277698,5.0
0,0.4891466981462544,6.0
0,0.49528144323036166,2.0
0,0.4968716966262598,2.0
0,0.4886121820658268,2.0
0,0.4928339277849513,1.0
0,0.4939256390879109,2.0
0,0.4889853109044673,2.0
0,0.48710305075655236,1.0
0,0.4928294709188838,3.0
0,0.4918488299476712,2.0
0,0.495603197730265,3.0
0,0.488954859666183,1.0
0,0.49006403134193766,4.0
0,0.49448447567038706,6.0
0,0.490856837440371,4.0
1,0.4070059512764126,5.0
0,0.4961404334555416,7.0
0,0.49701314549715164,6.0
0,0.49688562174423057,2.0
0,0.4900194110115313,3.0
0,0.49330105699874843,7.0
0,0.49164822355925786,5.0
0,0.4891726372279987,4.0
0,0.49348087699157334,4.0
0,0.49164603329006984,6.0
0,0.49179192222569024,7.0
0,0.4926368050151749,5.0
0,0.49726463170014545,4.0
1,0.4999424183639222,3.0
1,0.49135262300926347,6.0
0,0.49702336317656914,6.0
0,0.495719749354008,5.0
0,0.49070016579796627,5.0
0,0.495510907803101,1.0
0,0.49529845043325127,6.0
0,0.4899405172420854,2.0
0,0.48894316512049746,4.0
0,0.4933892144903637,6.0
0,0.4910382510956885,1.0
0,0.48665363179477134,3.0
0,0.4963901896776346,7.0
0,0.4919522814684459,7.0
0,0.4927803116401608,3.0
0,0.49262578217858083,2.0
0,0.49440245621609186,1.0
0,0.49040225255112874,1.0
0,0.4918425521631384,5.0
0,0.49173083325968114,2.0
0,0.4951762860467783,6.0
0,0.49372519709517776,4.0
0,0.49313030141717146,3.0
0,0.49016316021927414,5.0
0,0.49248819062507165,2.0
0,0.48725105193998713,6.0
0,0.4988364879927379,2.0
0,0.49152224655746213,7.0
0,0.4911569309204284,3.0
0,0.4878556925133685,6.0
0,0.5028615604950077,2.0
0,0.4939040246566146,4.0
0,0.4874934792922145,1.0
0,0.49784583906167257,6.0
1,0.49181443161379307,5.0
0,0.5048770523204671,4.0
0,0.4981188355688808,4.0
0,0.48854182191184325,6.0
0,0.49590168656472877,5.0
0,0.32767178186002305,7.0
0,0.4911878361272562,3.0
0,0.4857536858922284,4.0
0,0.4867820497944806,4.0
0,0.48991533249530717,3.0
0,0.4915134275154969,2.0
0,0.49616122759297043,7.0
0,0.48787947806948917,5.0
0,0.48953659158175145,5.0
0,0.49374766219223737,5.0
0,0.483584119993667,5.0
0,0.3921865588897002,6.0
0,0.49492440120025366,6.0
0,0.48728496412206196,3.0
0,0.492587313437838,4.0
0,0.48825620194564884,2.0
0,0.49231024288884895,4.0
0,0.49682620361376056,5.0
0,0.4911696593041358,7.0
0,0.4887240242541738,1.0
0,0.49670990777422036,7.0
1,0.49363058204711546,6.0
0,0.4878918702748003,2.0
0,0.48516298082752524,4.0
1,0.4956631363484334,7.0
0,0.49709196022956725,6.0
0,0.4869556950113744,2.0
0,0.4962021464629376,2.0
0,0.49208320303790254,5.0
0,0.4868541340605737,1.0
1,0.500481643850741,7.0
0,0.4936752307122818,4.0
0,0.49265887564198546,4.0
0,0.4864768647022599,2.0
0,0.4985171615211338,6.0
0,0.48948866240399314,4.0
0,0.48476955622941126,7.0
0,0.4865580448863879,6.0
0,0.500079987030898,2.0
0,0.4859116876706741,5.0
0,0.48449526219816247,6.0
0,0.4851712029088037,1.0
0,0.48628378734275723,7.0
0,0.48886894926054414,5.0
0,0.49329403971749086,1.0
0,0.4948878884535194,2.0
0,0.49093589633276774,3.0
0,0.5033979553332195,1.0
0,0.4863133838251851,4.0
0,0.48835445477151923,2.0
0,0.4114581813147221,1.0
0,0.485134073973718,2.0
0,0.5012503102121239,7.0
0,0.49623349148572743,2.0
0,0.4889552584247537,4.0
0,0.48965898376259337,2.0
0,0.49612266101742913,7.0
0,0.49247132055971155,3.0
0,0.49065400104924045,1.0
0,0.49413461967831246,2.0
1,0.5018006207776611,1.0
1,0.502895848654366,2.0
0,0.4952833028236065,6.0
0,0.49125377957033417,7.0
0,0.4971851606130159,5.0
1,0.5824114984480729,1.0
0,0.32783516963451637,7.0
0,0.48816301851253135,7.0
0,0.49268567870203783,5.0
0,0.4930364672933903,6.0
0,0.49593350718135754,6.0
0,0.40354369081303526,5.0
0,0.49349237385336475,7.0
0,0.4970221526289992,1.0
0,0.4897021529430571,1.0
0,0.4836869114040201,6.0
0,0.4873431438598342,2.0
0,0.49573023352565865,5.0
0,0.4943683092057735,2.0
0,0.4913194072443616,4.0
0,0.49330627764960727,6.0
0,0.49233785049052137,1.0
1,0.49216106834963164,5.0
0,0.4945753394742977,1.0
0,0.4879706521352077,1.0
0,0.49084748830269814,3.0
0,0.49445276175447406,2.0
0,0.49394037639283966,1.0
1,0.4958844453684273,4.0
0,0.49468380221731234,5.0
0,0.49173461787098394,3.0
0,0.49364057241576936,5.0
0,0.4935234816964585,2.0
0,0.4959505805744929,5.0
0,0.4970600442951274,4.0
0,0.494063994301729,4.0
0,0.49945590886920327,4.0
0,0.496181987577153,6.0
0,0.4902608305798062,6.0
0,0.4929013825486833,7.0
0,0.4964366930818144,5.0
0,0.4943857048768398,5.0
0,0.4995848760637635,3.0
0,0.49181305238934186,3.0
0,0.48918733532811914,7.0
0,0.4877505244653421,5.0
0,0.4917742736652558,7.0
0,0.4916078455351917,6.0
0,0.4894234695556452,1.0
0,0.491289776364635,3.0
0,0.4895632591217416,5.0
0,0.48937960569892336,5.0
0,0.48964926808112397,3.0
0,0.4916622814131952,6.0
1,0.49965244670624737,5.0
0,0.49716164236600097,3.0
0,0.48909033807663244,4.0
0,0.49059837346146096,3.0
0,0.49090466596476484,3.0
1,0.4965134763678732,5.0
1,0.49848171492282656,3.0
0,0.49529804624074786,1.0
0,0.496381762175949,4.0
0,0.4937257509341549,2.0
0,0.49805326257423577,5.0
0,0.5013580321234375,4.0
0,0.49366137178924285,1.0
0,0.49911280510867256,4.0
0,0.49591296828081305,6.0
0,0.49471896341676336,1.0
0,0.4917288079275996,4.0
0,0.4893864769717422,1.0
0,0.49193144196372196,1.0
0,0.4896145773693308,3.0
0,0.49681825560717796,6.0
0,0.5001954024462603,7.0
0,0.4057289815207249,5.0
0,0.493891979995688,1.0
0,0.4993684920006982,2.0
0,0.4977414898763815,1.0
1,0.49173733893439237,2.0
1,0.4925294888258282,3.0
0,0.4911404111932164,3.0
0,0.48669336865056784,3.0
0,0.49644270219184555,3.0
0,0.4929566384972324,2.0
0,0.4900054054321508,3.0
1,0.49727053004262994,7.0
0,0.4942166597028764,4.0
0,0.4919512134535859,6.0
1,0.5020559348069665,7.0
0,0.4901708551057145,7.0
0,0.4998363875054248,6.0
0,0.5015160238505545,3.0
1,0.4943634490571738,2.0
0,0.4921844177543271,6.0
0,0.49897763721936617,6.0
0,0.4893535524417838,6.0
0,0.4922176738368166,5.0
0,0.48693368399101455,6.0
0,0.48847402502154286,5.0
0,0.48995841749720165,5.0
1,0.49573499413294936,2.0
0,0.49520874423126776,3.0
1,0.49809501210777596,7.0
0,0.49442194396578787,3.0
1,0.49465283238073765,7.0
0,0.48656362212686305,3.0
0,0.4941347676252203,4.0
0,0.4904031169799477,6.0
0,0.4891918607873832,5.0
0,0.4879409280955954,3.0
0,0.4946379296395899,4.0
1,0.49132397595862815,6.0
0,0.488426705071996,6.0
0,0.4922475013242586,5.0
0,0.48933000103524915,4.0
0,0.49059073953804544,6.0
0,0.4882619931265539,1.0
0,0.4991612824977547,3.0
0,0.4907165278643721,5.0
0,0.4961494633882695,1.0
1,0.497693914072588,4.0
0,0.48945432145688833,1.0
0,0.49737198339230254,5.0
0,0.49328524681826214,4.0
0,0.4925167101144647,4.0
0,0.49344800169331526,7.0
0,0.4926583036523151,3.0
0,0.4943223463657652,1.0
0,0.4897828625363194,4.0
0,0.49217061996770406,7.0
0,0.49250087885101,6.0
0,0.4940728929759162,3.0
0,0.48791079141646093,3.0
0,0.49278014905178197,7.0
0,0.4897892201880317,7.0
0,0.4927452678553428,1.0
0,0.49005566164748143,5.0
0,0.4931208367916395,6.0
0,0.4960180430181113,3.0
0,0.4898646047251355,6.0
0,0.49231546526777636,4.0
1,0.49817639499121796,2.0
0,0.507164316085089,7.0
0,0.5004966158178996,1.0
1,0.49517930832506774,7.0
0,0.49623284145485735,7.0
0,0.48803730603741285,4.0
0,0.4846932259115611,6.0
0,0.40350775095045327,4.0
0,0.4969393844340392,7.0
0,0.4861781812362412,7.0
0,0.4920870383303019,3.0
0,0.49049380795729786,4.0
0,0.49028710977839046,7.0
1,0.4900246047216195,7.0
1,0.4933158877612632,4.0
0,0.4893551261084795,6.0
0,0.49075440644322366,1.0
0,0.4944636015746035,6.0
0,0.4921626486666543,3.0
0,0.48853318265573703,4.0
0,0.4866928861380793,5.0
0,0.49106690712591505,2.0
0,0.49200386159172166,4.0
0,0.49653002240370514,6.0
1,0.5922184658654369,2.0
0,0.49532036200476026,3.0
0,0.5091139371469353,6.0
0,0.4901358125937459,1.0
0,0.49159965925978405,6.0
0,0.4901500375199291,3.0
0,0.49304705945168864,1.0
0,0.48980131695706136,2.0
0,0.4888936761121759,1.0
0,0.4929000177540958,6.0
0,0.4900642482718733,5.0
0,0.499974012964818,4.0
0,0.49539435686365746,2.0
0,0.49045011666296473,3.0
0,0.4931496899782771,6.0
0,0.492991926118013,3.0
0,0.4944669022469703,6.0
0,0.4884316768880234,6.0
0,0.49744054803381843,5.0
1,0.49771300633995386,6.0
0,0.492722771315749,6.0
0,0.4935519922377734,1.0
1,0.4935858942710943,6.0
0,0.4848997411445833,3.0
0,0.48822122818904146,5.0
0,0.499866584176407,2.0
1,0.4095431693279078,7.0
0,0.48728287903235795,6.0
0,0.48669532424000667,2.0
1,0.48683377479402656,2.0
0,0.48858071730331026,1.0
0,0.490103490383803,3.0
0,0.4913492951597376,2.0
1,0.49529553221422995,1.0
0,0.4935699719795825,4.0
0,0.4925645291341587,4.0
0,0.4919638907631186,5.0
0,0.4942967201688081,3.0
0,0.4874661641475199,1.0
0,0.4935711728653118,6.0
1,0.4948263541136168,4.0
0,0.49444044680098537,2.0
0,0.49726663028628526,7.0
0,0.49024160393791677,2.0
0,0.49325868589018784,4.0
0,0.48523269089770743,5.0
0,0.4941038647183385,2.0
0,0.4863140722207444,4.0
0,0.48987667596127726,5.0
0,0.4905237616631973,3.0
0,0.4887846422790291,3.0
0,0.48880975222684414,3.0
0,0.49109300082226254,6.0
0,0.4896202103220336,6.0
0,0.49259607915986686,1.0
0,0.48526968597186354,2.0
0,0.49171881620933877,7.0
0,0.48903224991496874,7.0
1,0.5020369311461951,5.0
0,0.4952698988316607,6.0
1,0.49121121374890137,5.0
1,0.4926472454576331,1.0
0,0.48766745416902646,2.0
0,0.48969070596161507,2.0
0,0.49097342336506955,3.0
0,0.4939972307748612,5.0
1,0.4977910354847788,5.0
0,0.4920960025043631,2.0
0,0.4892435797760435,1.0
0,0.49771577789291005,4.0
0,0.4961600119273917,1.0
0,0.4934359564322185,6.0
0,0.49781014453338396,6.0
1,0.49932486849545155,2.0
0,0.4909927660349512,5.0
0,0.49212603930096166,2.0
0,0.4935551474066524,4.0
0,0.4034819442057529,7.0
0,0.4901425262649093,6.0
0,0.4880215689293307,1.0
0,0.49156521338455805,2.0
0,0.49690483873163804,3.0
0,0.48879594747993926,3.0
1,0.49794461151576663,2.0
0,0.4900268555802521,7.0
0,0.49030436292953533,4.0
1,0.4940611736707835,3.0
0,0.49173689569796813,5.0
1,0.49229621124202994,5.0
0,0.497681532243888,6.0
0,0.4925883049981422,1.0
0,0.49922319706113516,3.0
1,0.4981671067452422,5.0
0,0.5002632848175227,3.0
0,0.48727602703013045,1.0
0,0.49380117879693236,3.0
0,0.49244846656992897,6.0
0,0.4938521113425529,2.0
0,0.49152431386699214,1.0
0,0.4914562304642475,7.0
0,0.49355192627375977,2.0
0,0.4919846428196911,6.0
0,0.5041893837202848,3.0
1,0.5009384292032557,5.0
0,0.4986984486445345,4.0
0,0.4929488230639468,2.0
0,0.4894759979979229,1.0
0,0.4959831899820035,6.0
0,0.4917224138729218,4.0
1,0.5018274421563036,2.0
0,0.4827797234283743,5.0
0,0.4912144452695582,7.0
0,0.4922996050119248,6.0
0,0.4895198972432663,4.0
0,0.496824322610276,3.0
0,0.4923243441948677,4.0
0,0.4912970473117278,3.0
0,0.4849471613784654,6.0
0,0.4906187866308505,4.0
0,0.4962824357998825,7.0
1,0.4950988694961613,6.0
0,0.49294246330188585,4.0
0,0.49546486145370894,1.0
0,0.48923335261494405,3.0
0,0.49233092784018007,5.0
0,0.49577257562644456,5.0
0,0.49182485775853174,6.0
0,0.48652371007554257,1.0
1,0.49285894140250447,6.0
0,0.49378558955699087,1.0
0,0.48776401193364644,5.0
0,0.4909876322526276,7.0
0,0.48623618795861356,7.0
0,0.4913602453210995,7.0
0,0.4962536280216512,5.0
0,0.48263406783513146,6.0
0,0.49100764802612756,2.0
0,0.4984832910352619,7.0
0,0.48475000030509063,2.0
0,0.4925584412385294,5.0
0,0.49163734570717094,1.0
0,0.4970832611060986,3.0
0,0.4877663164726166,5.0
0,0.49256229205045765,7.0
0,0.48714839182009745,5.0
1,0.49375364150878176,4.0
0,0.4929905834982699,7.0
0,0.49394306085162354,5.0
0,0.4949490718102051,4.0
1,0.49460656222452026,1.0
1,0.49468925107985223,7.0
0,0.4912481388970508,5.0
0,0.5000902419400798,3.0
0,0.48856365757063935,5.0
0,0.49090949162254993,5.0
0,0.48852262919973105,5.0
0,0.4846417320531986,7.0
0,0.4936447410704279,3.0
0,0.495207712307355,1.0
0,0.4947413896547964,6.0
0,0.5075703540585705,4.0
0,0.4989329069845706,2.0
1,0.49094386102090143,2.0
0,0.49558383808198103,2.0
0,0.501477798252155,5.0
1,0.49168915139167574,7.0
0,0.4926615857270988,5.0
0,0.4968098729242665,6.0
0,0.49202954471085536,2.0
0,0.4866852577342603,7.0
0,0.496050638853556,2.0
0,0.49334412416836027,6.0
0,0.4894178729707459,3.0
0,0.4063159051465445,1.0
0,0.492664536833303,2.0
0,0.4913785727667124,5.0
1,0.4992857120748575,3.0
0,0.498761108319603,6.0
0,0.4916532778426675,1.0
1,0.4928460602775421,3.0
0,0.49364549434340005,3.0
0,0.4881689005238872,6.0
1,0.5048408779082447,7.0
0,0.4926254252802921,7.0
0,0.4899061497033185,7.0
0,0.49062383064093784,4.0
0,0.4876747072914893,5.0
0,0.4933250010499852,2.0
0,0.49054587318880416,4.0
0,0.4901552947198947,7.0
0,0.4950098697650148,1.0
0,0.49183391719978586,7.0
0,0.4953036189509137,7.0
0,0.4860875701301063,5.0
0,0.4959027006985728,6.0
0,0.4880441581547103,2.0
0,0.49141985544163314,6.0
0,0.49481034675014557,3.0
0,0.48737117022847193,4.0
0,0.49354400142231897,7.0
0,0.4958594773431012,2.0
0,0.40141156026268093,2.0
0,0.49435501815516064,5.0
0,0.49586179838598193,6.0
0,0.4894067187354284,3.0
1,0.49429670148220756,7.0
0,0.49364359417821185,4.0
0,0.4909750596358243,6.0
0,0.49364306043222955,3.0
1,0.5020903100852385,3.0
1,0.4926342130386904,1.0
0,0.492092903342614,6.0
0,0.48905445438287737,5.0
0,0.4942390804796153,4.0
0,0.4983909526778822,2.0
0,0.495587264946574,6.0
1,0.49820289977826104,1.0
0,0.4951265106924066,7.0
0,0.48971003526500767,6.0
0,0.4900733779394173,7.0
0,0.49617366932398393,3.0
0,0.4954620213070687,5.0
1,0.5041624108629076,2.0
0,0.4900682959893034,3.0
0,0.49413434481823115,3.0
0,0.49967170744542255,5.0
1,0.49365889336086716,6.0
1,0.4895236610953246,5.0
0,0.4843900485897309,2.0
0,0.4914966624356917,4.0
0,0.4903085038432201,2.0
0,0.4897005206189747,5.0
0,0.4925365311189249,1.0
0,0.4848265310901598,1.0
0,0.49845725305987176,6.0
0,0.49115190765795724,1.0
0,0.4894095806682093,5.0
0,0.4972401989403073,4.0
0,0.48538508468583313,5.0
1,0.4904177275771684,1.0
0,0.4953930076120544,5.0
0,0.4839128441637719,6.0
0,0.49691424562818215,6.0
0,0.49034934898260013,5.0
0,0.4872110336560446,6.0
0,0.4925360448619665,1.0
0,0.4934940423903308,5.0
0,0.49807671327747277,1.0
0,0.49228914652937333,6.0
0,0.4961560137962442,4.0
0,0.4928237061499262,7.0
1,0.48944237631689047,6.0
0,0.4895003413840212,2.0
0,0.49311742104770634,7.0
0,0.49846880673052507,4.0
0,0.4902711348436973,5.0
0,0.4949088496147914,1.0
0,0.49662254254995314,7.0
0,0.49208767264924697,7.0
1,0.502444563420343,4.0
0,0.4826695193048697,5.0
0,0.49656454299267966,3.0
0,0.4945658251127298,7.0
0,0.48928394386647434,5.0
0,0.48249348506507955,6.0
0,0.491807660858721,3.0
0,0.502441427851401,5.0
0,0.498517308733868,7.0
0,0.49546415953689865,7.0
0,0.49915905716176023,2.0
0,0.48953485263112384,2.0
0,0.493657463723902,5.0
0,0.4945841034273295,3.0
0,0.4884643888438185,6.0
0,0.4882754066532072,4.0
0,0.48980935634089107,5.0
0,0.4926771745948061,6.0
0,0.48990782489652485,2.0
0,0.4888580663439726,4.0
0,0.49043089183619365,7.0
0,0.4899829550687462,4.0
0,0.48335240037568417,2.0
0,0.4957374964631614,5.0
0,0.4977036131400724,6.0
0,0.4918313206764188,3.0
0,0.4997403006213891,2.0
0,0.4928279921133728,2.0
0,0.4962198901419082,7.0
1,0.49745335420869596,6.0
0,0.4970053046912466,3.0
0,0.48999697767952344,7.0
0,0.4924910387972039,4.0
0,0.48817018430850484,7.0
1,0.49846034010067886,1.0
1,0.49944158572828484,6.0
1,0.49756937299285864,6.0
0,0.489949156091062,2.0
0,0.4940356801102002,7.0
0,0.4865766739635489,5.0
0,0.4876676933152141,5.0
0,0.4926036618891867,3.0
0,0.4943703991079725,5.0
0,0.4955729530680574,4.0
0,0.493124980750248,7.0
1,0.4916050522403827,1.0
0,0.4871453712191429,5.0
0,0.49062072920003325,7.0
0,0.49448234192870255,4.0
0,0.49404691549811636,3.0
0,0.4934367295189045,5.0
0,0.4923643854560835,2.0
0,0.4980220047164926,5.0
0,0.49251183070828936,6.0
0,0.49236317779849526,7.0
0,0.49240594790815095,4.0
1,0.4977973788725428,4.0
1,0.5033052359576916,2.0
0,0.501823411202552,2.0
0,0.49104722102621773,2.0
0,0.49097841924108016,7.0
0,0.49425441020240946,2.0
0,0.4927157092678574,6.0
0,0.495809966966576,4.0
0,0.4947386152048948,2.0
0,0.4923712567567211,4.0
1,0.49597561236005505,1.0
0,0.49012475244745185,5.0
0,0.49771112378809745,4.0
1,0.49399935996995775,7.0
0,0.4905649499187809,4.0
0,0.49165839013553575,6.0
0,0.49427633721940806,1.0
1,0.49722784329586983,6.0
0,0.48921892297146197,6.0
0,0.48825170830819065,4.0
0,0.5015371047058629,7.0
0,0.49230601439554017,2.0
0,0.48699787959425417,6.0
0,0.4947460904070864,7.0
0,0.4891922612896017,5.0
0,0.49274297146908463,1.0
0,0.491296059842529,6.0
0,0.49595697222490537,7.0
0,0.4920690452823132,6.0
0,0.4901309757158932,3.0
0,0.49340104288626163,4.0
0,0.4913198812324413,4.0
0,0.4913060795253065,2.0
0,0.4935695009956387,1.0
0,0.4876227444964723,2.0
1,0.5046129595222759,4.0
0,0.4890788774166011,7.0
0,0.49226012947563624,7.0
0,0.49445214760875295,4.0
0,0.49361247779032436,2.0
0,0.4942796373161643,2.0
1,0.49755392310614244,7.0
0,0.48636499022117036,3.0
1,0.49877517373402547,3.0
0,0.49283150606839826,6.0
0,0.4901609146977208,4.0
0,0.4881483422617742,7.0
0,0.4952184276881659,2.0
0,0.48717710192309094,5.0
0,0.49061286664348647,4.0
0,0.49431244572570743,4.0
1,0.5030074823728191,2.0
0,0.4944520079544925,7.0
1,0.4915467453190215,6.0
0,0.4899876971111582,7.0
1,0.5023667310366756,5.0
0,0.49453264740693215,7.0
0,0.49116054351119864,3.0
0,0.4881903903511476,3.0
0,0.4938727481043757,4.0
0,0.4895726715919977,6.0
0,0.48596601862622135,2.0
0,0.5013422631321861,5.0
0,0.49037568737420545,1.0
0,0.4053025745066797,4.0
0,0.4948444155134499,1.0
0,0.399742447215065,6.0
0,0.4891192747412158,3.0
0,0.4997102623139458,2.0
0,0.48923173362864686,3.0
0,0.4843913922625622,7.0
0,0.4888899260641376,3.0
0,0.48740903561026566,5.0
0,0.4114206297376645,3.0
0,0.48845702786998835,4.0
0,0.4971192581699244,2.0
0,0.4937647537565425,3.0
0,0.4031050608488809,7.0
0,0.49208144014507305,1.0
0,0.4895673168189447,2.0
0,0.4929986295674404,4.0
0,0.4963476824432587,3.0
0,0.49612899850689796,6.0
0,0.49323989370217375,4.0
0,0.48963019082813103,7.0
0,0.4916803054148962,6.0
0,0.5067549920500164,5.0
0,0.49679577247866724,4.0
0,0.4921928779258343,7.0
0,0.3164547169941471,4.0
0,0.4842000332443049,1.0
0,0.492042596305289,6.0
0,0.48390935786102907,5.0
0,0.491974875800034,4.0
0,0.4944992385942826,3.0
0,0.4945252291058717,5.0
0,0.4893023283871783,5.0
0,0.4929599400321999,4.0
0,0.49489220881881757,4.0
0,0.48938371199640646,3.0
0,0.4912959016132109,4.0
0,0.496573149298396,4.0
0,0.4962570682179961,3.0
0,0.49538450304941795,1.0
0,0.49729951898666225,1.0
0,0.49679024773496067,5.0
0,0.4952426070297455,1.0
0,0.49091135234826994,2.0
0,0.4954601441089133,5.0
0,0.4843201709240003,4.0
0,0.48805570756719646,1.0
1,0.4910433620914037,1.0
0,0.48882074900257266,4.0
0,0.49319141079605094,2.0
0,0.4948301348336779,2.0
0,0.4951052063427404,2.0
0,0.49125260622754213,6.0
0,0.4896038642674666,4.0
0,0.4943531118985815,3.0
0,0.48999800903727214,7.0
0,0.49546016732275483,6.0
0,0.4922849867957947,4.0
0,0.4909225263751638,2.0
0,0.4927840949445643,3.0
0,0.48938602300679446,2.0
0,0.49043980695052375,4.0
0,0.490381548462856,2.0
0,0.4909422109754106,1.0
0,0.4937635019206711,6.0
0,0.49643496061665965,1.0
0,0.4895826748635764,6.0
0,0.49682440474396544,6.0
0,0.49134368794484007,2.0
0,0.4841958984617796,2.0
0,0.48601132755016885,4.0
0,0.4862322162368037,6.0
0,0.4939089595558208,4.0
0,0.48536122117488467,2.0
1,0.501419441375653,7.0
0,0.49300539037821217,5.0
0,0.49366742669782876,1.0
1,0.5000369867907457,2.0
0,0.48781868195186223,1.0
0,0.4920496646770614,5.0
1,0.5025806200456298,4.0
0,0.49558717767473554,1.0
