ProdTaken,catboost_prediction,fold
1,0.5395848579595041,4.0
0,0.1466013015393541,5.0
1,0.11527990719688795,7.0
0,0.07342136358064627,4.0
1,0.4414736555885932,2.0
0,0.6136888462110774,7.0
0,0.2750694319068097,5.0
0,0.256519781452261,5.0
1,0.5633989830913763,3.0
0,0.16952032348855237,4.0
0,0.03120943238265203,1.0
0,0.05381459821329549,2.0
0,0.06961094284359585,3.0
0,0.04658678736591771,5.0
1,0.32257407684870165,6.0
1,0.41389730075563397,4.0
1,0.692782852499288,7.0
1,0.06159178888035647,4.0
0,0.2034556910072463,1.0
0,0.34948400147568043,7.0
0,0.01964171635740104,6.0
0,0.2076645144831953,5.0
1,0.2299402538751632,1.0
0,0.11911155685042114,5.0
0,0.2803738077803975,4.0
0,0.07120799126246984,5.0
0,0.07922498687196615,5.0
0,0.04189302536391037,7.0
0,0.019004285230096923,2.0
1,0.7211454883358809,4.0
0,0.14775241841917955,5.0
0,0.15589679351129143,7.0
0,0.19534755530449707,4.0
0,0.23285458694746689,3.0
0,0.6330792050336604,6.0
1,0.8357549533448178,1.0
0,0.20061856206611678,5.0
0,0.026479777919203005,6.0
0,0.03259400906592749,4.0
0,0.024838879033097838,6.0
1,0.15106534355321447,5.0
1,0.3976932902544413,7.0
0,0.08220134708568937,1.0
0,0.2632843187670448,4.0
0,0.03299795677288702,5.0
0,0.038056592103840964,1.0
0,0.10590632713656636,1.0
0,0.06842653313748086,7.0
1,0.09827078864128426,4.0
0,0.13305979241304391,2.0
0,0.24394768238481018,1.0
0,0.049407663717174505,2.0
0,0.026910369902333423,3.0
0,0.08396020819265988,6.0
0,0.007731485131420767,6.0
0,0.04293990636395073,2.0
0,0.3391127061581533,1.0
1,0.1987483569129674,4.0
0,0.0922700818286294,5.0
1,0.8704464761125332,5.0
0,0.27149369610591956,6.0
1,0.7915380649158442,3.0
0,0.0786728746422879,2.0
0,0.08354505394356204,1.0
0,0.06203671812144963,7.0
0,0.02563615770292136,6.0
0,0.05468636299304833,3.0
0,0.04209377134459539,4.0
0,0.49876286904546535,1.0
0,0.28571585381287073,1.0
1,0.22905839558352672,3.0
0,0.02544406256749001,6.0
0,0.04300289324957274,5.0
0,0.25862545584060426,2.0
1,0.4153889917847336,4.0
0,0.23887478335068715,1.0
0,0.09047242334667335,6.0
0,0.20036664580738156,4.0
0,0.1041879886689765,4.0
0,0.037245504917932985,4.0
0,0.07059764113150149,7.0
0,0.07416713808241059,2.0
0,0.02527246273653733,3.0
0,0.013198959558154854,2.0
1,0.635139116233857,5.0
0,0.3273261591791315,1.0
1,0.5748677913498164,5.0
0,0.05318594565919861,2.0
0,0.26923310193815997,6.0
0,0.24990449048236557,7.0
1,0.5943824972718024,3.0
0,0.6195568538248244,2.0
0,0.3186778704774371,7.0
0,0.2455693004616648,2.0
0,0.339473381769427,6.0
0,0.037541548837164554,5.0
1,0.10934327561376789,5.0
1,0.2826434785066736,4.0
1,0.42411497983091845,2.0
0,0.22080581169642413,2.0
1,0.5500197340831557,4.0
1,0.9052764247212145,6.0
1,0.4253221030047477,4.0
1,0.37855627613168247,2.0
1,0.49025264566554655,5.0
0,0.17767594123796246,1.0
0,0.11788381275067557,2.0
1,0.31969894853573916,5.0
1,0.8688707230396477,4.0
0,0.024297945742487708,4.0
0,0.4414293669105956,7.0
1,0.23091917046031568,5.0
0,0.030563692345853162,2.0
0,0.08210457167333389,2.0
0,0.039109521334335144,1.0
0,0.049440813533797874,5.0
0,0.0288593269437684,5.0
0,0.09451884561121274,6.0
0,0.09563539011226782,7.0
0,0.3347864676388056,6.0
0,0.5575408102041218,4.0
1,0.44142049142375656,2.0
0,0.3418105226372335,1.0
0,0.3514293017853409,1.0
1,0.8986849927668329,7.0
0,0.26114370296579825,6.0
0,0.2445080373343127,3.0
0,0.176311098762511,3.0
1,0.16588697490741522,3.0
0,0.06496317013007946,5.0
0,0.12404618864205245,4.0
0,0.029110064774448448,4.0
1,0.3938159999828958,5.0
0,0.06116645065118682,4.0
0,0.097026524443267,2.0
0,0.04806744613103403,4.0
0,0.08088699549708475,6.0
0,0.1258010208321992,5.0
0,0.39066882075740217,1.0
0,0.2509540866396784,3.0
0,0.025196635919213863,7.0
0,0.018162253447657182,3.0
0,0.24592513018925793,5.0
0,0.7460508710195696,2.0
1,0.5857639400257321,5.0
1,0.33658627262996477,6.0
0,0.2346202742721165,6.0
0,0.17060300363482353,7.0
0,0.5084972881030246,2.0
0,0.07792405045932094,5.0
0,0.0633386420411978,6.0
0,0.055020502751621445,3.0
0,0.029629127315782558,1.0
0,0.02914858246359341,1.0
0,0.3919495043359107,7.0
0,0.09251699920978554,5.0
0,0.05898853969359916,1.0
0,0.34316298858254246,5.0
0,0.49554952240540073,4.0
1,0.8093959383970959,7.0
0,0.05144318371574031,2.0
0,0.029452662939031957,3.0
0,0.35366557542518723,5.0
0,0.33280336441106134,4.0
0,0.0892140825465299,6.0
1,0.8089666166572456,7.0
0,0.4453821746602823,2.0
0,0.042886213558462505,5.0
1,0.20878619535045778,3.0
1,0.6259048278175284,3.0
0,0.08509061261681813,4.0
0,0.11621571822308309,2.0
1,0.45186564240241295,7.0
0,0.1526158641608069,7.0
0,0.03770609769429071,2.0
0,0.015834053342579736,3.0
0,0.3293956321711551,5.0
1,0.6424939246987779,3.0
0,0.10689627386405597,4.0
0,0.3877523988266419,2.0
1,0.5425834040219699,1.0
0,0.13261709340443925,1.0
1,0.22518329284380117,7.0
1,0.5005006130468425,7.0
1,0.21681586248643084,1.0
1,0.5814018448041365,4.0
1,0.4205810073530793,5.0
0,0.11286179512015522,3.0
1,0.5835873598376913,5.0
0,0.31013303592598085,6.0
1,0.25012813555876834,3.0
1,0.42338846256176277,1.0
0,0.14347626439760916,4.0
0,0.04585907095682036,4.0
0,0.054000029304777465,7.0
0,0.31340314686795795,3.0
0,0.39275477366227396,1.0
0,0.0453732340848964,4.0
0,0.06597149521482391,7.0
0,0.05198402729220131,3.0
0,0.04446826886589322,1.0
0,0.14407938663883965,1.0
0,0.2598810980303271,3.0
0,0.13151110854133316,7.0
0,0.05461655386164869,2.0
0,0.022221321732789494,6.0
0,0.052355460175721784,5.0
0,0.02753052920618873,3.0
1,0.5895946869853685,5.0
0,0.13931010810198033,2.0
0,0.5930641100471027,3.0
0,0.03773711312435761,3.0
0,0.13597754942006873,4.0
0,0.15408455023201553,7.0
0,0.10556648294168144,5.0
0,0.032057411332386314,6.0
0,0.05093773965919284,4.0
0,0.036503682979667156,1.0
0,0.06525065098067295,3.0
1,0.19250101784366644,2.0
0,0.14408921995675528,2.0
0,0.2104349824614028,2.0
0,0.5762393574107313,3.0
1,0.5077724547061387,1.0
1,0.7768889917089716,2.0
0,0.07322956098372006,5.0
0,0.12339250819366618,7.0
0,0.08620064090948033,7.0
0,0.07297447645865124,6.0
0,0.09682238320095227,1.0
0,0.041061470360449756,4.0
0,0.1803701403338854,6.0
0,0.03559408851298812,3.0
0,0.06129326304539801,4.0
0,0.0744586658858507,4.0
0,0.07659858626508823,5.0
0,0.22486230795416745,4.0
0,0.05679398700645439,7.0
0,0.09295677841503835,1.0
0,0.006594527033404676,2.0
0,0.2849774259072387,6.0
0,0.13015805738408343,7.0
0,0.13488321220353353,4.0
0,0.05284087530992144,3.0
0,0.09139426973411494,3.0
0,0.015423111865271833,2.0
0,0.04833197033386022,1.0
0,0.034151501553499275,4.0
0,0.05246112640919077,5.0
0,0.06995132630717249,5.0
0,0.02072169760509221,7.0
0,0.2031642152571641,4.0
1,0.6012458318448954,7.0
0,0.0752792540248074,3.0
0,0.4246685110309963,5.0
0,0.04382131245161885,2.0
0,0.03655886701563079,7.0
0,0.09388549530748229,4.0
0,0.08783446035386809,6.0
0,0.10318494515172763,7.0
0,0.04889167561151448,2.0
0,0.05207531931971904,4.0
0,0.16182399688399493,4.0
0,0.16219181343008318,1.0
0,0.11078370514150954,4.0
0,0.026089277130342696,6.0
1,0.2602984639214189,2.0
1,0.45226261340676194,7.0
0,0.068341431110433,5.0
0,0.02825883775869613,3.0
0,0.01269894197352807,6.0
0,0.1282338503160412,5.0
0,0.558193842338261,5.0
0,0.09055231791590647,3.0
0,0.015861449872524417,2.0
1,0.27272715178392026,7.0
0,0.032017333877206254,1.0
1,0.6528832493461663,7.0
0,0.187965914028983,7.0
0,0.049856099733897395,4.0
0,0.04693592168420901,7.0
0,0.295599494362227,7.0
0,0.05021917434313088,5.0
0,0.06603714270591822,7.0
0,0.39103357768612834,7.0
0,0.07084367122236608,7.0
0,0.04301827824874094,6.0
0,0.05259615187494278,1.0
0,0.05296185629118085,6.0
0,0.06538386626805222,1.0
0,0.058110773758604774,1.0
0,0.11089025689085043,4.0
0,0.014313382871869982,3.0
1,0.04539420305262762,6.0
0,0.05832697771318503,7.0
0,0.06035467905973146,4.0
0,0.05329544106596172,7.0
0,0.12953751829352195,7.0
0,0.11042885729497989,1.0
0,0.017353066329586584,2.0
1,0.07782471551951375,7.0
0,0.08528503240773481,2.0
0,0.11967527269256728,4.0
1,0.3788276760278641,2.0
1,0.5612097681483285,6.0
0,0.39066882075740217,1.0
0,0.1412577620178496,1.0
1,0.7474440681704622,6.0
0,0.7614173664022932,6.0
0,0.04293933818399054,1.0
0,0.13747673396017376,4.0
0,0.017522854880655643,6.0
0,0.4076435425053118,2.0
0,0.020883753942465017,6.0
0,0.0369212385873568,6.0
0,0.013275922685993423,2.0
0,0.020595178779269873,3.0
0,0.16965919166270174,3.0
0,0.051223347201180776,6.0
0,0.13404775965163063,7.0
0,0.4315728939498641,6.0
0,0.34271662282746956,4.0
0,0.0301515873477789,2.0
0,0.12992418180946294,5.0
1,0.14996640546930318,4.0
0,0.05624512677201413,3.0
0,0.038553895192825274,4.0
0,0.04031243394558682,2.0
0,0.03188878502823048,4.0
0,0.11141455605987621,6.0
0,0.03585961392714873,2.0
0,0.04448826191269061,1.0
0,0.051066928694082435,4.0
0,0.04894202617405406,4.0
0,0.040875848861248815,2.0
0,0.269993267117987,1.0
0,0.7061681758886433,3.0
0,0.5101664977895355,7.0
1,0.48714353243358993,3.0
0,0.08117323268526917,1.0
1,0.3602595879977668,7.0
0,0.012196923984298067,2.0
0,0.062426816010917395,2.0
0,0.10404276058048055,2.0
0,0.036529298258807526,5.0
1,0.5274478177330955,6.0
0,0.042334670231408834,7.0
0,0.11400794731146169,7.0
0,0.30175730828906056,1.0
0,0.04215280286369028,7.0
0,0.07878324458276506,5.0
0,0.33133829102826257,5.0
0,0.011426086812222779,2.0
0,0.06496769407665162,2.0
0,0.054578713784002406,1.0
0,0.10863648070818242,6.0
0,0.18507510264124022,7.0
0,0.07241810204201866,7.0
0,0.03345258583084267,4.0
1,0.47802333990556256,7.0
0,0.11987651003355569,3.0
0,0.042357224383118466,5.0
0,0.07700187255819241,7.0
0,0.032990824301641804,6.0
0,0.04705366142662456,1.0
0,0.2826985480919096,4.0
0,0.08170334313653921,6.0
0,0.10444094400044787,7.0
0,0.08601701929347222,1.0
0,0.04701900972269213,4.0
0,0.20168567088877937,2.0
0,0.04867171370977343,2.0
0,0.05865148138276752,7.0
0,0.06458261431960224,1.0
0,0.014876326764571754,2.0
1,0.41108079053203606,3.0
0,0.1861270062660766,2.0
1,0.7599946017779914,2.0
0,0.11981078626333487,3.0
0,0.044004049886058126,1.0
0,0.18460359487625502,6.0
0,0.1613989711760353,4.0
1,0.7681236499482296,6.0
1,0.7470832805408203,1.0
0,0.1228058834769455,3.0
0,0.07260744491401336,1.0
0,0.031173243800089272,3.0
0,0.02798352304968033,6.0
0,0.048003479936976415,6.0
0,0.1222737144289557,4.0
0,0.020599226147235493,4.0
0,0.09112050555985048,2.0
0,0.14669471571415718,4.0
0,0.5020958597501737,6.0
0,0.020938133348869774,5.0
0,0.28616802284590115,1.0
0,0.008085515847793974,2.0
0,0.028831382656614005,6.0
0,0.0348012132547963,2.0
1,0.3612694177649964,5.0
0,0.11870028106755956,2.0
1,0.41554442168147826,6.0
0,0.04291295713189793,6.0
0,0.335538877060031,3.0
0,0.3817672871110347,4.0
0,0.050607614884494175,7.0
0,0.026753259371359205,2.0
0,0.20343157133912582,5.0
0,0.02173988739164312,2.0
0,0.0250363288142154,6.0
0,0.0521105145498008,7.0
0,0.20042063110477246,6.0
0,0.040446431850564256,5.0
0,0.08238005571578767,6.0
0,0.01706733584916685,6.0
0,0.0458774037671555,6.0
0,0.038067489181508506,3.0
0,0.05039391090611383,1.0
0,0.13696073123396335,2.0
1,0.3631217341378466,6.0
0,0.06136580417224688,2.0
0,0.02270501944294753,1.0
0,0.022688472686526778,3.0
0,0.020196230321653123,1.0
0,0.023856366185851918,6.0
0,0.08176873398483178,3.0
0,0.06632370955374782,3.0
0,0.02270501944294753,1.0
0,0.05558041622356763,3.0
0,0.08587158753527453,6.0
0,0.06885696715756479,3.0
0,0.20550369689109999,1.0
1,0.30845461177332484,3.0
1,0.6465155445794575,1.0
0,0.21210300199849455,7.0
0,0.1969113838702709,7.0
1,0.15322627568951375,7.0
0,0.09156279398884114,7.0
0,0.1281901198711104,1.0
0,0.1130420828809268,6.0
0,0.03861423605429712,5.0
1,0.02481603118369688,3.0
0,0.07496493837479684,4.0
0,0.3503692711159756,4.0
0,0.34613568100618114,3.0
0,0.024723973723550157,4.0
0,0.020412340162745707,3.0
0,0.06878126568133563,1.0
0,0.026101943302193693,5.0
0,0.047006393242038216,1.0
0,0.013073869627341382,2.0
0,0.035437472598017085,4.0
0,0.013903007293347844,2.0
1,0.3527436627460317,2.0
0,0.12196569327864126,3.0
0,0.07454765457744028,2.0
0,0.09400127316203341,2.0
0,0.052352275225273484,6.0
0,0.0193230301482023,7.0
0,0.15994186460593798,5.0
0,0.04215280286369028,7.0
0,0.06941075046373017,3.0
0,0.019069601701065995,2.0
0,0.13224001650909767,2.0
0,0.2410249830772668,6.0
0,0.4892906975682506,1.0
0,0.047379298322817856,5.0
1,0.0537714596955483,1.0
0,0.05694813730882746,6.0
1,0.06398181762195833,2.0
1,0.44887176198453005,5.0
0,0.10114442437444757,2.0
0,0.03938640671573785,5.0
0,0.1464921457890815,7.0
0,0.07942796569224195,7.0
0,0.04568210303349043,3.0
0,0.037610154398430455,5.0
0,0.6965543344754656,1.0
1,0.7953615008460321,3.0
1,0.15059114743175886,3.0
0,0.552316183687765,1.0
0,0.022937492049809265,2.0
0,0.15404733728391964,2.0
0,0.03873713499106712,4.0
0,0.015514268511205522,6.0
1,0.07159852894331359,3.0
0,0.18098962539051974,2.0
0,0.30460904644052433,3.0
0,0.08054724888624311,7.0
0,0.09263483055097307,1.0
0,0.020824526952083717,6.0
0,0.018399569242393818,2.0
0,0.044078656123240495,6.0
0,0.036148108707764096,4.0
0,0.0419636257431733,5.0
0,0.08602047958208568,6.0
1,0.049068975669056554,1.0
0,0.03152417147748826,2.0
0,0.029594404467428063,5.0
0,0.04932338091821388,3.0
0,0.20224952021069503,2.0
0,0.19439042548715987,6.0
0,0.07422757825204711,5.0
0,0.130571533711335,4.0
0,0.019087530713393253,3.0
0,0.020196759645487623,2.0
0,0.03539471211824868,6.0
0,0.10054582061436508,1.0
0,0.04177399093879278,4.0
0,0.02436126696771587,4.0
0,0.038273220761407295,3.0
0,0.05759409633668189,7.0
1,0.10745870355122832,7.0
0,0.06820752768745252,2.0
0,0.07383544704640556,6.0
0,0.04252017076816254,3.0
0,0.03109114377502051,1.0
0,0.04121533246083271,5.0
0,0.16205743502103992,4.0
0,0.14466530472119882,5.0
0,0.0655895930319676,1.0
0,0.06229083065237153,7.0
0,0.06696211165311748,5.0
0,0.044797191974517356,3.0
0,0.08410531204606009,5.0
0,0.020990814774037587,6.0
0,0.07460572195312516,7.0
0,0.036268297351302166,1.0
0,0.08398656050805604,2.0
0,0.015086269971030858,5.0
0,0.016135082902664962,5.0
0,0.019723162976577696,3.0
0,0.058851620155227144,1.0
0,0.014973944066037323,3.0
0,0.06922241666142999,2.0
0,0.07755146812571966,7.0
0,0.1396844679755054,4.0
0,0.05613372105555022,5.0
0,0.05833234953191276,1.0
0,0.04580869500888569,3.0
0,0.03184512412850848,2.0
0,0.059543715037865264,5.0
0,0.04803867760068058,7.0
0,0.0755341809035351,7.0
0,0.11336399328532792,1.0
0,0.08217575809588717,4.0
0,0.023947747345120677,5.0
0,0.10766759607878712,5.0
0,0.031038392483248484,5.0
0,0.11454874278378059,4.0
0,0.08568783552320178,6.0
0,0.23749437275165808,3.0
0,0.5427312763517057,1.0
0,0.07031636903753612,5.0
0,0.12929966588221628,2.0
1,0.11761237339757728,5.0
1,0.493479259455142,5.0
0,0.2392351488534103,5.0
0,0.1287655532618629,6.0
0,0.23642118016178781,7.0
0,0.030711801249567978,5.0
1,0.44795382783339294,3.0
0,0.3411169016426312,7.0
0,0.020513367732201544,5.0
0,0.025788083003889687,4.0
0,0.06762556775823055,5.0
0,0.02124663349383631,7.0
0,0.10166065206020873,7.0
0,0.12169962364230419,3.0
0,0.01707377289982976,2.0
0,0.11502355707341406,3.0
1,0.28474331033596495,4.0
0,0.024358663880797608,5.0
1,0.18654312008700247,6.0
0,0.057556179761592774,1.0
1,0.2094949062900432,2.0
0,0.04070838357517918,5.0
1,0.10302759522658604,2.0
0,0.012210191523853036,2.0
0,0.24117441481084714,4.0
0,0.03231023905939711,7.0
0,0.025011007871286628,5.0
0,0.01736713135088321,3.0
0,0.11315835174753813,2.0
0,0.05628967894555174,2.0
0,0.07383433574745542,5.0
0,0.028334860195290718,4.0
0,0.12582272898139943,4.0
0,0.03568971958650943,5.0
0,0.023372610589190348,5.0
0,0.012075789681289507,5.0
0,0.012995795945705234,6.0
1,0.09709536930974697,4.0
0,0.04974386825781237,1.0
0,0.032129987906149855,4.0
0,0.1242254628753419,6.0
0,0.11270241303436133,6.0
0,0.082284556607742,5.0
1,0.4178367048019366,6.0
1,0.407001124057382,3.0
0,0.032017333877206254,1.0
0,0.09454833400833632,4.0
0,0.032023355833068416,6.0
1,0.5053860647392763,7.0
0,0.03604222180993924,6.0
0,0.05134414483245919,7.0
0,0.12882788938919262,2.0
0,0.06571759883276158,6.0
0,0.1001450647678586,1.0
0,0.058530351374778175,5.0
0,0.06928806852728461,1.0
0,0.020484851392911965,6.0
0,0.07579727341605955,4.0
0,0.023104985267844824,4.0
0,0.07419171734428236,6.0
0,0.04286115575658056,4.0
0,0.02953316219019674,2.0
0,0.038455045765940166,7.0
0,0.0645723730694865,2.0
0,0.16744110079759042,3.0
1,0.19810370866658897,2.0
0,0.07189289729514832,1.0
0,0.15212214741243307,7.0
0,0.25803909845323686,4.0
0,0.0718352994702447,3.0
0,0.05752604281701475,5.0
0,0.03650573175508193,5.0
0,0.15545605644691635,5.0
1,0.23079481447421712,1.0
1,0.17266491398762382,1.0
0,0.17067919389817202,3.0
0,0.014867153758072491,2.0
0,0.06175007911856179,4.0
1,0.8030979723026315,4.0
0,0.16043856567916734,5.0
0,0.08774017766543979,7.0
0,0.15993601408403457,6.0
0,0.16343604092163563,5.0
0,0.19956728468499899,5.0
1,0.25747623579947915,5.0
0,0.06547561351154262,4.0
0,0.057348121748975536,5.0
0,0.2686654838421825,2.0
0,0.06919930179229328,2.0
0,0.2053653557511454,1.0
0,0.1417339895464275,3.0
0,0.024672679318921403,3.0
0,0.09040312539302368,2.0
0,0.32239351614087325,5.0
0,0.05728144318931313,5.0
1,0.11659215104719055,5.0
1,0.23158461577816047,2.0
0,0.047967306394589654,3.0
1,0.42058828878658483,5.0
1,0.13503615894523407,1.0
0,0.11914928155631738,6.0
0,0.07311712482945956,5.0
0,0.20546160440751238,5.0
1,0.5373279019815075,2.0
0,0.04952783279968576,2.0
0,0.03354662561843728,5.0
0,0.06375958311483984,3.0
0,0.0923581541470974,1.0
0,0.038553895192825274,4.0
0,0.07148451425832467,7.0
0,0.06270422185138742,7.0
0,0.04166731341035835,1.0
0,0.16523158614302672,5.0
0,0.05689985505767357,6.0
1,0.1491703867867633,7.0
1,0.410220735102848,5.0
0,0.031007086866910127,1.0
0,0.03610752552230851,5.0
0,0.11778479448262097,1.0
1,0.359945622748182,3.0
0,0.148419044592764,2.0
0,0.06000874649354531,6.0
0,0.06741224467536659,3.0
0,0.2043052650902211,3.0
0,0.02114963356528415,3.0
0,0.013038826326542376,2.0
0,0.16412330947116027,5.0
0,0.058860871375127286,6.0
0,0.015236874485389107,2.0
0,0.11932792836848118,2.0
0,0.08199575241941809,4.0
0,0.06612005951028656,1.0
0,0.0267317517593633,1.0
0,0.07181171368186329,1.0
0,0.023828265457208665,7.0
1,0.08002711389649628,6.0
0,0.0949965847288411,5.0
0,0.0267317517593633,1.0
0,0.151974084620031,7.0
0,0.241817890555605,5.0
0,0.2025230507490786,3.0
0,0.5412680495211262,5.0
0,0.2845372477551208,4.0
0,0.07449523275970674,5.0
0,0.02860114462341182,6.0
0,0.09812821110647299,2.0
0,0.03036194477402503,4.0
0,0.06579470972800969,1.0
0,0.023843189170832942,3.0
0,0.054567378159917045,5.0
0,0.06773966520174952,5.0
0,0.07241810204201866,7.0
0,0.4741270563952412,7.0
1,0.26816579034580856,6.0
0,0.04704956353054133,7.0
0,0.011827903457686651,2.0
1,0.09186897059802368,6.0
0,0.01901898210788234,1.0
1,0.13618952201751935,4.0
0,0.09008088717171202,6.0
0,0.04728115655997831,5.0
0,0.06538386626805222,1.0
0,0.03706371797516548,1.0
0,0.014241018418757781,6.0
0,0.30010571825821797,5.0
0,0.011147675190333047,3.0
0,0.021607895688283953,2.0
0,0.05763021048514002,2.0
1,0.030425217489291962,7.0
0,0.04083023946890252,7.0
0,0.0251029156407709,6.0
0,0.03519591025620624,4.0
0,0.0732125252997866,5.0
0,0.08234620266362222,4.0
0,0.16999273910577647,7.0
0,0.048271030329186275,3.0
0,0.30044106578271684,5.0
0,0.041399963019242106,1.0
0,0.029298367878923023,7.0
0,0.03645946636687978,6.0
0,0.10485575184041598,5.0
0,0.17178974692461388,2.0
1,0.06485146573996568,2.0
1,0.5732340932873439,1.0
0,0.06726053836038177,3.0
0,0.12627092534478823,2.0
0,0.11513413744442232,5.0
0,0.24552021584619316,7.0
0,0.07092984944806333,1.0
0,0.038455045765940166,7.0
0,0.17493326836546289,6.0
0,0.03884396420244254,5.0
1,0.13488321220353353,4.0
0,0.09254646307521283,4.0
1,0.026945784253018128,2.0
0,0.0288755838739071,5.0
0,0.021140014527278338,7.0
0,0.10117456989029572,6.0
1,0.1281218641504614,4.0
0,0.4544283663238297,4.0
0,0.10185558969846319,4.0
0,0.10590582133837603,3.0
0,0.059588129712650435,2.0
0,0.07324185315938976,4.0
1,0.430177264117989,5.0
0,0.06373658768686585,7.0
1,0.6770121282496664,5.0
0,0.2936612195008016,5.0
0,0.08406453060074003,3.0
0,0.11965510384701274,7.0
0,0.042778165361488235,4.0
0,0.08098927029842812,1.0
0,0.032822197700587294,3.0
0,0.03999212216912426,6.0
0,0.0624781986720969,1.0
0,0.05034611664530725,6.0
0,0.15301684991989695,4.0
0,0.032671346016364455,6.0
0,0.05520691067501378,4.0
1,0.21330310104126482,7.0
0,0.043132651224012886,3.0
0,0.05901542431160038,2.0
0,0.25966636742281357,7.0
1,0.33836761636766205,5.0
0,0.07297586922011583,7.0
0,0.03132159975204331,5.0
0,0.050182167783640014,7.0
1,0.2113457452944478,1.0
0,0.29774330291987233,5.0
0,0.021357989427138537,1.0
0,0.36250874237525205,6.0
0,0.021873277907478735,3.0
0,0.014908544830452912,3.0
0,0.1925224884601191,2.0
0,0.060672165402721925,6.0
1,0.06645876659711165,7.0
0,0.02202860362823407,6.0
0,0.059017419123727224,1.0
0,0.02863723749589878,7.0
0,0.05251449975100468,7.0
0,0.02206384255553656,6.0
0,0.03515653677980222,1.0
0,0.0288755838739071,5.0
0,0.39777252996646656,4.0
0,0.050950308878654836,2.0
0,0.4855632491541088,3.0
0,0.13053049199502662,7.0
0,0.0303682014570417,4.0
0,0.09700353579166356,1.0
0,0.05102571997597766,3.0
0,0.04168891283687924,4.0
0,0.03500136362308778,7.0
0,0.014400985606332824,3.0
0,0.13438837477578106,3.0
1,0.5608564463245826,4.0
1,0.15762933863513834,5.0
0,0.0491619487370131,2.0
1,0.4861768501230612,1.0
0,0.018276487094406303,6.0
0,0.14284167233869577,7.0
0,0.03596505623443086,4.0
0,0.07114675677928096,3.0
0,0.1457633878234893,3.0
0,0.00968403527880205,3.0
0,0.028125665451155687,2.0
0,0.22182587532652434,6.0
0,0.1063655721945894,6.0
0,0.01936074837999115,6.0
0,0.02981819262662174,2.0
0,0.01855056653286928,2.0
0,0.12700082711728725,5.0
0,0.048051130924439626,7.0
0,0.017747983990880956,6.0
0,0.051311914449386736,5.0
0,0.08637041041286299,7.0
1,0.2882321973777079,3.0
0,0.03530242490332853,1.0
0,0.06999270738519425,7.0
0,0.042477076437606905,7.0
0,0.03922663821104962,6.0
0,0.19469148528798044,3.0
0,0.022098780045714972,2.0
0,0.06794881887246369,7.0
0,0.02747171201429133,4.0
0,0.025070945046912166,2.0
0,0.01671281638477633,3.0
0,0.09784566996623496,3.0
0,0.6066694807618922,3.0
0,0.2439970422794344,7.0
0,0.0910430959400463,4.0
0,0.020752106918094225,5.0
1,0.7845737812264681,6.0
1,0.10510301279450453,6.0
0,0.14717220322368865,7.0
0,0.16578935520717633,1.0
0,0.05404311781733117,4.0
0,0.33136837102846445,7.0
1,0.40703341303507456,1.0
0,0.06372276785229192,6.0
1,0.10740936646506125,1.0
0,0.017212844558935764,3.0
0,0.17620203663552345,5.0
0,0.1517879840254839,5.0
0,0.05285914935287788,3.0
0,0.3410570364010072,4.0
0,0.36682686464849473,4.0
1,0.026510900604866078,2.0
0,0.029709573397985224,5.0
1,0.252070768800037,7.0
0,0.37910927353272816,7.0
1,0.5319979366854417,2.0
0,0.010559197102388593,2.0
0,0.20882988361528088,2.0
0,0.12422218258248269,3.0
0,0.0333455550608385,3.0
0,0.07373280547052176,1.0
0,0.4226498514155669,3.0
0,0.05612018117938637,1.0
0,0.04568893249557142,1.0
0,0.029081711238632933,2.0
0,0.030974477972313876,7.0
0,0.3466883686623479,6.0
0,0.1030105436874105,5.0
0,0.03402984774664489,6.0
1,0.3254451271817436,3.0
0,0.04777026311196248,4.0
0,0.0918368399747391,2.0
0,0.16446214407459134,7.0
0,0.022830006894331654,2.0
0,0.204520745459006,5.0
0,0.7414905567526408,1.0
0,0.1820664977715503,6.0
0,0.007550337601479488,6.0
0,0.022432005542751307,7.0
0,0.033131685034295984,4.0
0,0.19811234747151063,5.0
0,0.50493968959712,6.0
0,0.6488028589166472,2.0
0,0.13797346305676306,6.0
0,0.4168050334727458,2.0
0,0.014710112758829401,3.0
0,0.012707084300552464,2.0
1,0.12389862093664458,6.0
0,0.0373277879819591,1.0
0,0.042531595723733724,1.0
0,0.26795759889947157,1.0
0,0.06883973277641349,7.0
1,0.19681875400251445,3.0
0,0.051547271525826395,6.0
0,0.05613372105555022,5.0
0,0.017645597192044147,3.0
0,0.0487070940523616,7.0
1,0.38497869532142026,1.0
0,0.0449607672835809,2.0
1,0.7306715318461355,5.0
0,0.09728756060150161,1.0
0,0.15465176275514553,3.0
0,0.05906476672073044,3.0
0,0.09581902791059728,1.0
0,0.054438085294620714,6.0
0,0.05993147319687875,1.0
1,0.6978066516747536,4.0
0,0.042364863730643715,4.0
1,0.5702254806222485,1.0
0,0.013550544357276881,3.0
0,0.577609322942394,2.0
0,0.3097399189401723,4.0
0,0.0766643001244247,4.0
1,0.47509520041759046,7.0
0,0.01943501361772559,1.0
0,0.08594027393268451,6.0
0,0.050962585961651145,5.0
0,0.16064891730234804,1.0
0,0.13432489422131175,5.0
0,0.06996956723924797,1.0
0,0.09665302217836326,3.0
0,0.060576822229956695,3.0
0,0.06897552166460341,2.0
0,0.10697861666657421,6.0
1,0.5228940452013999,3.0
0,0.05754651017192241,1.0
0,0.35352429017564324,4.0
1,0.2577437989687564,7.0
0,0.01262243470438105,3.0
0,0.10335105599103975,1.0
0,0.1057195249463687,4.0
0,0.35893645198253143,3.0
0,0.05100751756739566,6.0
0,0.06587710603143125,6.0
1,0.4668685816569466,1.0
1,0.2263118914269471,4.0
0,0.03248003041602644,3.0
0,0.03457332886894977,5.0
1,0.45599731735719284,1.0
1,0.4338202826238081,2.0
0,0.10401323103691429,4.0
1,0.2740860263735233,1.0
0,0.09995294548964292,4.0
0,0.09887462373692144,7.0
0,0.05905046368220011,7.0
0,0.04165269695010551,7.0
0,0.024550246462312502,1.0
1,0.7405838642104476,6.0
1,0.07512913272205365,2.0
0,0.05694654892680629,7.0
0,0.04889163013102836,5.0
0,0.020830990690411784,2.0
0,0.04332845005363544,7.0
0,0.040429119985762894,6.0
0,0.050571412962505585,4.0
0,0.04511329891750057,3.0
0,0.05566172265500042,6.0
1,0.10545068775408675,4.0
0,0.2722137971050231,4.0
0,0.09669505204360561,7.0
0,0.15726109638709035,6.0
0,0.09530113931896719,7.0
0,0.20793938504125722,6.0
1,0.23026706871519026,6.0
0,0.1757895356191859,1.0
0,0.024510101885992383,3.0
0,0.024843620708558094,2.0
0,0.03473967878601397,2.0
0,0.04437132508122724,5.0
0,0.028435674497594515,3.0
0,0.07730067119682789,4.0
0,0.04361269614305147,7.0
0,0.03181666596554345,1.0
0,0.022118677109745178,3.0
0,0.035865373030537016,7.0
0,0.03719704475390947,5.0
0,0.02640598519041812,1.0
0,0.21048119323625195,1.0
0,0.03643392033580084,2.0
0,0.22957171370583893,2.0
0,0.21146404697721158,1.0
0,0.01783546530028274,3.0
0,0.04701900972269213,4.0
0,0.016881413886235756,1.0
0,0.04477832112566656,7.0
0,0.06469295735462231,5.0
0,0.2864771031460977,3.0
0,0.0767759317141427,1.0
1,0.2932723029129175,7.0
0,0.023009301387052206,6.0
0,0.03987559847657034,7.0
0,0.02299031035621826,2.0
0,0.03996227514961113,5.0
0,0.020281065640702117,3.0
0,0.05660298285293629,1.0
0,0.046090656660700696,4.0
0,0.03588406102892062,1.0
1,0.1025305706499164,2.0
0,0.03231038271920754,1.0
0,0.03737242486812397,5.0
0,0.030635248022550514,6.0
0,0.02466230480015334,3.0
0,0.3260015650139446,4.0
0,0.10943996589113197,1.0
0,0.02418106488939093,7.0
0,0.01439886112299012,3.0
0,0.3362417595734411,2.0
0,0.11899681599402903,7.0
0,0.18696227255857464,3.0
0,0.06000716860801883,2.0
1,0.7088468473138512,1.0
0,0.13989372838501346,4.0
0,0.11445075619353844,7.0
0,0.104709503169035,7.0
0,0.06412953797008765,2.0
1,0.6950134475098575,6.0
0,0.029619503200139074,3.0
0,0.05602950128864629,7.0
0,0.05974701152619696,5.0
0,0.05042876701278223,6.0
0,0.18180150711777365,1.0
0,0.17526894785654107,3.0
0,0.06352765857159784,1.0
0,0.0719963730098599,4.0
0,0.013357905813963181,5.0
0,0.07574009968993038,7.0
0,0.18645773505152088,4.0
0,0.11531999028434903,6.0
1,0.24169855681798086,3.0
0,0.015037432172559848,1.0
0,0.02181062879340025,4.0
0,0.04844675816541148,4.0
0,0.026459122563186634,2.0
0,0.019584059966027016,5.0
0,0.0068328956110158805,3.0
0,0.02289750800137878,1.0
0,0.008665538036745907,3.0
0,0.18269054073411228,6.0
0,0.05437204230376779,7.0
0,0.020317737269446304,3.0
0,0.0352136717296189,1.0
0,0.020223095778699053,2.0
0,0.028605309532969903,7.0
0,0.01230600619201039,2.0
1,0.33381703397880147,2.0
0,0.04515881941102516,6.0
0,0.611921562188135,1.0
0,0.08833870741526369,7.0
0,0.19214197303796404,3.0
0,0.07241810204201866,7.0
1,0.04954222056222809,2.0
0,0.05302202989614686,7.0
0,0.08749024156781873,2.0
0,0.14826762239283456,4.0
0,0.02075423537714363,1.0
1,0.38255516488627217,5.0
0,0.055785693102936455,5.0
0,0.09426320392156227,1.0
0,0.07414873866445197,4.0
1,0.5184585886952123,2.0
0,0.05454254912834575,3.0
0,0.1294292550578731,2.0
0,0.09146487871753435,4.0
0,0.019460654044561446,2.0
0,0.03005700136646385,4.0
0,0.11023200909438467,1.0
1,0.8737989882950356,5.0
0,0.03776676029055601,4.0
0,0.055969484888079124,1.0
0,0.028832225277715534,1.0
0,0.06880836273943557,6.0
0,0.08069203103944358,6.0
0,0.06086680682316174,6.0
0,0.08595775205615189,5.0
0,0.02002976001618041,6.0
0,0.011392379711001597,3.0
0,0.19124060312630478,6.0
1,0.491430320173474,6.0
0,0.07160481148346758,4.0
0,0.5014509216747834,5.0
0,0.5771248099175715,6.0
0,0.7682510161917376,5.0
1,0.5631851710967363,7.0
1,0.7391798359736597,1.0
0,0.19668676096508206,2.0
0,0.08713092366951497,5.0
0,0.09262828692163388,3.0
0,0.027978350496607587,4.0
0,0.15086592263802132,1.0
0,0.16104697717392571,4.0
0,0.06935133227596328,2.0
1,0.7487331158945846,3.0
0,0.2612431520758142,6.0
0,0.1836358044951668,4.0
1,0.43978323351798987,5.0
0,0.030386437886275406,5.0
0,0.4845056281778285,6.0
0,0.05645302298139086,5.0
1,0.3837817303071792,5.0
0,0.018346379919978,2.0
0,0.0203109867539859,5.0
0,0.05947697058750487,4.0
0,0.20076527312259576,7.0
0,0.03221055432931155,5.0
0,0.02797733643667137,2.0
0,0.10601269137587181,1.0
0,0.406920009301649,5.0
0,0.020946758838096248,1.0
1,0.3012213522086566,2.0
0,0.04056894572770003,1.0
0,0.1800350378494315,1.0
0,0.47185929989251973,4.0
0,0.06721968226127839,7.0
0,0.23834384457369023,4.0
0,0.20037718741637864,2.0
0,0.04406963312434225,7.0
1,0.08096533760918084,7.0
0,0.12104823787120389,2.0
0,0.06161085436446043,2.0
0,0.029101962634570214,4.0
0,0.030346630691922487,4.0
1,0.07897192695797181,1.0
0,0.11004147855921696,7.0
1,0.4690637817513469,1.0
0,0.04318606754405241,7.0
1,0.8646011848065321,6.0
0,0.2769254007389803,2.0
0,0.0320124702162428,3.0
1,0.5007032859213811,5.0
0,0.0540593940118865,2.0
0,0.03048583539920335,1.0
0,0.24638545975540335,3.0
1,0.2519068145005993,3.0
0,0.09650259728479238,2.0
0,0.33285641493242113,3.0
0,0.12191713739316297,4.0
0,0.03432771602129396,3.0
1,0.22037328267915912,2.0
0,0.049582632281154795,4.0
0,0.03911258534885445,1.0
0,0.16489242434531748,7.0
0,0.41891190343993306,5.0
1,0.3491523948900583,7.0
1,0.929865431597709,6.0
0,0.10301600547545083,2.0
0,0.14326156780329102,5.0
0,0.1448493228148774,5.0
0,0.12537527570718107,5.0
0,0.14024520838769555,3.0
0,0.020456127808015295,2.0
0,0.09897977514843599,1.0
0,0.036449883647611106,7.0
1,0.5032314614925842,4.0
0,0.02632034219440717,4.0
0,0.11438719565858617,4.0
0,0.23669022904874207,6.0
1,0.6591324664315916,7.0
0,0.14931396160167587,7.0
0,0.03435551743528634,5.0
0,0.2903796699084781,1.0
1,0.4627206422247362,5.0
1,0.5741334232636122,4.0
0,0.158322257246705,6.0
1,0.6350848973692169,5.0
1,0.10805361328074894,6.0
0,0.0719556910078491,7.0
0,0.2756608120930742,7.0
0,0.6238220925876466,2.0
0,0.4191289103769408,3.0
0,0.06501537273922649,4.0
0,0.0780297778318827,7.0
0,0.298528663440063,1.0
0,0.2066918617730146,4.0
0,0.1389535039719251,2.0
1,0.2887739831135778,4.0
0,0.657776856344053,2.0
1,0.3524489576643189,6.0
0,0.9239019488627135,2.0
0,0.05032692196070059,3.0
0,0.13532512642911812,1.0
0,0.11520899039619413,1.0
1,0.2533462914383209,4.0
0,0.13337080533601095,5.0
1,0.5084255560935085,7.0
0,0.32611535885503257,1.0
0,0.01626136686997828,3.0
1,0.14953358281251314,2.0
0,0.055071182959640204,6.0
0,0.030106674438418503,4.0
0,0.028679247297175886,4.0
0,0.32754822265742795,6.0
0,0.08695990457180276,2.0
0,0.015935524591146073,3.0
0,0.022397918037014786,3.0
1,0.4926959715395908,2.0
0,0.11877467555177781,2.0
0,0.05298320190828462,5.0
0,0.026003988485471946,5.0
0,0.13182684502349337,4.0
0,0.6200167726792357,2.0
0,0.01724926084142022,6.0
0,0.0487123696752507,6.0
0,0.07170251015011318,1.0
0,0.08216414795759337,6.0
0,0.09393500200533507,4.0
0,0.03559069011313434,4.0
0,0.04803867760068058,7.0
0,0.04408089438472563,4.0
0,0.03987559847657034,7.0
1,0.5914420874527795,1.0
1,0.5179967750865498,5.0
1,0.4635682701016737,1.0
0,0.23334702439790175,6.0
1,0.6677678188036654,3.0
0,0.22248708145217064,7.0
0,0.03711043819004181,6.0
1,0.563409944332927,5.0
0,0.08602103956956723,4.0
1,0.3095601973204199,7.0
0,0.7413096089263496,3.0
1,0.251550306402716,1.0
0,0.052075313715364044,7.0
0,0.05433922005722194,6.0
0,0.055902415276678843,3.0
0,0.07508832095152404,7.0
0,0.035631486191777334,1.0
0,0.05504408507085385,7.0
0,0.04447027574099248,7.0
0,0.12013670695062528,3.0
0,0.03977748596966464,1.0
0,0.21940506562267081,4.0
0,0.034278684758432515,3.0
1,0.135765934693629,5.0
0,0.04119549905189381,5.0
0,0.16369932847217586,6.0
1,0.3456466028207671,7.0
0,0.026496954752282587,2.0
0,0.1339479985545891,5.0
0,0.10055320347717513,2.0
0,0.23854242385221608,1.0
0,0.48790934359284244,6.0
0,0.10818631334709411,4.0
0,0.29424584606780874,1.0
0,0.5909448813837859,1.0
0,0.006418810092650704,2.0
0,0.12407469390933586,5.0
0,0.1758440580282494,2.0
0,0.109954578317537,1.0
0,0.017774083161389002,5.0
0,0.018783608068662166,6.0
0,0.0686940336436735,3.0
0,0.15418218856486504,5.0
0,0.023152970328786385,2.0
0,0.025698182178235017,7.0
0,0.01534246157582472,3.0
0,0.018159873090683083,1.0
0,0.07615183875606203,1.0
0,0.0106347457372336,1.0
0,0.23092037809358887,4.0
0,0.13992080102853888,6.0
0,0.012137216933489426,3.0
0,0.07746669056485532,3.0
0,0.09239532784628536,4.0
0,0.05438205358247987,4.0
0,0.0419636257431733,5.0
1,0.6652337952681886,1.0
0,0.31587762988739665,5.0
0,0.09035086346655238,5.0
1,0.48969402035668325,7.0
1,0.576983195222099,5.0
0,0.14351024736432508,4.0
0,0.3108913314456289,2.0
1,0.07085722531351527,1.0
0,0.019119842648156134,3.0
0,0.03224665365101297,1.0
0,0.47168454495151235,5.0
1,0.6606307602812882,7.0
0,0.06355954508957182,2.0
0,0.030435234224383375,6.0
0,0.15954791330837656,6.0
0,0.022771177564816288,4.0
0,0.10031790425607705,2.0
1,0.697459192412525,1.0
0,0.34536880522422486,6.0
0,0.0889921962497134,5.0
1,0.6261128385280984,4.0
1,0.12525028001667707,4.0
0,0.06818581776069223,2.0
0,0.2409151200836453,4.0
0,0.08390279950513782,6.0
0,0.04976406660282602,2.0
0,0.02629724987683565,3.0
0,0.041570401635696516,7.0
0,0.06586008380743348,1.0
0,0.18538051103880576,7.0
0,0.1212064007318666,4.0
0,0.06543076169379787,4.0
0,0.014326866946283682,6.0
0,0.4044927506637376,3.0
1,0.33858308295524764,1.0
0,0.01336770898670221,3.0
0,0.5552908397024632,4.0
1,0.6641948599366593,5.0
0,0.5993228511295106,2.0
0,0.044978339330580715,7.0
0,0.15423845407803818,5.0
0,0.014310927313441272,6.0
0,0.17633771786081234,5.0
0,0.04735184928792238,5.0
0,0.03701873389787272,6.0
1,0.6520214482318831,6.0
1,0.20418742397129544,2.0
0,0.024236413980844414,1.0
0,0.021695326381800235,1.0
0,0.2502625580731235,5.0
1,0.04753309678739705,1.0
0,0.018008985135268062,6.0
0,0.15664764571573944,3.0
1,0.1454236654135409,1.0
0,0.02085408979248933,6.0
0,0.0552201891141723,7.0
0,0.04638789084133114,3.0
0,0.047892265022325166,5.0
0,0.019873245748206918,2.0
0,0.053259012970271136,6.0
0,0.018997301866974105,3.0
0,0.1741970210352802,7.0
0,0.03627673342888394,1.0
0,0.059504873163173586,7.0
0,0.048564218459906085,6.0
0,0.038455045765940166,7.0
0,0.032059721033154416,4.0
0,0.013142085258444083,6.0
0,0.03880400817663611,2.0
0,0.05218066339272037,6.0
0,0.06480023641798094,3.0
0,0.14183619370040326,4.0
0,0.034334595395302536,6.0
0,0.014649101548533792,2.0
0,0.025622434732655037,6.0
0,0.060407615709071626,4.0
0,0.15500473096528067,7.0
0,0.04838818680960795,7.0
0,0.034494872093780465,1.0
0,0.14870906673664014,3.0
1,0.8286640954200989,6.0
1,0.21513951474409373,4.0
0,0.1473773464566844,2.0
0,0.15196409371756794,5.0
1,0.3726547472402109,7.0
0,0.07470886819780524,7.0
0,0.03652854141288597,7.0
0,0.07894710279760697,3.0
1,0.12999363577532397,1.0
0,0.04605069158475897,2.0
0,0.01915289779875671,6.0
1,0.26270275651554265,5.0
0,0.30463258501420976,6.0
0,0.15696253085490044,2.0
1,0.24107543975002127,1.0
0,0.016525391426451132,4.0
1,0.07388731252051005,6.0
0,0.014774538405805386,6.0
0,0.03135514815919292,7.0
0,0.025996280740394253,3.0
0,0.05386606825194044,6.0
0,0.466889617696636,6.0
0,0.18137604286797593,1.0
0,0.0353941571379668,3.0
0,0.026715822756013405,5.0
0,0.06942676401524836,7.0
1,0.36023602937572485,1.0
0,0.02982034449034542,1.0
1,0.6332119519185935,5.0
0,0.22355643392014413,5.0
0,0.05075669932000159,7.0
0,0.03418505710666864,2.0
0,0.11256707456664607,4.0
0,0.05832911866197878,1.0
0,0.5696221770259341,6.0
0,0.018292617030420313,5.0
0,0.035299362730515614,3.0
1,0.036788689463635886,2.0
0,0.02021401471631039,3.0
0,0.022839714870724972,3.0
0,0.5381287554002068,6.0
0,0.06814926064232002,1.0
0,0.02047339211352943,1.0
0,0.012888855142070707,3.0
0,0.05304692994947941,4.0
0,0.09697203033919355,4.0
0,0.2471619588994325,5.0
1,0.06789886119753592,3.0
1,0.3695316042667507,7.0
0,0.04262943265936628,5.0
1,0.1335468931689411,2.0
0,0.15624251441770343,4.0
0,0.04417584682587026,1.0
0,0.09948756309849004,2.0
0,0.27774374920982065,7.0
0,0.03520829873000983,4.0
1,0.1037549544233896,1.0
0,0.11936612289704317,7.0
0,0.09870764602512075,5.0
0,0.018770430233597143,3.0
0,0.05381402762478249,5.0
0,0.04780520603246218,2.0
0,0.15443990880364114,6.0
0,0.13857006572121386,1.0
0,0.054559751256996726,7.0
0,0.1950243414122926,5.0
1,0.4012509877955806,5.0
0,0.07454172721771352,5.0
0,0.0719963730098599,4.0
0,0.06393281195930922,3.0
0,0.04216369266899209,2.0
0,0.08804868657741753,5.0
0,0.024609739786861713,3.0
0,0.0606569144985912,6.0
0,0.00975328891904044,6.0
0,0.15928078354261185,1.0
0,0.2719560758760531,5.0
0,0.09179086023022866,7.0
0,0.07659699706344508,3.0
0,0.026219159621808506,4.0
1,0.11246622706019321,4.0
0,0.016655582873527083,2.0
0,0.08139018705783294,5.0
0,0.36131857997731326,3.0
0,0.04666507580555294,1.0
1,0.6627804569519892,2.0
1,0.4346966614221954,1.0
0,0.0320647427434427,7.0
0,0.12974258399638633,2.0
0,0.06448455924444507,4.0
1,0.201747849422565,6.0
0,0.06172202843180321,2.0
0,0.046226258471770566,1.0
0,0.05966914537108856,2.0
0,0.04288677474764423,2.0
0,0.04147327180191263,7.0
0,0.2874220741074381,5.0
0,0.014431109096400678,2.0
0,0.02989058390019201,1.0
1,0.09055688452103501,2.0
0,0.15791478345811955,4.0
0,0.06331243875072697,1.0
1,0.7714941771041208,5.0
0,0.1227383013887989,4.0
0,0.3335131759068723,6.0
0,0.06927976042297909,1.0
0,0.050495942405589744,2.0
1,0.2515367223242121,4.0
0,0.0288755838739071,5.0
0,0.034256714647146504,1.0
0,0.03638981096916068,2.0
0,0.12770722054896141,1.0
1,0.2589651726440506,7.0
0,0.03952282749432638,4.0
0,0.1363364043831612,3.0
0,0.03253740530655941,3.0
0,0.3519406741618435,1.0
0,0.041310707700708944,7.0
0,0.12442573437796953,1.0
0,0.0479384682169666,6.0
0,0.029110064774448448,4.0
0,0.08990069529612486,7.0
0,0.04737351318641431,7.0
1,0.15833341676812665,4.0
1,0.36285289539109894,4.0
0,0.10781933765350166,4.0
0,0.029824281749979337,2.0
0,0.06786041352483324,6.0
0,0.011594385138063915,3.0
0,0.058987347183764,4.0
0,0.1166779228232486,2.0
0,0.030047112994535344,6.0
0,0.01643958237603257,3.0
0,0.05021517721334732,3.0
0,0.026564681636249032,1.0
0,0.025217290664999177,2.0
0,0.015337798230488607,2.0
0,0.17043070206447059,3.0
1,0.15524168870347632,4.0
1,0.1288385236298025,7.0
0,0.047680945347803115,4.0
0,0.1103656126199062,1.0
0,0.07949959086461897,6.0
1,0.09886230842031431,6.0
0,0.01125434469305342,5.0
0,0.07493787767087541,5.0
0,0.014945109525542151,1.0
0,0.015060700368191345,1.0
0,0.04526394023529866,7.0
0,0.14636560613730631,1.0
0,0.04038557959620132,7.0
0,0.03808156404346729,5.0
0,0.08914157477307592,3.0
1,0.02617838992021999,5.0
0,0.25926678649119506,7.0
0,0.01846914990044946,5.0
0,0.02612768007463638,5.0
0,0.03629915151803429,7.0
0,0.025698182178235017,7.0
0,0.32030131285512375,4.0
0,0.013654340160915277,2.0
0,0.028702307462235087,1.0
0,0.0302895419167167,3.0
0,0.18791207264398815,4.0
0,0.29551439947807256,4.0
0,0.30988112145929436,3.0
1,0.35983138718292446,7.0
1,0.07229908115908301,4.0
1,0.07407659566617368,2.0
0,0.05362645149245309,1.0
0,0.40980131310614326,7.0
0,0.6239772668981493,5.0
0,0.0696548228155523,6.0
0,0.031066710922990057,6.0
1,0.5292431514856436,2.0
0,0.09638242376293336,2.0
0,0.07374198131888932,6.0
0,0.4072201219356077,7.0
0,0.0523691743859418,1.0
0,0.0626901411617494,7.0
0,0.0605906421705274,1.0
1,0.4957711690101801,3.0
0,0.3159234825678323,3.0
0,0.16596497203773014,3.0
0,0.02717409745213842,7.0
0,0.08631316701475929,6.0
0,0.15070097197434854,7.0
0,0.021743825634088023,2.0
0,0.022883204050465088,2.0
0,0.029455999077402602,4.0
0,0.5248135622334226,3.0
0,0.2613724267674587,5.0
0,0.05364087209166943,6.0
0,0.07716155079410252,3.0
0,0.21046729031795763,6.0
0,0.05941104778338596,5.0
0,0.24242367234946952,7.0
0,0.31477298562064676,7.0
1,0.7867613337153826,6.0
1,0.060059861735178154,1.0
0,0.01677053273128692,5.0
0,0.017127636723688916,6.0
0,0.03135514815919292,7.0
0,0.15088531927267584,7.0
0,0.014566641139398314,1.0
0,0.017866036932980358,1.0
0,0.06257298550736737,2.0
0,0.022820088559591434,4.0
1,0.07518507165878185,1.0
0,0.665334741544195,4.0
0,0.12377617705265727,7.0
0,0.14717220322368865,7.0
0,0.026203816341857394,3.0
0,0.03478693453929641,1.0
0,0.048612264216601496,7.0
0,0.020586072997782093,6.0
0,0.034441791710530745,3.0
0,0.012377767700738842,2.0
0,0.016044741437159175,6.0
0,0.050378185327703946,2.0
1,0.6168984159259039,4.0
0,0.04176538426307901,4.0
0,0.02919303981742652,6.0
0,0.11362065180689246,2.0
0,0.041013320753615044,6.0
0,0.08266240399131088,6.0
0,0.01838706196533957,2.0
0,0.09359284022033841,5.0
0,0.014743098443186177,6.0
0,0.0187619570830771,1.0
0,0.05274981125533439,4.0
0,0.019875691798357898,2.0
0,0.020372772356216727,4.0
0,0.017379265431682202,1.0
0,0.04548751263808761,3.0
0,0.02047339211352943,1.0
0,0.15416470561189752,2.0
0,0.085750532129901,5.0
0,0.07302414904455784,4.0
0,0.021766827210299884,5.0
0,0.028894532597911103,4.0
1,0.7463575176379511,3.0
1,0.3912509262289605,5.0
0,0.0434503616826179,3.0
0,0.08723985571200828,5.0
1,0.3478598480157643,1.0
0,0.07975879684233723,7.0
1,0.04427663146440143,2.0
0,0.05277380516219014,7.0
0,0.036928000420047284,7.0
1,0.14887695347356983,1.0
0,0.0644004248535829,7.0
0,0.07077630192546976,4.0
1,0.06774167118727611,4.0
0,0.10152704224524586,7.0
1,0.9512919143327447,6.0
0,0.03990109728526814,4.0
0,0.07445277383486204,3.0
0,0.021434888909326617,6.0
0,0.1476013617847581,4.0
1,0.8021771980209419,3.0
0,0.01656236855838929,3.0
0,0.058601647987149154,1.0
0,0.03871622592926255,1.0
0,0.06341083904937696,7.0
0,0.04677469679164701,1.0
0,0.11442975009580524,4.0
0,0.06603505619773523,6.0
0,0.013799755467929808,3.0
0,0.01580737526718465,3.0
0,0.014697929409167426,1.0
0,0.013093374004354291,2.0
0,0.3233611947639365,5.0
0,0.027046656169531634,5.0
0,0.042334670231408834,7.0
1,0.12145368157499573,2.0
0,0.030408986045828354,6.0
0,0.1854787687190393,6.0
0,0.0418880537308669,1.0
0,0.2929579087734976,7.0
0,0.030425217489291962,7.0
0,0.06069398651324994,4.0
0,0.08184557595196672,7.0
0,0.04476367099218535,3.0
0,0.03263610029833199,1.0
0,0.03780568327604454,1.0
0,0.04526394023529866,7.0
0,0.05730271947720885,5.0
0,0.024446846493653036,3.0
0,0.0489588201659355,3.0
0,0.03529066425852656,6.0
0,0.08001432412987539,3.0
0,0.37529898595876515,7.0
0,0.06068750330430073,5.0
0,0.042334670231408834,7.0
0,0.02835501951697422,2.0
0,0.11657706140582635,4.0
0,0.01699653875573447,3.0
0,0.025568117065118686,1.0
0,0.04979564196559938,2.0
0,0.06256722512938363,4.0
0,0.3389683485162671,2.0
0,0.029968865264467494,4.0
0,0.12807741436939807,7.0
0,0.06259780972072695,1.0
0,0.06627564870034533,5.0
0,0.14446426427293232,1.0
0,0.034466663420889526,7.0
0,0.2171252950753643,2.0
0,0.018651302148701473,6.0
0,0.04630109970739091,1.0
0,0.06838483011884665,1.0
1,0.0889507009830046,5.0
0,0.1627716823926832,3.0
0,0.39624045101277033,2.0
0,0.029850995011162975,6.0
0,0.026495511051048103,4.0
0,0.03635362533088422,4.0
0,0.038719396587109524,2.0
0,0.16829556644826588,2.0
0,0.03061940277237555,2.0
0,0.08136807585592126,4.0
0,0.016354177057974477,3.0
0,0.1326300166500244,5.0
0,0.0404478577797859,7.0
0,0.03270163177853212,2.0
0,0.07663958123290114,3.0
0,0.07170032372658952,4.0
1,0.3700226953859012,7.0
0,0.027489099270131087,4.0
0,0.15400243999770577,2.0
0,0.06802257298848328,4.0
0,0.009068760723779054,6.0
0,0.20555650053480315,2.0
0,0.05119761083043433,3.0
0,0.10998820683342647,5.0
0,0.02456474869834282,5.0
0,0.10212525193555395,2.0
0,0.16077322346457237,1.0
0,0.048325958609093236,7.0
1,0.23905631741405106,3.0
0,0.01912284854292408,6.0
0,0.011437940310274316,6.0
0,0.03910813309926758,5.0
0,0.10355263581874513,1.0
0,0.009286603270239195,2.0
0,0.06787522262423605,2.0
0,0.13419692587834503,7.0
0,0.020854777177220656,7.0
1,0.3729205415882112,5.0
0,0.021230953862055087,1.0
0,0.10807870074841575,7.0
0,0.09356622108601555,1.0
0,0.08209540508115397,2.0
0,0.023388026467194484,2.0
0,0.038386749779817965,4.0
0,0.038987119083196776,6.0
0,0.24721391226809786,2.0
0,0.03230258706381549,5.0
0,0.10299547671371437,5.0
0,0.028504948594241422,2.0
0,0.10346267922562735,7.0
0,0.1460916902613598,6.0
0,0.16275902597856717,1.0
0,0.10780295066623176,7.0
0,0.05181064069772971,6.0
0,0.266031361949926,4.0
0,0.021771496481802547,6.0
0,0.03441497036292682,5.0
0,0.02644808501009786,6.0
0,0.07921867640443951,3.0
0,0.14763367581347006,5.0
0,0.1576750496050829,1.0
0,0.03180710008501785,2.0
0,0.12996315298031977,4.0
0,0.036574657437957105,4.0
0,0.020824221868814632,2.0
1,0.9339847581707746,5.0
0,0.08921242232094893,2.0
0,0.06361107677495562,3.0
0,0.011301213408644891,6.0
0,0.04073512244562882,4.0
0,0.007350316833946545,6.0
0,0.05012401551797674,7.0
1,0.6164936048588119,4.0
0,0.36072180166129725,1.0
0,0.5487588736040538,7.0
0,0.048932709794033434,2.0
0,0.2783675073340563,1.0
0,0.1515975800378844,7.0
0,0.09727333553391188,2.0
1,0.030959527842768772,5.0
0,0.017640847499086093,6.0
0,0.09761519995607047,2.0
0,0.026146447323379726,4.0
0,0.08478114845236208,7.0
0,0.06729522094709267,7.0
0,0.29825823003121543,1.0
0,0.6568932453773978,6.0
0,0.0748090996076251,7.0
0,0.021886384559297034,3.0
1,0.31276260226263813,4.0
0,0.1088281811463566,6.0
0,0.01493215807848221,3.0
1,0.14094750715896256,6.0
1,0.829671659697977,2.0
0,0.1179211509048897,4.0
0,0.03274713389173282,1.0
0,0.04951961698089044,5.0
1,0.5161421405699945,4.0
0,0.030826027644527118,1.0
1,0.6361246005332926,3.0
0,0.039703783146880105,7.0
0,0.03098285231916747,7.0
0,0.02302893297835651,2.0
0,0.2470368270664082,6.0
0,0.03942827524251637,5.0
0,0.09634936750864889,6.0
0,0.42342637127578686,7.0
0,0.05239083448899356,3.0
0,0.062426051766484546,6.0
0,0.02481160344011865,5.0
0,0.03767685525678515,5.0
0,0.03420506412787753,2.0
0,0.09032062878054206,3.0
0,0.03885677069306532,5.0
1,0.8630561719774742,3.0
0,0.022860285441520165,3.0
0,0.016421310200612885,4.0
0,0.22883658179523597,1.0
0,0.06449979027524795,5.0
0,0.19810910766778775,5.0
0,0.14646033076851667,5.0
0,0.01802356545012145,3.0
1,0.2510940282834376,2.0
0,0.025190493114581304,1.0
0,0.020348538246293294,3.0
0,0.26811692652568914,6.0
0,0.031110320527648467,4.0
0,0.040534437027744556,4.0
0,0.018537363731928148,6.0
0,0.035939120494616554,3.0
0,0.05517475712006027,3.0
0,0.06663363862007914,7.0
0,0.044368016297782635,7.0
0,0.0850136735676851,1.0
0,0.03556853272359578,4.0
0,0.04764822515610695,2.0
0,0.034428822076276344,6.0
1,0.08222785168945482,7.0
0,0.08462046395423883,4.0
0,0.08644960852529705,5.0
0,0.07356576275800576,3.0
0,0.022635089426242126,6.0
1,0.4239080159567615,7.0
0,0.0894664792214323,6.0
0,0.06118005986645093,1.0
0,0.027374880144379627,4.0
0,0.08706761559897903,4.0
0,0.14661042182067585,7.0
0,0.040824470829960595,7.0
0,0.5501658763839973,4.0
0,0.034360859715393086,4.0
0,0.022170938750959355,3.0
0,0.10000552488249921,5.0
0,0.061954640398675216,7.0
0,0.046756338196951505,1.0
0,0.16581364328560005,1.0
0,0.2237638910080349,5.0
0,0.01635512334544706,2.0
0,0.11428899413823183,7.0
1,0.5367298221696786,2.0
0,0.02514599190424131,3.0
0,0.05438205358247987,4.0
0,0.053705067277078786,7.0
1,0.8720324385168923,6.0
0,0.13191813783851336,7.0
0,0.08582875336198109,1.0
0,0.09663912959441376,4.0
0,0.06655383997000669,7.0
0,0.09411921488594156,5.0
0,0.013364286761381138,1.0
0,0.005074986122541924,3.0
0,0.009514554237072505,2.0
0,0.048506469239236745,1.0
0,0.03446303092948542,6.0
0,0.06594290610543793,3.0
0,0.08360975959683753,7.0
0,0.025756005719386528,4.0
0,0.22959556919848942,1.0
0,0.02863723749589878,7.0
0,0.3207706539521112,3.0
1,0.1601068158371088,1.0
0,0.1229565407977757,2.0
0,0.0277087987092619,6.0
1,0.4187908351204876,7.0
0,0.02724605392722331,7.0
1,0.25223254599516004,5.0
0,0.16027484253051194,3.0
0,0.018642002144969753,5.0
0,0.11491342833432559,6.0
0,0.17368922413257162,4.0
0,0.02468086074670348,3.0
0,0.10234730374658321,6.0
0,0.027008515425980886,1.0
0,0.03251164515238026,7.0
0,0.08671726218632574,3.0
1,0.04117140554173916,6.0
0,0.22922077529468426,3.0
1,0.4955522378170088,5.0
0,0.25942257327663437,7.0
0,0.07400837111776278,2.0
0,0.08257758528275211,4.0
0,0.010951679097055527,2.0
0,0.1317273447033111,3.0
0,0.04418389207577814,7.0
0,0.017537230682871916,4.0
0,0.07319689094296633,5.0
1,0.06934341261321164,2.0
0,0.1389925314748692,7.0
0,0.04062826553280833,7.0
1,0.8589915572380865,5.0
0,0.14301188156928255,7.0
0,0.042194312910462085,1.0
0,0.15213542162877072,1.0
0,0.22323514077857526,5.0
1,0.18172181034669146,7.0
0,0.13999762391128306,6.0
0,0.07608248590224999,4.0
1,0.5200768060925012,5.0
1,0.633728664483919,4.0
1,0.11577045108711033,1.0
0,0.045072708432225876,2.0
0,0.05350548241739052,5.0
0,0.030940719927401293,1.0
0,0.09418875703724543,5.0
0,0.07319359803193427,1.0
0,0.03264328268089902,1.0
0,0.2789460382486107,4.0
1,0.5090057358370734,2.0
1,0.052354674429856835,2.0
0,0.02721423339596686,5.0
0,0.04006625812605963,2.0
0,0.03181666596554345,1.0
1,0.12716966658518367,5.0
1,0.2381372183331093,6.0
0,0.0704635022428467,3.0
0,0.07726100659060278,7.0
0,0.053902102425282636,7.0
0,0.27316942531762367,4.0
1,0.0956624899150575,6.0
0,0.2578171626582222,1.0
0,0.049856099733897395,4.0
1,0.43577580468147226,3.0
0,0.03170484076471763,5.0
0,0.029713400623304825,6.0
1,0.6899958849657547,3.0
0,0.07931031823418128,4.0
0,0.179046235584612,5.0
0,0.24012241644514637,5.0
0,0.054173570332865746,4.0
0,0.0830342943726314,3.0
0,0.0426526807186255,3.0
0,0.017455222608977236,3.0
0,0.04119549905189381,5.0
1,0.1568589373874903,2.0
0,0.050910840154735265,5.0
0,0.018401760843896244,2.0
0,0.13458620213907183,2.0
0,0.2360621459897897,4.0
0,0.323602662075517,3.0
0,0.09908531254271018,2.0
0,0.18032725980685232,3.0
0,0.042312309660024326,7.0
0,0.8364216915907806,6.0
1,0.7162088581967678,6.0
0,0.02592064337813453,2.0
0,0.2908258245176227,5.0
0,0.048228406752226276,5.0
0,0.06241422019077006,4.0
0,0.024754561500510794,2.0
0,0.06288404490638913,7.0
0,0.07601047611146523,7.0
0,0.09580795787379207,4.0
0,0.19108747821319697,5.0
0,0.07244432543013463,1.0
0,0.14357245897194337,7.0
0,0.05201249418786059,7.0
0,0.24429123220529655,1.0
0,0.5706518128516541,7.0
0,0.08634931626105759,2.0
0,0.3230575612871978,7.0
0,0.048151468612913625,3.0
0,0.013035782881716793,1.0
0,0.053077733140417034,3.0
0,0.1728591889459102,2.0
0,0.1294842304690673,6.0
0,0.12196818593311458,6.0
0,0.20818090469615724,5.0
0,0.30777925151926067,7.0
0,0.02013672677734638,6.0
0,0.12662846927616953,3.0
0,0.03892255151686768,3.0
0,0.20305441646652028,2.0
0,0.019508307525121747,1.0
1,0.12901714577769663,7.0
0,0.00996677340269958,6.0
0,0.05689523149909717,6.0
0,0.04757585081422718,7.0
0,0.030877022523928384,4.0
0,0.032475683354600354,5.0
0,0.13093490585896866,4.0
0,0.04370398748644188,3.0
0,0.06452772469718344,7.0
1,0.2037171439510817,2.0
0,0.13372746118647985,6.0
1,0.2003356282105473,3.0
1,0.08075348814794718,1.0
0,0.3997350118529529,3.0
1,0.25899055212618577,1.0
0,0.06322876441680812,7.0
0,0.03130196010454588,2.0
0,0.03794035334245408,6.0
0,0.013240724078233335,1.0
0,0.03239355129393469,2.0
0,0.2633353575445337,6.0
0,0.08783356810462996,1.0
0,0.019703701852605743,2.0
0,0.031290959042988155,1.0
0,0.0791496031901237,4.0
1,0.3542204308207872,7.0
0,0.03094762163228658,2.0
0,0.026178051054471838,3.0
0,0.17421226399142015,1.0
0,0.16487172308151402,1.0
0,0.021492109994724368,3.0
0,0.11703477353476664,6.0
0,0.08490081251665704,6.0
0,0.16963891305713824,4.0
0,0.04929925335813936,7.0
0,0.025877593867507463,6.0
0,0.2314246951997648,6.0
0,0.16011051040048954,1.0
0,0.06608361820012987,4.0
0,0.03303170948733834,2.0
0,0.07924928858719678,5.0
1,0.4589667664811287,3.0
1,0.49946291520081443,4.0
1,0.7395828437811983,4.0
0,0.10671005965513655,2.0
0,0.058026903517076824,5.0
0,0.03956731387152086,3.0
0,0.2186542395974858,6.0
0,0.4837607645497293,1.0
0,0.02047557745869965,7.0
0,0.022204454065770644,6.0
0,0.12345675830201236,5.0
0,0.01518273017713848,1.0
0,0.02058478855379543,5.0
1,0.075212845282311,4.0
0,0.05666869283887711,4.0
0,0.21426484720153396,6.0
0,0.1712045517157364,2.0
0,0.10178928608111197,2.0
0,0.11736667486784037,2.0
0,0.1862547260613775,7.0
0,0.24175112394042436,7.0
0,0.04294865846014772,3.0
0,0.02724605392722331,7.0
0,0.03465957523801162,4.0
0,0.08587934859922086,6.0
1,0.6874648469848295,6.0
0,0.08770815149596346,6.0
0,0.007738181091150738,6.0
0,0.1488286309825965,5.0
0,0.04527570845973349,7.0
0,0.042562914057856616,1.0
0,0.20390131718539992,4.0
0,0.07722097440894214,3.0
0,0.08541914418432076,5.0
0,0.06026449096266898,4.0
0,0.12968969487945584,1.0
0,0.351672702912997,5.0
0,0.1723473903185013,3.0
0,0.13276862518380864,3.0
0,0.6149927802538165,4.0
0,0.054780093895217784,1.0
0,0.2598197141537156,5.0
1,0.22884396232564141,3.0
1,0.1329553155615098,2.0
1,0.19756699479273723,7.0
1,0.06017766512145443,2.0
0,0.2984260494548663,7.0
0,0.12258158262700655,1.0
1,0.13393379394112834,3.0
1,0.10228481057230022,7.0
0,0.04064452945705788,7.0
0,0.22258710175457233,2.0
0,0.04769192823675012,7.0
0,0.02246788123122623,2.0
0,0.036629984337137454,7.0
1,0.21972336794973937,6.0
0,0.07446196496882442,5.0
0,0.07176710367521429,3.0
0,0.05905046368220011,7.0
1,0.4504230541548602,7.0
0,0.04284210120155652,6.0
0,0.08854886898074146,7.0
0,0.033437887051733145,1.0
0,0.2734393109749235,1.0
0,0.0536057944025201,4.0
0,0.07319750726532835,5.0
0,0.05340329817398251,5.0
1,0.0678380437494559,3.0
0,0.41472634152187904,3.0
0,0.2753660902300886,4.0
0,0.1464111374441925,1.0
0,0.11679208074439108,7.0
1,0.16203505728467846,5.0
0,0.10960993502153944,4.0
1,0.29466524896547364,7.0
0,0.476161657724327,3.0
0,0.09807496604866343,4.0
0,0.03898127769089096,3.0
0,0.3560038134834094,1.0
0,0.04571751153758856,7.0
0,0.23638031446318855,4.0
0,0.03224665365101297,1.0
0,0.026219159621808506,4.0
0,0.04521319304295852,2.0
0,0.563409944332927,5.0
0,0.13571995930084324,5.0
0,0.046636944791449156,5.0
0,0.15407340997388264,3.0
1,0.5992345566337972,3.0
1,0.6726590838075681,3.0
1,0.30385578331221286,5.0
0,0.04358464252280344,1.0
1,0.7899850565064332,3.0
0,0.1238451608975415,6.0
0,0.16025861030211014,5.0
0,0.28033503872705134,7.0
0,0.05825762509339344,6.0
0,0.20795968888042018,1.0
0,0.0801296687077376,4.0
0,0.08487269361677303,4.0
0,0.08844346167402367,4.0
0,0.14415076688132764,7.0
0,0.07646759563157415,7.0
0,0.17078921015198142,4.0
0,0.046825615637121724,6.0
0,0.05845386139894159,7.0
0,0.06109808729905182,5.0
0,0.05556491233885456,1.0
1,0.2213382451838181,4.0
0,0.04506867105464122,4.0
1,0.3448924525980537,2.0
0,0.04341825031283037,3.0
0,0.020196230321653123,1.0
0,0.23236372461631769,6.0
0,0.046449373510131085,4.0
0,0.029580775595336648,1.0
1,0.022488492531015817,2.0
0,0.03134699307109086,4.0
0,0.09667817349762739,3.0
0,0.03275963644772603,7.0
0,0.03860334183042282,5.0
0,0.021800801218906436,2.0
0,0.04434744873901821,7.0
0,0.021695326381800235,1.0
0,0.023485108090121255,3.0
0,0.06750595914537114,2.0
0,0.02642215354800299,6.0
0,0.028580308535368828,7.0
0,0.07390318647518664,3.0
0,0.0395925857225869,1.0
0,0.07973485245001367,7.0
0,0.02611542661880982,6.0
0,0.025865751552577237,1.0
0,0.10383247850837654,6.0
0,0.061455043705999794,4.0
0,0.14054022262866794,2.0
0,0.016540721173264626,2.0
0,0.005263848968789083,2.0
0,0.02639514461042483,6.0
0,0.015648988589475717,1.0
0,0.04930241419312344,7.0
0,0.042538752464064425,4.0
0,0.3832848317114862,2.0
0,0.036698850057204344,1.0
1,0.5556489220002683,7.0
0,0.23105600570781665,2.0
0,0.013394306036911467,6.0
0,0.132452445673497,6.0
0,0.7191637333850815,6.0
0,0.030826027644527118,1.0
0,0.18210814575779105,3.0
0,0.027056127316349102,3.0
0,0.019701325423506284,5.0
1,0.1796645697193303,7.0
0,0.03519591025620624,4.0
0,0.024972157504494837,3.0
0,0.04634135443093326,7.0
1,0.11673909172752046,1.0
0,0.05855648215702892,5.0
0,0.034767265232214406,6.0
0,0.050182167783640014,7.0
0,0.241161259191559,7.0
0,0.025729957869837453,6.0
0,0.16894671955139148,4.0
0,0.21554853297033125,6.0
0,0.27243247812606197,4.0
0,0.08723682597098716,1.0
0,0.21202113675827805,7.0
0,0.02289534690691692,3.0
0,0.1407038210837651,2.0
0,0.08208394027795145,5.0
0,0.10707294056223922,2.0
0,0.02476729721893952,1.0
0,0.09239386527529736,1.0
0,0.1768204791770897,4.0
0,0.27936594584750396,3.0
0,0.023372610589190348,5.0
0,0.19174501765477273,5.0
0,0.3959363257387644,1.0
0,0.08292103223701919,2.0
0,0.13072914003372565,6.0
0,0.02276067980098274,4.0
0,0.048325373033695926,3.0
0,0.11923651017066947,3.0
1,0.47103755634477595,3.0
0,0.03061832646781049,7.0
0,0.06352765857159784,1.0
0,0.03831772849883016,1.0
0,0.019459389365560763,1.0
0,0.06530341161986114,3.0
0,0.20823252910501638,5.0
0,0.01855056653286928,2.0
0,0.09361795262364865,3.0
0,0.2034462666289356,6.0
0,0.3036434475389575,3.0
0,0.20696002695610513,6.0
0,0.07298760664612715,3.0
1,0.3718023372496553,4.0
0,0.014347843216038533,6.0
0,0.09505857280368814,7.0
0,0.022049101932680844,3.0
0,0.03421362868789871,5.0
0,0.047571350105013545,5.0
1,0.6445617176689211,7.0
1,0.4554585975160998,1.0
0,0.24277067175148231,3.0
0,0.043019908845016636,7.0
1,0.29356045870150443,1.0
0,0.031009773001030357,3.0
0,0.044250516766383204,6.0
0,0.19480191528915583,5.0
0,0.09140707585535232,6.0
0,0.049893842235415715,3.0
0,0.33025446828823246,7.0
1,0.9240565551049822,6.0
0,0.06319975171331621,2.0
0,0.05662936405546345,2.0
0,0.11233973403557021,4.0
0,0.14879968311316208,7.0
0,0.02809653109793289,3.0
0,0.035053038972893254,3.0
0,0.09775322162089226,3.0
0,0.0960745522897647,4.0
0,0.04098029136438284,7.0
0,0.05052864934112979,4.0
0,0.1182685794557933,2.0
1,0.1836358044951668,4.0
0,0.03082671722552549,5.0
0,0.017161068881345092,3.0
0,0.09456592656759112,2.0
0,0.0779272284726542,3.0
0,0.05457065094578016,2.0
0,0.05345355454683739,5.0
0,0.025256948691398672,3.0
0,0.04642138641666105,7.0
0,0.017852288728134505,6.0
0,0.12907424929835226,3.0
0,0.029568958087367245,4.0
0,0.03986735085945744,3.0
0,0.08380284733677126,4.0
0,0.28388861039323676,5.0
0,0.15989305976723253,4.0
1,0.6206625171427631,6.0
0,0.042967133014695305,2.0
0,0.03618038470684821,3.0
0,0.12850141789541933,6.0
0,0.03869151951693099,2.0
0,0.02330359373404662,1.0
0,0.14355270479114715,6.0
1,0.26580921922446293,4.0
0,0.26893417606198944,7.0
0,0.0727810687216621,6.0
0,0.0838121426452486,4.0
0,0.15506709327116486,6.0
0,0.08836158269318048,4.0
0,0.020180239659611018,3.0
0,0.11597518687415384,5.0
0,0.3708950542413351,5.0
0,0.21034273436938583,3.0
0,0.04185979942697102,4.0
0,0.04552049693842294,5.0
0,0.023387052705730584,4.0
0,0.08100654122844722,3.0
0,0.0798491940176395,3.0
0,0.15850803180073528,7.0
0,0.03441134493755165,3.0
0,0.026323565667356785,1.0
0,0.034237445102297044,6.0
0,0.02893332261271621,4.0
0,0.3681586410783232,2.0
0,0.05871800326846612,4.0
0,0.5170501958418711,5.0
0,0.03531168727192441,6.0
1,0.28230866806972377,6.0
0,0.03132159975204331,5.0
0,0.12097190423375186,2.0
0,0.02235058815137449,3.0
0,0.06415711522629608,5.0
0,0.09583465036216329,3.0
0,0.16725674760970477,6.0
0,0.12451485220603004,1.0
0,0.15833656973793758,1.0
0,0.09722879416762113,1.0
0,0.19235206214511852,2.0
0,0.03441497036292682,5.0
1,0.044996160388967046,6.0
1,0.07432912225518015,3.0
0,0.19281194240588834,6.0
0,0.0838121426452486,4.0
0,0.10715134889546393,1.0
1,0.2985884073095375,1.0
0,0.12493073124139852,6.0
0,0.02279419786075637,3.0
0,0.09669505204360561,7.0
0,0.014407776756661921,1.0
0,0.03884396420244254,5.0
0,0.08376761977383372,2.0
0,0.13875118395754973,4.0
0,0.10886825873290594,7.0
0,0.028448246814442014,7.0
1,0.38684703291240846,4.0
0,0.1139284552662872,3.0
0,0.0380324666274642,5.0
0,0.10400384076288294,7.0
1,0.33069067126745677,2.0
0,0.0637917256401211,2.0
0,0.28281531575318314,1.0
1,0.4049810332462143,4.0
0,0.029009778228419776,3.0
1,0.0451435897303092,5.0
1,0.06857925294450261,7.0
0,0.030739778684408556,2.0
0,0.20652384989862627,4.0
0,0.44537681751185765,7.0
0,0.0968404475305377,5.0
0,0.050542316901849765,5.0
0,0.06754040213148377,2.0
0,0.020084240764435577,1.0
0,0.20061157520371037,4.0
0,0.03123405986466453,2.0
0,0.107894216715207,3.0
1,0.3977385597229132,1.0
0,0.03326141958104737,7.0
0,0.024512682162671554,1.0
0,0.12185873197450321,6.0
0,0.12473425751538192,7.0
0,0.27907830539860684,2.0
0,0.03929713195844319,6.0
0,0.04480154266637846,5.0
0,0.03595760477307753,3.0
0,0.037039411735132075,3.0
0,0.048075301427368884,7.0
0,0.05024449637835641,1.0
0,0.14211803152768976,1.0
0,0.023297892255891295,3.0
0,0.10049772162504034,5.0
0,0.1012285126808842,3.0
0,0.02473839413645034,2.0
0,0.22382261743242018,1.0
0,0.1821722908316895,4.0
0,0.07845429751550816,5.0
0,0.05364542303314557,3.0
0,0.09908687942409634,7.0
0,0.024585737626774497,6.0
0,0.08485064014913708,2.0
0,0.2541525241834781,6.0
0,0.07699968597866592,7.0
0,0.14305691610888713,2.0
0,0.25316366497575343,1.0
0,0.03929413423456948,2.0
0,0.5001052663298332,2.0
0,0.022149878532723523,1.0
0,0.10700622019170147,6.0
0,0.11930192894890293,4.0
0,0.012974661181052732,3.0
0,0.22889837725729154,4.0
0,0.03068051540655283,3.0
0,0.04267644423146253,5.0
0,0.336834221364017,4.0
0,0.0560945140740724,6.0
0,0.04616330773031539,1.0
0,0.07955419672926634,7.0
0,0.15789405458002023,6.0
0,0.03953607488057928,6.0
0,0.033115204042155226,3.0
0,0.12380430931946117,4.0
0,0.08857098749232613,1.0
0,0.08992698275686521,5.0
0,0.055840549777837915,2.0
0,0.014220874070826284,2.0
0,0.03309188766829076,6.0
0,0.03967907008971962,5.0
0,0.07848435929756617,5.0
1,0.09094309326415653,5.0
0,0.07110622257789552,7.0
0,0.045301141087647656,2.0
1,0.3946837390535232,5.0
0,0.12862792950452248,5.0
0,0.012158757390031815,6.0
0,0.058573608715483484,5.0
0,0.06506352559511439,6.0
0,0.010714757045605301,6.0
0,0.02710512174254058,2.0
0,0.0367828367350094,6.0
0,0.18194131684722034,7.0
0,0.12768586648359329,4.0
1,0.2883809732135753,7.0
0,0.18954432831373905,4.0
0,0.04212558120548417,7.0
0,0.005547898177565495,3.0
0,0.029251159999207677,6.0
1,0.12250823958122029,4.0
0,0.11137817954512047,6.0
0,0.03538781686501815,7.0
0,0.15249801866855783,1.0
0,0.026888442333210395,3.0
0,0.036200958016018206,2.0
0,0.05524423494263921,2.0
0,0.009441677403047084,6.0
1,0.2715500080485497,4.0
0,0.04817993771779351,1.0
0,0.04831972779703292,6.0
0,0.0238256164334555,5.0
0,0.30371827604471757,6.0
0,0.01552531023225694,6.0
0,0.13344363959050085,6.0
0,0.11669327864257611,3.0
1,0.34122693453025565,1.0
0,0.15287669881058294,6.0
0,0.02910595467029879,2.0
0,0.04982925040331781,1.0
0,0.07353573765498662,2.0
0,0.07657982678296593,2.0
0,0.010176231790622233,2.0
0,0.2150739707117941,6.0
1,0.5905333846365304,6.0
0,0.3612861543635296,2.0
0,0.37174031871192875,7.0
0,0.1539373329473705,4.0
0,0.02376584827088701,5.0
0,0.0181390176821354,1.0
0,0.0535169315407654,7.0
0,0.07297908625077726,5.0
0,0.047271768964577715,1.0
0,0.04634988979079584,5.0
0,0.04574289534512244,4.0
0,0.04628618198856872,6.0
0,0.06536996258421653,5.0
0,0.06898750121971209,1.0
0,0.06584484140110998,7.0
0,0.16924863349256103,2.0
0,0.044316967582991855,6.0
0,0.018221552307472414,3.0
0,0.18598227711809778,6.0
0,0.024055407865492682,1.0
1,0.15563497502058926,3.0
0,0.009816340098102424,6.0
0,0.02895522029871118,6.0
0,0.10015041821043229,4.0
0,0.04843993655449213,2.0
0,0.37593846345710513,4.0
0,0.22160059629858173,2.0
0,0.10674613454485156,4.0
0,0.01922812043950324,5.0
0,0.016336089995354738,6.0
0,0.07340785575421507,6.0
0,0.5776937191686787,1.0
1,0.3579757321449134,2.0
0,0.07141231761347364,5.0
0,0.06029209893799957,7.0
0,0.026663606202848522,3.0
0,0.021656139523976818,3.0
0,0.09234723864819652,6.0
1,0.10255498259814959,3.0
1,0.8209363264311794,4.0
0,0.18922553441305268,6.0
1,0.8820439191944686,6.0
1,0.26969734844139315,1.0
0,0.14071320420283281,2.0
1,0.660678452111797,5.0
0,0.09547414956828015,7.0
0,0.04943015882796047,2.0
0,0.02569999031399845,1.0
0,0.089360228236791,6.0
1,0.8800973930782654,3.0
0,0.056423101034175145,5.0
0,0.12025793155612063,7.0
0,0.16657700896439753,4.0
0,0.17484557368047815,2.0
0,0.4325313936979506,2.0
0,0.021768129053745002,2.0
0,0.036125617290156724,4.0
1,0.35461640545623807,4.0
0,0.048884025231576436,4.0
0,0.13420215000878274,3.0
0,0.03964224180538498,6.0
0,0.02410097321687256,2.0
0,0.015439778674478866,2.0
0,0.07206995756691151,3.0
0,0.006026547187333444,2.0
0,0.04002210556342944,5.0
0,0.0614837357632442,6.0
0,0.0238079325782321,1.0
0,0.06472377638967346,3.0
0,0.0584507425350481,2.0
0,0.14987428009157716,7.0
0,0.025812500413789786,1.0
1,0.08418900223081498,2.0
0,0.028040574875728693,6.0
0,0.1188583882966372,3.0
0,0.19203123496086646,3.0
0,0.1600338623068627,6.0
0,0.021596427231941395,6.0
0,0.06804844568984111,5.0
0,0.09359284022033841,5.0
0,0.7170355981351798,3.0
0,0.0854619180764299,2.0
0,0.07853815904012335,7.0
0,0.04935362002170976,2.0
0,0.04256763807254691,4.0
0,0.0857543152580565,7.0
0,0.061138122415336935,6.0
0,0.08048837806000053,7.0
0,0.1415106355612939,2.0
0,0.14976494389170025,6.0
0,0.05570238974731338,6.0
1,0.0640118940904498,4.0
1,0.14044793980422826,1.0
0,0.03854406656266458,4.0
0,0.03838198988531052,4.0
0,0.09899896867347027,2.0
0,0.3442733934881083,3.0
0,0.02283649917766026,5.0
0,0.06559354405576372,2.0
0,0.08164447194550001,4.0
0,0.05194163515185322,7.0
1,0.09661754218583848,5.0
0,0.38638287027281565,6.0
0,0.08013101982831607,1.0
0,0.03530181697258263,3.0
1,0.05692307254926155,3.0
0,0.06663428435677422,3.0
0,0.056210208639010016,2.0
0,0.03028961028519285,6.0
0,0.09739024938567892,7.0
0,0.05458036548858803,1.0
0,0.08164809356622754,5.0
0,0.0331479882397279,6.0
0,0.07676367223467116,7.0
0,0.030752041058056442,4.0
0,0.027650906085159195,1.0
0,0.051141858116416306,3.0
0,0.06570481966684825,5.0
0,0.4611008787845522,5.0
0,0.09710712720916384,7.0
0,0.03011311953424966,1.0
0,0.16560128578411687,6.0
0,0.05456251023149665,4.0
1,0.06796545201092624,7.0
0,0.20007768525599892,5.0
0,0.13917071592122454,2.0
0,0.045793238114913565,2.0
1,0.6889712292815527,5.0
0,0.09863801434626213,6.0
0,0.12243290761209569,4.0
0,0.09909136075150388,4.0
0,0.1230027290748147,5.0
0,0.12466893669827696,6.0
1,0.12039268514149734,3.0
1,0.24334760015665563,4.0
0,0.07465705873120948,3.0
1,0.1735391687533836,6.0
0,0.19466555013243575,3.0
1,0.24127577300913328,3.0
1,0.27577725853293356,2.0
1,0.7986221842629291,7.0
0,0.01976859049470896,3.0
1,0.06470727750668012,4.0
0,0.031125500634015993,1.0
0,0.022739100112803452,2.0
1,0.5023362760580458,1.0
0,0.021715019033643722,5.0
1,0.3797207537658755,6.0
1,0.4138431364696196,4.0
0,0.027282294075133807,5.0
0,0.09639219535129906,3.0
0,0.04484465856812389,3.0
0,0.024535375617006513,3.0
0,0.09807095800353767,7.0
0,0.033181999133835814,3.0
0,0.03739115609559323,4.0
1,0.3382385637558411,7.0
0,0.05575169443015941,4.0
0,0.030584604745096215,2.0
0,0.23763269804025636,1.0
0,0.0585052155913147,4.0
0,0.007482893371276348,3.0
0,0.5963732033047529,3.0
0,0.051081492315499306,2.0
0,0.05280008147292291,7.0
0,0.033437887051733145,1.0
0,0.05723661695811555,5.0
0,0.051983409919201515,5.0
0,0.03846216118413759,3.0
0,0.4028731915970001,7.0
0,0.05825814086513077,5.0
0,0.027930957872664253,4.0
0,0.07062069999764868,4.0
0,0.0991226231860785,6.0
0,0.16238398284209202,3.0
0,0.07040549664832713,7.0
0,0.062235126256791104,6.0
0,0.2435760579800942,1.0
0,0.05680362137490125,7.0
0,0.050113670469805395,7.0
0,0.043068811231680236,2.0
1,0.4127761411224123,6.0
0,0.24604952416283604,6.0
0,0.02531627613589351,5.0
0,0.19810149065473628,7.0
1,0.154921061483046,5.0
0,0.20217117104669943,6.0
0,0.01855819412664274,1.0
0,0.31404225467733626,6.0
0,0.5326096627154069,3.0
1,0.4914040927679826,6.0
0,0.334641574651442,4.0
0,0.049174098237275296,7.0
0,0.33422268720248816,5.0
0,0.0523938148607168,3.0
1,0.09136495620969438,3.0
0,0.10919091931393175,5.0
0,0.06581695144917714,2.0
0,0.28727882000091165,1.0
0,0.04726933274180439,1.0
0,0.0873311047450443,5.0
0,0.031659863954825354,4.0
0,0.029534574818489825,2.0
1,0.026650914802816384,6.0
0,0.08693198882477456,4.0
0,0.033131685034295984,4.0
0,0.009047117204627302,3.0
0,0.12303190471861876,1.0
0,0.01351682987014888,6.0
0,0.01363152965768042,2.0
0,0.04839578900079784,3.0
0,0.1431353333823499,2.0
0,0.08292103223701919,2.0
1,0.7400945936438894,3.0
1,0.030142266706741236,5.0
0,0.044678228262757615,3.0
0,0.06062728583891462,2.0
0,0.12395941019667034,5.0
0,0.03759680185705661,5.0
0,0.04050817491773231,5.0
0,0.06471472029735144,2.0
0,0.34691885746989404,3.0
0,0.08762834905936252,1.0
0,0.17212456292822753,5.0
0,0.1368230193079705,4.0
1,0.14424374839098955,1.0
0,0.321436344153089,7.0
0,0.3229241426248377,4.0
0,0.1636509444206009,7.0
0,0.5184721641794512,3.0
0,0.20781615002718143,1.0
0,0.04055776258237856,1.0
0,0.04805730039164947,5.0
0,0.02640598519041812,1.0
0,0.23106055398042386,5.0
0,0.036268297351302166,1.0
0,0.03359558191432457,7.0
0,0.044266476982673504,2.0
0,0.04519757073636356,1.0
0,0.373941607803981,1.0
0,0.04650830145396856,1.0
0,0.012252509324537164,2.0
0,0.024996894991377423,1.0
0,0.02341762724951086,3.0
0,0.28347323981826317,4.0
0,0.06696367038542529,1.0
0,0.08555161875656662,3.0
0,0.22114000862667157,1.0
0,0.365492834141098,1.0
0,0.049807806588351315,7.0
0,0.018312124810677503,2.0
0,0.027682465848174003,1.0
0,0.14414102962844808,4.0
0,0.06633830396807698,2.0
1,0.10207531456445079,1.0
0,0.06271624885770058,4.0
0,0.03212792716065184,7.0
0,0.008262375954200554,2.0
0,0.134031211925686,6.0
0,0.053511211961092826,2.0
0,0.0798138337434485,3.0
1,0.41578997699088005,4.0
0,0.023694269827616868,6.0
1,0.17541986942660273,4.0
0,0.03973531526051591,4.0
0,0.014043292114713024,3.0
0,0.1613903808553849,1.0
0,0.04977545253196613,7.0
0,0.03658672841444599,3.0
0,0.06409597179958097,3.0
1,0.0668700025326182,6.0
0,0.034917673289439385,3.0
0,0.16993444692911513,4.0
0,0.10409228851080826,5.0
0,0.02220855528290476,4.0
0,0.1236796156423248,7.0
0,0.036378553475960966,5.0
0,0.03149812038371301,1.0
0,0.06287419347908077,4.0
0,0.03674380018931068,5.0
1,0.16594492265684593,6.0
0,0.04537324592614786,3.0
0,0.052721496942298475,4.0
1,0.8598429319636327,3.0
0,0.4326575147128718,4.0
0,0.10266141546658938,5.0
0,0.01672201462028464,2.0
0,0.06214899555885877,6.0
0,0.14275978505649525,1.0
0,0.06474842362747038,1.0
0,0.04701900972269213,4.0
0,0.12281003224389726,6.0
0,0.036761495795561226,5.0
0,0.06568780221108189,7.0
0,0.06376650859146984,7.0
0,0.2849493022920379,1.0
0,0.03814273918135887,4.0
0,0.11509548951344555,7.0
1,0.12399360835858929,3.0
0,0.10421153122913224,5.0
0,0.302954312158465,4.0
0,0.031085481146437218,2.0
0,0.12184133308099138,4.0
0,0.130556729719957,4.0
0,0.13777530682129854,5.0
0,0.17402091089079333,1.0
0,0.21246312167000017,1.0
0,0.08390219691053262,6.0
0,0.029577390788540152,6.0
0,0.02424110934653632,3.0
0,0.05962447228758672,1.0
0,0.05289664538557556,3.0
1,0.24591242755990322,6.0
0,0.039925620038902376,1.0
0,0.021137663389708433,1.0
0,0.07633840360472773,1.0
0,0.039614822326161356,5.0
0,0.048325958609093236,7.0
0,0.044241584478613184,5.0
0,0.09565215263124295,6.0
0,0.16344128574894684,5.0
0,0.04930241419312344,7.0
0,0.061018411958333144,4.0
0,0.08968152431582599,5.0
0,0.02068785698508405,5.0
0,0.035808330900708236,1.0
0,0.1618323939744594,2.0
0,0.04913184077263987,4.0
0,0.10773908208069775,3.0
0,0.03969664936368671,1.0
0,0.0434547679697667,5.0
0,0.07552699442800097,7.0
0,0.04161040072708321,3.0
1,0.48631624414846664,7.0
0,0.1307218750252225,6.0
0,0.27154384879514476,3.0
0,0.11614505980313969,4.0
0,0.061824828633141884,5.0
0,0.06229307771869033,3.0
0,0.051888191400134835,5.0
0,0.033781671886150576,1.0
0,0.04920781188058381,3.0
0,0.05380311651342909,6.0
0,0.04281336879595523,4.0
0,0.059871009602418666,6.0
0,0.3358531812806327,1.0
1,0.5093525863492845,5.0
1,0.07023989336327736,1.0
0,0.2919914733723396,7.0
0,0.12725242308425022,5.0
0,0.05891452170139778,2.0
0,0.2797416431685647,2.0
0,0.2236340146435113,7.0
0,0.02544655416844831,5.0
0,0.04213817060257462,5.0
0,0.1634264479843476,3.0
0,0.03464215992309791,3.0
0,0.016621265642448254,3.0
0,0.15923170940745643,7.0
0,0.0905905805254791,3.0
0,0.07105651303759944,3.0
0,0.07680182808483797,3.0
0,0.08419486307028469,4.0
0,0.0913182264407926,1.0
0,0.06073475219890503,1.0
0,0.0378996115935343,2.0
0,0.09359520839665934,4.0
0,0.04478160164787169,5.0
0,0.037160351678184246,5.0
0,0.020944089703096407,6.0
0,0.04520943343613895,1.0
0,0.022408178480048783,6.0
0,0.13761251608777403,3.0
0,0.022946423791827302,3.0
0,0.04414071291238992,2.0
0,0.11057226906957056,2.0
0,0.2681810107875009,1.0
0,0.025070390278036057,3.0
0,0.018832496648987385,2.0
0,0.07666681116703522,5.0
1,0.1263238569412614,4.0
0,0.3512939266738598,7.0
0,0.27458298690925725,2.0
0,0.04937264271834653,2.0
0,0.08911349881424224,4.0
0,0.052619157561884795,7.0
0,0.016415202381282457,2.0
0,0.02987328999342299,4.0
0,0.026927698745077135,5.0
0,0.03835030094252427,5.0
0,0.05032883687288134,3.0
0,0.2256038311445016,5.0
0,0.021147455840943026,5.0
0,0.01918561525564985,3.0
0,0.05858729760345475,6.0
0,0.023449879965410796,3.0
0,0.019701325423506284,5.0
0,0.06489084409321526,7.0
0,0.02475555560267833,5.0
0,0.03397453553025256,3.0
0,0.03675943830541391,2.0
0,0.042135253986801714,2.0
0,0.27982445041688364,1.0
0,0.04206484356952814,7.0
0,0.04064336550923047,7.0
0,0.22829166412464905,1.0
1,0.20681194661905067,7.0
0,0.02731498391188169,4.0
0,0.019915503844563958,2.0
1,0.09859365984857403,1.0
0,0.1557097733226973,7.0
0,0.02276067980098274,4.0
0,0.06166613949397033,1.0
0,0.039905488519305844,2.0
0,0.025257112359718472,2.0
1,0.6333203930110114,2.0
0,0.06678807467099457,7.0
0,0.11170841487147937,5.0
0,0.030736504286596928,4.0
0,0.18506730564997143,7.0
0,0.033731141255403635,5.0
0,0.012271452174465772,6.0
0,0.023916565021981348,1.0
0,0.32703605888267423,4.0
0,0.01643936034815356,2.0
0,0.012738866736315987,1.0
0,0.019671465779844747,4.0
0,0.016302906461647265,6.0
0,0.029687670624201527,5.0
0,0.11639387124662023,4.0
0,0.07299373489764686,7.0
0,0.05980969215457001,3.0
0,0.5415619609842857,1.0
0,0.035055279786486565,4.0
0,0.06779266334743947,5.0
0,0.04168891283687924,4.0
0,0.02816872087325513,4.0
0,0.2697776783523344,2.0
0,0.1808506716977515,4.0
0,0.03588386870705195,1.0
0,0.10770271749477045,1.0
0,0.15078057242347284,2.0
0,0.05346089401110593,2.0
0,0.03448974385822661,6.0
0,0.07128340929474948,7.0
1,0.612997893433351,1.0
1,0.7792405590546854,6.0
0,0.11271838709658837,6.0
0,0.046695922693359954,5.0
0,0.20761035909708284,2.0
1,0.3047742591530301,5.0
0,0.02785808471751351,6.0
0,0.025541428198464396,4.0
0,0.0866327706161467,5.0
0,0.13523439039614857,6.0
0,0.39967303781032676,7.0
0,0.12448506052498383,2.0
0,0.15389943294697644,5.0
0,0.2018603167018727,5.0
0,0.050957738194603114,4.0
0,0.007606707221013047,6.0
0,0.030766759134925034,5.0
0,0.0483178984565199,2.0
0,0.12212285182080335,4.0
0,0.04559415214709435,6.0
0,0.06411725620327828,7.0
0,0.06514838484306222,2.0
1,0.05679848293179938,4.0
0,0.11054085600688343,2.0
0,0.03998521538108616,4.0
0,0.04681690833712367,2.0
0,0.07705584801989862,5.0
0,0.07691529888751338,5.0
1,0.15183441446602966,5.0
0,0.09846058669035271,2.0
0,0.052526236931767355,7.0
0,0.08143374800900052,6.0
0,0.08736118315123444,3.0
0,0.11046046610368282,6.0
0,0.5030210676936095,2.0
0,0.22119732108437543,5.0
0,0.20807349354173826,5.0
0,0.04388210968249102,1.0
0,0.030540779162400084,1.0
0,0.06148923014469406,6.0
0,0.13587523931033088,6.0
0,0.18817582389771623,4.0
0,0.32000504695993526,6.0
0,0.03917162474444171,1.0
0,0.12141791239369089,7.0
0,0.019753105790673884,6.0
0,0.045683924046211605,2.0
0,0.0693364424702716,4.0
0,0.034506362841492166,5.0
0,0.044402825738153746,7.0
0,0.03834602545837866,1.0
0,0.019420120604771038,3.0
0,0.06399739039772495,4.0
0,0.044329569504752066,1.0
1,0.16525896299904674,6.0
0,0.2587205163873663,5.0
0,0.0341862625553021,7.0
0,0.022783637468427057,2.0
0,0.036365021209567465,6.0
1,0.17957539247467447,7.0
1,0.5524388711222319,2.0
0,0.05840990353500467,4.0
0,0.1674716280195422,6.0
0,0.053782678778030286,6.0
0,0.4617106131338143,1.0
0,0.3683010751555358,5.0
0,0.1783383194441165,7.0
0,0.37330417304318886,6.0
0,0.3393457234828193,3.0
0,0.12087929112433526,5.0
0,0.06118179396754404,4.0
0,0.07175535698093202,7.0
0,0.03317486800109949,5.0
0,0.04007381970487807,6.0
0,0.1345597865777178,3.0
0,0.4457106182381116,3.0
0,0.06906288540893761,1.0
0,0.07497022151100903,1.0
0,0.4171529542925444,3.0
0,0.36392553350755724,2.0
1,0.04770463856159957,2.0
1,0.09004744379532144,6.0
0,0.0803614979842093,7.0
0,0.016431885026603792,3.0
0,0.11919512823987899,4.0
0,0.06664554313964474,6.0
0,0.04254988999816281,7.0
1,0.34783430980699837,3.0
0,0.10987706999912517,6.0
0,0.05279441219116346,4.0
1,0.19648773715210202,6.0
0,0.05431353031498618,7.0
0,0.5388437038168807,4.0
0,0.3236455000181179,4.0
1,0.35392502185853536,5.0
0,0.03194334769596414,3.0
0,0.2286583836579051,5.0
0,0.03248036519373236,6.0
0,0.049073705904410944,6.0
0,0.04314888904871973,7.0
0,0.0369571984502891,7.0
0,0.026500340787929472,5.0
1,0.15890586949727134,4.0
0,0.15627646299431266,1.0
1,0.15761721721489783,3.0
0,0.1402007432290849,4.0
1,0.1829518614646857,7.0
0,0.007689027026347571,3.0
0,0.0541511859323057,2.0
0,0.04246168714288429,7.0
0,0.03675500840566655,2.0
0,0.01724728547459513,4.0
0,0.18435506768014445,6.0
1,0.03569452316728168,2.0
0,0.032085358280937976,5.0
0,0.07646525030341343,5.0
0,0.03987002693824649,2.0
0,0.05322176122461551,7.0
0,0.043422868213671584,4.0
0,0.07892138731809382,2.0
0,0.03988436194041025,3.0
0,0.015316940302683673,3.0
1,0.24568231003937838,6.0
0,0.07150186486088266,7.0
0,0.08391996125828352,2.0
0,0.09398014243877559,6.0
0,0.10454640910289346,3.0
0,0.09347655199390502,2.0
0,0.07341932290641408,4.0
0,0.09913244416980767,4.0
0,0.05371835214490551,7.0
0,0.05667161024196287,4.0
0,0.0661016071666359,6.0
0,0.07800967936371654,4.0
0,0.04826681654664605,4.0
0,0.0598227044094493,5.0
0,0.03440907621310986,2.0
0,0.07425693041200812,5.0
0,0.03124202368721578,3.0
0,0.11552115525993022,2.0
0,0.08820399933152002,7.0
0,0.03729597020893044,1.0
0,0.04626429737850119,6.0
1,0.34395355281028245,6.0
0,0.8160659471680461,4.0
0,0.3456363177406116,1.0
1,0.2397451037304866,2.0
0,0.1581405966833797,7.0
0,0.01486279969229637,3.0
0,0.018957674685826067,7.0
0,0.05322405508735386,7.0
0,0.21569171419017755,6.0
0,0.0320647427434427,7.0
0,0.046416711363927346,2.0
0,0.04841445694813569,4.0
0,0.033009166003461085,2.0
1,0.036234323325806145,4.0
1,0.0665226497650446,6.0
0,0.02670388180244362,6.0
0,0.03492727910660384,1.0
0,0.1333148368366232,4.0
0,0.051827898957537026,6.0
0,0.021344928119445526,4.0
0,0.007493759470910342,6.0
0,0.04410922900765546,4.0
0,0.07923392632290757,2.0
0,0.1569328385242238,5.0
1,0.7302892151924896,4.0
0,0.1604991363292426,4.0
0,0.9793340532050226,3.0
0,0.06406981855966865,1.0
0,0.067768431881174,4.0
0,0.03024753266705542,3.0
0,0.08610742689559404,7.0
0,0.03575466089755337,1.0
0,0.03637703132075402,1.0
0,0.11498857670913293,7.0
0,0.09267543529512462,5.0
0,0.3283551494577755,6.0
0,0.05862217634120912,4.0
0,0.06736380289359929,4.0
0,0.06838483011884665,1.0
0,0.08820399933152002,7.0
0,0.08952860068551806,7.0
0,0.02293788816780141,2.0
0,0.30218329503224955,5.0
1,0.3496136859020424,3.0
0,0.10045136989837664,4.0
0,0.13421516576442052,6.0
1,0.13470258549974085,2.0
0,0.013099656326276606,5.0
0,0.015960543968407653,5.0
0,0.3567987010753299,6.0
1,0.17354096804599392,5.0
0,0.011341551454908417,3.0
0,0.03103085650711053,2.0
1,0.045117551583664116,5.0
0,0.047911558634771194,4.0
0,0.06645876659711165,7.0
0,0.0488797063442098,3.0
1,0.24173527644468137,4.0
0,0.06678807467099457,7.0
0,0.06326180850081323,1.0
0,0.06145933356520009,4.0
0,0.06667667197738698,7.0
0,0.030876457316035322,6.0
0,0.0625702111673929,1.0
1,0.18484945986632617,5.0
0,0.07986988719367859,7.0
0,0.1014587435255222,2.0
0,0.038304235755764415,4.0
0,0.14810577152272394,2.0
0,0.01826960699291732,5.0
0,0.06964208173684289,6.0
0,0.01360922369411291,2.0
0,0.03196651476453751,1.0
0,0.055036348609351644,2.0
0,0.016187251335318408,2.0
0,0.030852114840917634,5.0
0,0.031414126697231745,4.0
0,0.030046528788685994,2.0
0,0.08434552581658601,5.0
0,0.025986091840568278,3.0
0,0.13048431667480254,5.0
0,0.026794022945527175,1.0
1,0.42205108869022645,7.0
0,0.17400402336647863,2.0
1,0.02448636870696483,3.0
1,0.0923867887290285,6.0
0,0.06092776005363461,5.0
0,0.08459850374191259,3.0
0,0.06515670481004232,5.0
0,0.07643716973217496,3.0
1,0.16089462032569352,3.0
0,0.0412289122158635,2.0
0,0.02761914251459493,6.0
0,0.1546384218966816,5.0
0,0.4475797155177214,7.0
0,0.09708838225544389,5.0
0,0.2704631418408986,7.0
1,0.12609881418798694,2.0
0,0.08259725445502643,5.0
0,0.0439318620685938,1.0
0,0.1120129273657749,6.0
0,0.021100954797412336,2.0
0,0.03360969104221206,4.0
0,0.030272910960563948,5.0
0,0.02377775416912302,5.0
0,0.1498383041205695,3.0
0,0.04979733785024048,4.0
1,0.22055598269158472,6.0
0,0.06723102400905492,6.0
0,0.05277380516219014,7.0
1,0.15094352457475171,4.0
0,0.08720388848216125,5.0
1,0.11891202257363488,5.0
0,0.4115447508543417,2.0
0,0.08231031404045393,5.0
0,0.47102377158803344,4.0
1,0.2987991992923908,1.0
0,0.40876583460638327,1.0
0,0.03187546987684334,4.0
0,0.06329569857131645,4.0
0,0.06827899716970798,7.0
0,0.07015107363350533,7.0
0,0.05512923780523758,7.0
0,0.03478104383642761,1.0
0,0.07405810879568162,5.0
0,0.06510396708099095,7.0
0,0.7897082962837189,6.0
1,0.2889252587201606,3.0
0,0.23099596763077376,6.0
0,0.12461751376370792,5.0
0,0.033815964902012365,3.0
0,0.19589733078225943,5.0
0,0.06236305198678083,7.0
1,0.583098956073924,2.0
0,0.014738589639571234,1.0
0,0.04445552071042431,5.0
0,0.06925701493300632,2.0
0,0.05757902317441106,5.0
0,0.12710633679918146,2.0
0,0.03586442792638067,3.0
0,0.0356646780633633,3.0
0,0.027227644885166293,3.0
0,0.03866613694864155,2.0
0,0.34482691689155565,4.0
1,0.10336667253378574,3.0
0,0.0298242108138687,1.0
0,0.0696021350419018,7.0
0,0.047553427879943544,7.0
0,0.03933694847586032,2.0
0,0.19516740888314335,7.0
0,0.04175850535661343,3.0
0,0.017181189185287066,2.0
1,0.054176462764276324,6.0
0,0.09320839655696797,6.0
0,0.033026945000925095,4.0
0,0.10067074621427671,4.0
0,0.02932143040026657,1.0
0,0.035109234514187,3.0
0,0.1407673376095751,2.0
0,0.03577751433433884,5.0
0,0.027145496090816616,3.0
0,0.18136058916411046,4.0
0,0.037687901603886215,7.0
0,0.08039128978290176,4.0
0,0.07379903422900798,5.0
0,0.10620515081268854,6.0
0,0.06142387749643411,3.0
0,0.04585098888833323,5.0
0,0.017503076288498433,2.0
1,0.1642285192072789,7.0
0,0.053591121096153035,4.0
0,0.06956833912240991,4.0
0,0.08925930391479019,6.0
1,0.12334400014586074,1.0
1,0.06428042246732385,6.0
0,0.037942541825555426,6.0
0,0.3146038414688589,3.0
0,0.04356329737996027,5.0
0,0.049547825290226895,3.0
0,0.018445716534958048,2.0
0,0.027970038892140805,1.0
0,0.06419914491939688,7.0
0,0.12641842358941272,6.0
0,0.1168429299359682,7.0
0,0.7691120310679944,4.0
0,0.37445303087939436,5.0
1,0.09870689470248523,2.0
0,0.11034227286001892,6.0
0,0.5751951123820995,1.0
1,0.040421892409798404,6.0
0,0.08843179659040894,6.0
0,0.19284725728512814,6.0
0,0.05554299438513954,6.0
0,0.039064824657381536,5.0
0,0.11021850634636861,2.0
0,0.13114352748275088,7.0
0,0.028622480069150268,2.0
0,0.07596343474822956,1.0
0,0.032496960815848165,6.0
0,0.0752776563768857,1.0
1,0.17959362715648192,4.0
0,0.1949257102420661,1.0
0,0.0715671063826138,6.0
1,0.11578838080900096,3.0
0,0.09146253580338656,3.0
0,0.013587646211918545,3.0
1,0.6496571139816205,2.0
0,0.1437339911950399,7.0
0,0.0448835898563629,7.0
0,0.03827825693356176,3.0
0,0.029589221159410265,4.0
0,0.035441633064453915,2.0
0,0.04912345489172917,2.0
0,0.047173380913512815,7.0
0,0.1301735295393385,3.0
0,0.05652040553389896,7.0
0,0.14683233699294163,3.0
0,0.03576932469327782,7.0
0,0.09886367278655503,7.0
0,0.02331931846736956,3.0
0,0.08697074417383628,2.0
0,0.10277209635309169,7.0
0,0.02165072124075842,6.0
0,0.04953963435723079,1.0
0,0.22190558944532926,6.0
0,0.036125617290156724,4.0
0,0.19670589513309877,1.0
0,0.22921866733958668,1.0
0,0.04337939880375454,1.0
1,0.09050562531439917,2.0
0,0.045863443524305186,2.0
0,0.04343886418364672,6.0
0,0.07321701871703325,7.0
1,0.5933677439993137,7.0
1,0.06371445672991516,1.0
0,0.057425178670319016,5.0
0,0.03817098626387454,2.0
0,0.17301026603967562,1.0
0,0.25166628059920604,6.0
0,0.2208526627478079,7.0
1,0.2664121557021308,7.0
0,0.08902427203009593,4.0
0,0.042558060195244475,7.0
0,0.03950091301346246,2.0
0,0.08870299285724564,1.0
0,0.18435481983780014,6.0
1,0.5357291971432673,1.0
0,0.047682803831954716,3.0
0,0.05040078951145689,5.0
0,0.1588528226271942,6.0
1,0.09697643361539939,3.0
1,0.05589634386210899,3.0
0,0.0179224464133943,6.0
0,0.08614253584727105,5.0
0,0.051774869572606165,7.0
0,0.04333110343086022,7.0
0,0.048360195519980845,6.0
0,0.05128823739663115,7.0
0,0.4132020180479559,4.0
0,0.044533035471009196,7.0
0,0.03710460255300411,2.0
0,0.3968230523341518,5.0
0,0.026263466537980666,5.0
1,0.11642339320657041,1.0
0,0.18749332541633434,4.0
0,0.009149978491080794,6.0
0,0.2719828383094587,4.0
0,0.04016827777226109,2.0
0,0.014314493230355337,3.0
0,0.04745190839195928,5.0
0,0.12274225065782603,5.0
0,0.30902694305648115,2.0
0,0.03554877596950307,1.0
0,0.1553837393327674,6.0
0,0.06899403682053623,4.0
1,0.033781671886150576,1.0
0,0.019810527778679345,6.0
0,0.06490908983531571,2.0
0,0.2970710831305092,1.0
0,0.042658323096478934,2.0
0,0.1452790516177923,1.0
0,0.10932655614827151,6.0
0,0.10903204904941308,1.0
1,0.6183433112951369,2.0
0,0.018592660414658162,1.0
0,0.14299969682088498,6.0
0,0.1480461686138605,5.0
0,0.07383743961796965,7.0
0,0.029385436453121055,6.0
0,0.07744938691658046,1.0
0,0.24813117140154034,7.0
0,0.28098952222815676,4.0
0,0.12433290641077638,3.0
0,0.2873386675498608,4.0
0,0.016917277457235595,3.0
0,0.1398846358194626,2.0
0,0.039197264676970926,1.0
0,0.01695370617044894,6.0
0,0.01997425878810623,3.0
0,0.041350784123875405,4.0
0,0.05350358819850586,6.0
0,0.017728741243998737,3.0
0,0.060576678527323,2.0
0,0.16450570573932913,6.0
0,0.034314695117806264,7.0
0,0.0180369414045984,3.0
0,0.13963392192355462,5.0
0,0.42286785259902004,6.0
0,0.04073826277427613,1.0
0,0.22837044233484893,1.0
0,0.05207531931971904,4.0
0,0.14532963278772765,6.0
1,0.24700046851787882,7.0
0,0.1795090687607621,4.0
0,0.03608637520337329,3.0
0,0.06410680998523943,1.0
0,0.0569191712362018,7.0
1,0.3893492772387825,2.0
1,0.17183316746007643,6.0
1,0.32177617697413174,3.0
0,0.03196651476453751,1.0
0,0.0757339167122174,3.0
0,0.028337416957903247,4.0
0,0.07403187786007775,5.0
0,0.03329363523473403,3.0
0,0.11687105103654717,4.0
0,0.213615463505674,7.0
0,0.11509548951344555,7.0
1,0.03909490928962617,1.0
0,0.0116507944160939,3.0
0,0.02066805174888571,6.0
0,0.11888165440362727,4.0
0,0.08876940282201443,4.0
0,0.11308442172877024,1.0
0,0.08667520074778479,3.0
0,0.24221843436335821,2.0
0,0.07259340376527518,7.0
0,0.06329681937920771,7.0
0,0.044329569504752066,1.0
1,0.40969422045783815,3.0
1,0.6625055975052235,3.0
0,0.38079288025340996,7.0
0,0.06522359701547836,3.0
0,0.05785916823570011,1.0
0,0.05341374027498618,3.0
0,0.04518120342812193,4.0
0,0.07191611927916354,5.0
0,0.13778297430612205,4.0
0,0.06774786808133927,2.0
1,0.28241616728308694,2.0
0,0.049355974716854156,3.0
0,0.17218677810878544,4.0
1,0.06716745114626833,6.0
0,0.04896601557033295,2.0
0,0.043969702132815036,4.0
0,0.04667740251760925,3.0
1,0.17578229762335396,7.0
0,0.045220141669082455,1.0
0,0.01446771571064402,6.0
0,0.06492658619305529,5.0
0,0.050139766032874414,3.0
0,0.021538451294390453,1.0
0,0.24779066342383943,4.0
0,0.035527650928629154,5.0
0,0.07095266450489097,6.0
0,0.0881864099231184,4.0
0,0.10635108098917763,6.0
0,0.05206274499070887,6.0
0,0.025689317569769606,1.0
0,0.10589237403967837,6.0
0,0.03427537604232328,3.0
0,0.06645416414505252,1.0
0,0.0966555720636722,3.0
0,0.06102742923379882,1.0
1,0.6307137631859533,4.0
0,0.0267870115819126,6.0
0,0.049168208404466646,3.0
0,0.07075130539431174,2.0
0,0.034805790476790825,3.0
0,0.0440705358819955,3.0
1,0.24987896931584178,4.0
0,0.02316244648897595,5.0
1,0.4592670134503832,1.0
0,0.0747194862122171,2.0
0,0.04242871928907845,3.0
0,0.02372882453920311,6.0
0,0.16178401519164048,1.0
0,0.022583905749662327,7.0
0,0.07638135253185377,2.0
0,0.08919035888956975,4.0
1,0.7421525541151109,2.0
0,0.03593840932413232,1.0
1,0.06430487934787804,6.0
0,0.05401424958104291,6.0
1,0.5726186018897155,2.0
0,0.13478996197906348,1.0
0,0.042019952809750044,5.0
0,0.03769774439356391,1.0
0,0.15342786485697962,5.0
0,0.04192807507293366,7.0
0,0.0141029823062459,2.0
0,0.4489542175627699,4.0
0,0.03397879222213701,5.0
0,0.10709985540041367,3.0
0,0.07733065975630359,7.0
0,0.1342913293765833,5.0
0,0.028071234639408922,1.0
0,0.2804709477812308,7.0
0,0.04514477024347314,1.0
0,0.012880577197697354,3.0
0,0.03424730045594701,1.0
0,0.04907944227458441,7.0
0,0.07091798204682434,1.0
0,0.018186880883440018,6.0
0,0.29278447093350657,3.0
0,0.05434491832095316,3.0
0,0.033469369275528196,5.0
0,0.04035788315001345,4.0
0,0.025151726093509404,3.0
0,0.061641742799294276,1.0
0,0.16443050491240813,5.0
0,0.1899313745047869,5.0
0,0.07921680519874078,5.0
0,0.03313208276069045,3.0
0,0.06397339439453016,5.0
0,0.7999232167892313,6.0
0,0.2317590507711997,7.0
0,0.08839253636286887,5.0
0,0.05407464141199921,2.0
0,0.011287827703579917,3.0
0,0.06398152001801245,1.0
0,0.034150037173570576,6.0
0,0.052132651797054494,4.0
0,0.07919613082963105,1.0
0,0.18880365349655676,2.0
0,0.017636691237430068,6.0
0,0.06479271365966002,1.0
0,0.10590495638071415,3.0
0,0.02034704671858713,3.0
0,0.03573232897053456,3.0
0,0.13481189424939216,7.0
0,0.12198084003328759,7.0
0,0.30885868199951416,6.0
0,0.20630689378598263,3.0
0,0.258218342894665,2.0
0,0.0635383625229412,3.0
0,0.06068647704668952,6.0
0,0.1265380920714966,1.0
0,0.01258163876410011,5.0
0,0.015210865652435521,3.0
1,0.11436265826650642,7.0
0,0.022071283831709358,6.0
0,0.07535579936653374,1.0
0,0.07900406642302993,4.0
0,0.06683369033834985,4.0
0,0.02329080642823141,2.0
0,0.02748614432939244,4.0
0,0.09796953702004829,7.0
0,0.04083855426759716,5.0
0,0.1171838854552468,4.0
0,0.15250476417054507,6.0
0,0.04596926398619277,2.0
0,0.15993021846045857,2.0
0,0.0138783652777893,2.0
0,0.020964795020738947,2.0
0,0.026280046511980838,1.0
0,0.06450567034767285,5.0
0,0.18184861147729836,5.0
0,0.14472012679655405,4.0
0,0.0500336818915114,6.0
0,0.16763966605727412,5.0
0,0.03226623319783756,2.0
0,0.02339902996546048,4.0
0,0.019714573545922386,5.0
0,0.022321449776847493,1.0
0,0.06440880868853086,3.0
0,0.014207685371228261,3.0
1,0.6949698543336332,3.0
0,0.07352778014618669,5.0
0,0.08254939229179149,7.0
1,0.3174834071382471,3.0
0,0.17914157332817227,4.0
0,0.04776191589921042,6.0
1,0.5101732162739537,6.0
0,0.0779135380230482,2.0
